ID,SKU,name,description,current_price,current_stock,status,creation_date,last_update
10,SKU-00010,TechPro Teclado Modelo 003,"Teclado TechPro, modelo 003, producto para uso general.",302.74,34,1,2026-01-03 09:00:00,2026-01-05 11:00:00
11,SKU-00011,TechPro Monitor Modelo 004,"Monitor TechPro, modelo 004, producto para uso general.",2504.11,51,1,2026-01-04 09:00:00,2026-01-07 12:00:00
12,SKU-00012,TechPro Audífonos Modelo 005,"Audífonos TechPro, modelo 005, producto para uso general.",355.48,68,1,2026-01-05 09:00:00,2026-01-09 13:00:00
13,SKU-00013,TechPro Webcam Modelo 006,"Webcam TechPro, modelo 006, producto para uso general.",506.85,85,1,2026-01-06 09:00:00,2026-01-11 14:00:00
14,SKU-00014,TechPro Memoria USB Modelo 007,"Memoria USB TechPro, modelo 007, producto para uso general.",128.22,102,1,2026-01-07 09:00:00,2026-01-13 15:00:00
15,SKU-00015,TechPro Disco SSD Modelo 008,"Disco SSD TechPro, modelo 008, producto para uso general.",909.59,119,1,2026-01-08 09:00:00,2026-01-15 16:00:00
16,SKU-00016,TechPro Router Modelo 009,"Router TechPro, modelo 009, producto para uso general.",610.96,136,1,2026-01-09 09:00:00,2026-01-17 17:00:00
17,SKU-00017,TechPro Impresora Modelo 010,"Impresora TechPro, modelo 010, producto para uso general.",1812.33,153,1,2026-01-10 09:00:00,2026-01-19 18:00:00
18,SKU-00018,TechPro Bocina Bluetooth Modelo 011,"Bocina Bluetooth TechPro, modelo 011, producto para uso general.",463.70,170,1,2026-01-11 09:00:00,2026-01-21 19:00:00
19,SKU-00019,TechPro Tablet Modelo 012,"Tablet TechPro, modelo 012, producto para uso general.",2515.07,187,1,2026-01-12 09:00:00,2026-01-23 20:00:00
20,SKU-00020,TechPro Cargador Modelo 013,"Cargador TechPro, modelo 013, producto para uso general.",196.44,3,1,2026-01-13 09:00:00,2026-01-25 09:00:00
21,SKU-00021,TechPro Cable USB Modelo 014,"Cable USB TechPro, modelo 014, producto para uso general.",97.81,20,1,2026-01-14 09:00:00,2026-01-27 10:00:00
22,SKU-00022,TechPro Smartwatch Modelo 015,"Smartwatch TechPro, modelo 015, producto para uso general.",719.18,37,1,2026-01-15 09:00:00,2026-01-29 11:00:00
23,SKU-00023,TechPro Teclado mecánico Modelo 016,"Teclado mecánico TechPro, modelo 016, producto para uso general.",720.55,54,1,2026-01-16 09:00:00,2026-01-31 12:00:00
24,SKU-00024,TechPro Silla de oficina Modelo 017,"Silla de oficina TechPro, modelo 017, producto para uso general.",1821.92,71,1,2026-01-17 09:00:00,2026-02-02 13:00:00
25,SKU-00025,TechPro Mochila Modelo 018,"Mochila TechPro, modelo 018, producto para uso general.",473.29,88,1,2026-01-18 09:00:00,2026-02-04 14:00:00
26,SKU-00026,TechPro Cámara Modelo 019,"Cámara TechPro, modelo 019, producto para uso general.",3524.66,105,1,2026-01-19 09:00:00,2026-02-06 15:00:00
27,SKU-00027,TechPro Micrófono Modelo 020,"Micrófono TechPro, modelo 020, producto para uso general.",926.03,122,1,2026-01-20 09:00:00,2026-02-08 16:00:00
28,SKU-00028,Nova Laptop Modelo 021,"Laptop Nova, modelo 021, producto para uso general.",8527.40,139,1,2026-01-21 09:00:00,2026-02-10 17:00:00
29,SKU-00029,Nova Mouse Modelo 022,"Mouse Nova, modelo 022, producto para uso general.",208.77,156,1,2026-01-22 09:00:00,2026-02-12 18:00:00
30,SKU-00030,Nova Teclado Modelo 023,"Teclado Nova, modelo 023, producto para uso general.",330.14,173,1,2026-01-23 09:00:00,2026-02-14 19:00:00
31,SKU-00031,Nova Monitor Modelo 024,"Monitor Nova, modelo 024, producto para uso general.",2531.51,190,1,2026-01-24 09:00:00,2026-02-16 20:00:00
32,SKU-00032,Nova Audífonos Modelo 025,"Audífonos Nova, modelo 025, producto para uso general.",382.88,6,1,2026-01-25 09:00:00,2026-02-18 09:00:00
33,SKU-00033,Nova Webcam Modelo 026,"Webcam Nova, modelo 026, producto para uso general.",534.25,23,1,2026-01-26 09:00:00,2026-02-20 10:00:00
34,SKU-00034,Nova Memoria USB Modelo 027,"Memoria USB Nova, modelo 027, producto para uso general.",155.62,40,1,2026-01-27 09:00:00,2026-02-22 11:00:00
35,SKU-00035,Nova Disco SSD Modelo 028,"Disco SSD Nova, modelo 028, producto para uso general.",936.99,57,1,2026-01-28 09:00:00,2026-02-24 12:00:00
36,SKU-00036,Nova Router Modelo 029,"Router Nova, modelo 029, producto para uso general.",638.36,74,1,2026-01-29 09:00:00,2026-02-26 13:00:00
37,SKU-00037,Nova Impresora Modelo 030,"Impresora Nova, modelo 030, producto para uso general.",1839.73,91,1,2026-01-30 09:00:00,2026-02-28 14:00:00
38,SKU-00038,Nova Bocina Bluetooth Modelo 031,"Bocina Bluetooth Nova, modelo 031, producto para uso general.",491.10,108,1,2026-01-31 09:00:00,2026-01-31 15:00:00
39,SKU-00039,Nova Tablet Modelo 032,"Tablet Nova, modelo 032, producto para uso general.",2542.47,125,1,2026-02-01 09:00:00,2026-02-02 16:00:00
40,SKU-00040,Nova Cargador Modelo 033,"Cargador Nova, modelo 033, producto para uso general.",223.84,142,1,2026-02-02 09:00:00,2026-02-04 17:00:00
41,SKU-00041,Nova Cable USB Modelo 034,"Cable USB Nova, modelo 034, producto para uso general.",125.21,159,1,2026-02-03 09:00:00,2026-02-06 18:00:00
42,SKU-00042,Nova Smartwatch Modelo 035,"Smartwatch Nova, modelo 035, producto para uso general.",746.58,176,1,2026-02-04 09:00:00,2026-02-08 19:00:00
43,SKU-00043,Nova Teclado mecánico Modelo 036,"Teclado mecánico Nova, modelo 036, producto para uso general.",747.95,193,1,2026-02-05 09:00:00,2026-02-10 20:00:00
44,SKU-00044,Nova Silla de oficina Modelo 037,"Silla de oficina Nova, modelo 037, producto para uso general.",1849.32,9,1,2026-02-06 09:00:00,2026-02-12 09:00:00
45,SKU-00045,Nova Mochila Modelo 038,"Mochila Nova, modelo 038, producto para uso general.",500.69,26,1,2026-02-07 09:00:00,2026-02-14 10:00:00
46,SKU-00046,Nova Cámara Modelo 039,"Cámara Nova, modelo 039, producto para uso general.",3552.06,43,1,2026-02-08 09:00:00,2026-02-16 11:00:00
47,SKU-00047,Nova Micrófono Modelo 040,"Micrófono Nova, modelo 040, producto para uso general.",953.43,60,1,2026-02-09 09:00:00,2026-02-18 12:00:00
48,SKU-00048,MaxiTech Laptop Modelo 041,"Laptop MaxiTech, modelo 041, producto para uso general.",8554.80,77,1,2026-02-10 09:00:00,2026-02-20 13:00:00
49,SKU-00049,MaxiTech Mouse Modelo 042,"Mouse MaxiTech, modelo 042, producto para uso general.",236.17,94,1,2026-02-11 09:00:00,2026-02-22 14:00:00
50,SKU-00050,MaxiTech Teclado Modelo 043,"Teclado MaxiTech, modelo 043, producto para uso general.",357.54,111,1,2026-02-12 09:00:00,2026-02-24 15:00:00
51,SKU-00051,MaxiTech Monitor Modelo 044,"Monitor MaxiTech, modelo 044, producto para uso general.",2558.91,128,1,2026-02-13 09:00:00,2026-02-26 16:00:00
52,SKU-00052,MaxiTech Audífonos Modelo 045,"Audífonos MaxiTech, modelo 045, producto para uso general.",410.28,145,1,2026-02-14 09:00:00,2026-02-28 17:00:00
53,SKU-00053,MaxiTech Webcam Modelo 046,"Webcam MaxiTech, modelo 046, producto para uso general.",561.65,162,1,2026-02-15 09:00:00,2026-03-02 18:00:00
54,SKU-00054,MaxiTech Memoria USB Modelo 047,"Memoria USB MaxiTech, modelo 047, producto para uso general.",183.02,179,1,2026-02-16 09:00:00,2026-03-04 19:00:00
55,SKU-00055,MaxiTech Disco SSD Modelo 048,"Disco SSD MaxiTech, modelo 048, producto para uso general.",964.39,196,1,2026-02-17 09:00:00,2026-03-06 20:00:00
56,SKU-00056,MaxiTech Router Modelo 049,"Router MaxiTech, modelo 049, producto para uso general.",665.76,12,1,2026-02-18 09:00:00,2026-03-08 09:00:00
57,SKU-00057,MaxiTech Impresora Modelo 050,"Impresora MaxiTech, modelo 050, producto para uso general.",1867.13,29,1,2026-02-19 09:00:00,2026-03-10 10:00:00
58,SKU-00058,MaxiTech Bocina Bluetooth Modelo 051,"Bocina Bluetooth MaxiTech, modelo 051, producto para uso general.",518.50,46,1,2026-02-20 09:00:00,2026-03-12 11:00:00
59,SKU-00059,MaxiTech Tablet Modelo 052,"Tablet MaxiTech, modelo 052, producto para uso general.",2569.87,63,1,2026-02-21 09:00:00,2026-03-14 12:00:00
60,SKU-00060,MaxiTech Cargador Modelo 053,"Cargador MaxiTech, modelo 053, producto para uso general.",251.24,80,1,2026-02-22 09:00:00,2026-03-16 13:00:00
61,SKU-00061,MaxiTech Cable USB Modelo 054,"Cable USB MaxiTech, modelo 054, producto para uso general.",152.61,97,1,2026-02-23 09:00:00,2026-03-18 14:00:00
62,SKU-00062,MaxiTech Smartwatch Modelo 055,"Smartwatch MaxiTech, modelo 055, producto para uso general.",773.98,114,1,2026-02-24 09:00:00,2026-03-20 15:00:00
63,SKU-00063,MaxiTech Teclado mecánico Modelo 056,"Teclado mecánico MaxiTech, modelo 056, producto para uso general.",775.35,131,1,2026-02-25 09:00:00,2026-03-22 16:00:00
64,SKU-00064,MaxiTech Silla de oficina Modelo 057,"Silla de oficina MaxiTech, modelo 057, producto para uso general.",1876.72,148,1,2026-02-26 09:00:00,2026-03-24 17:00:00
65,SKU-00065,MaxiTech Mochila Modelo 058,"Mochila MaxiTech, modelo 058, producto para uso general.",528.09,165,1,2026-02-27 09:00:00,2026-03-26 18:00:00
66,SKU-00066,MaxiTech Cámara Modelo 059,"Cámara MaxiTech, modelo 059, producto para uso general.",3579.46,182,1,2026-02-28 09:00:00,2026-03-28 19:00:00
67,SKU-00067,MaxiTech Micrófono Modelo 060,"Micrófono MaxiTech, modelo 060, producto para uso general.",980.83,199,1,2026-03-01 09:00:00,2026-03-30 20:00:00
68,SKU-00068,DigitalX Laptop Modelo 061,"Laptop DigitalX, modelo 061, producto para uso general.",8582.20,15,1,2026-03-02 09:00:00,2026-03-02 09:00:00
69,SKU-00069,DigitalX Mouse Modelo 062,"Mouse DigitalX, modelo 062, producto para uso general.",263.57,32,1,2026-03-03 09:00:00,2026-03-04 10:00:00
70,SKU-00070,DigitalX Teclado Modelo 063,"Teclado DigitalX, modelo 063, producto para uso general.",384.94,49,1,2026-03-04 09:00:00,2026-03-06 11:00:00
71,SKU-00071,DigitalX Monitor Modelo 064,"Monitor DigitalX, modelo 064, producto para uso general.",2586.31,66,1,2026-03-05 09:00:00,2026-03-08 12:00:00
72,SKU-00072,DigitalX Audífonos Modelo 065,"Audífonos DigitalX, modelo 065, producto para uso general.",437.68,83,1,2026-03-06 09:00:00,2026-03-10 13:00:00
73,SKU-00073,DigitalX Webcam Modelo 066,"Webcam DigitalX, modelo 066, producto para uso general.",589.05,100,1,2026-03-07 09:00:00,2026-03-12 14:00:00
74,SKU-00074,DigitalX Memoria USB Modelo 067,"Memoria USB DigitalX, modelo 067, producto para uso general.",210.42,117,1,2026-03-08 09:00:00,2026-03-14 15:00:00
75,SKU-00075,DigitalX Disco SSD Modelo 068,"Disco SSD DigitalX, modelo 068, producto para uso general.",991.79,134,1,2026-03-09 09:00:00,2026-03-16 16:00:00
76,SKU-00076,DigitalX Router Modelo 069,"Router DigitalX, modelo 069, producto para uso general.",693.16,151,1,2026-03-10 09:00:00,2026-03-18 17:00:00
77,SKU-00077,DigitalX Impresora Modelo 070,"Impresora DigitalX, modelo 070, producto para uso general.",1894.53,168,1,2026-03-11 09:00:00,2026-03-20 18:00:00
78,SKU-00078,DigitalX Bocina Bluetooth Modelo 071,"Bocina Bluetooth DigitalX, modelo 071, producto para uso general.",545.90,185,1,2026-03-12 09:00:00,2026-03-22 19:00:00
79,SKU-00079,DigitalX Tablet Modelo 072,"Tablet DigitalX, modelo 072, producto para uso general.",2597.27,1,1,2026-03-13 09:00:00,2026-03-24 20:00:00
80,SKU-00080,DigitalX Cargador Modelo 073,"Cargador DigitalX, modelo 073, producto para uso general.",278.64,18,1,2026-03-14 09:00:00,2026-03-26 09:00:00
81,SKU-00081,DigitalX Cable USB Modelo 074,"Cable USB DigitalX, modelo 074, producto para uso general.",180.01,35,1,2026-03-15 09:00:00,2026-03-28 10:00:00
82,SKU-00082,DigitalX Smartwatch Modelo 075,"Smartwatch DigitalX, modelo 075, producto para uso general.",801.38,52,1,2026-03-16 09:00:00,2026-03-30 11:00:00
83,SKU-00083,DigitalX Teclado mecánico Modelo 076,"Teclado mecánico DigitalX, modelo 076, producto para uso general.",802.75,69,1,2026-03-17 09:00:00,2026-04-01 12:00:00
84,SKU-00084,DigitalX Silla de oficina Modelo 077,"Silla de oficina DigitalX, modelo 077, producto para uso general.",1904.12,86,1,2026-03-18 09:00:00,2026-04-03 13:00:00
85,SKU-00085,DigitalX Mochila Modelo 078,"Mochila DigitalX, modelo 078, producto para uso general.",555.49,103,1,2026-03-19 09:00:00,2026-04-05 14:00:00
86,SKU-00086,DigitalX Cámara Modelo 079,"Cámara DigitalX, modelo 079, producto para uso general.",3606.86,120,1,2026-03-20 09:00:00,2026-04-07 15:00:00
87,SKU-00087,DigitalX Micrófono Modelo 080,"Micrófono DigitalX, modelo 080, producto para uso general.",1008.23,137,1,2026-03-21 09:00:00,2026-04-09 16:00:00
88,SKU-00088,SmartOne Laptop Modelo 081,"Laptop SmartOne, modelo 081, producto para uso general.",8609.60,154,1,2026-03-22 09:00:00,2026-04-11 17:00:00
89,SKU-00089,SmartOne Mouse Modelo 082,"Mouse SmartOne, modelo 082, producto para uso general.",290.97,171,1,2026-03-23 09:00:00,2026-04-13 18:00:00
90,SKU-00090,SmartOne Teclado Modelo 083,"Teclado SmartOne, modelo 083, producto para uso general.",412.34,188,1,2026-03-24 09:00:00,2026-04-15 19:00:00
91,SKU-00091,SmartOne Monitor Modelo 084,"Monitor SmartOne, modelo 084, producto para uso general.",2613.71,4,1,2026-03-25 09:00:00,2026-04-17 20:00:00
92,SKU-00092,SmartOne Audífonos Modelo 085,"Audífonos SmartOne, modelo 085, producto para uso general.",465.08,21,1,2026-03-26 09:00:00,2026-04-19 09:00:00
93,SKU-00093,SmartOne Webcam Modelo 086,"Webcam SmartOne, modelo 086, producto para uso general.",616.45,38,1,2026-03-27 09:00:00,2026-04-21 10:00:00
94,SKU-00094,SmartOne Memoria USB Modelo 087,"Memoria USB SmartOne, modelo 087, producto para uso general.",237.82,55,1,2026-03-28 09:00:00,2026-04-23 11:00:00
95,SKU-00095,SmartOne Disco SSD Modelo 088,"Disco SSD SmartOne, modelo 088, producto para uso general.",1019.19,72,1,2026-03-29 09:00:00,2026-04-25 12:00:00
96,SKU-00096,SmartOne Router Modelo 089,"Router SmartOne, modelo 089, producto para uso general.",720.56,89,1,2026-03-30 09:00:00,2026-04-27 13:00:00
97,SKU-00097,SmartOne Impresora Modelo 090,"Impresora SmartOne, modelo 090, producto para uso general.",1921.93,106,1,2026-03-31 09:00:00,2026-04-29 14:00:00
98,SKU-00098,SmartOne Bocina Bluetooth Modelo 091,"Bocina Bluetooth SmartOne, modelo 091, producto para uso general.",573.30,123,1,2026-04-01 09:00:00,2026-04-01 15:00:00
99,SKU-00099,SmartOne Tablet Modelo 092,"Tablet SmartOne, modelo 092, producto para uso general.",2624.67,140,1,2026-04-02 09:00:00,2026-04-03 16:00:00
100,SKU-00100,SmartOne Cargador Modelo 093,"Cargador SmartOne, modelo 093, producto para uso general.",306.04,157,1,2026-04-03 09:00:00,2026-04-05 17:00:00
101,SKU-00101,SmartOne Cable USB Modelo 094,"Cable USB SmartOne, modelo 094, producto para uso general.",207.41,174,1,2026-04-04 09:00:00,2026-04-07 18:00:00
102,SKU-00102,SmartOne Smartwatch Modelo 095,"Smartwatch SmartOne, modelo 095, producto para uso general.",828.78,191,1,2026-04-05 09:00:00,2026-04-09 19:00:00
103,SKU-00103,SmartOne Teclado mecánico Modelo 096,"Teclado mecánico SmartOne, modelo 096, producto para uso general.",830.15,7,1,2026-04-06 09:00:00,2026-04-11 20:00:00
104,SKU-00104,SmartOne Silla de oficina Modelo 097,"Silla de oficina SmartOne, modelo 097, producto para uso general.",1931.52,24,1,2026-04-07 09:00:00,2026-04-13 09:00:00
105,SKU-00105,SmartOne Mochila Modelo 098,"Mochila SmartOne, modelo 098, producto para uso general.",582.89,41,1,2026-04-08 09:00:00,2026-04-15 10:00:00
106,SKU-00106,SmartOne Cámara Modelo 099,"Cámara SmartOne, modelo 099, producto para uso general.",3634.26,58,1,2026-04-09 09:00:00,2026-04-17 11:00:00
107,SKU-00107,SmartOne Micrófono Modelo 100,"Micrófono SmartOne, modelo 100, producto para uso general.",1035.63,75,1,2026-04-10 09:00:00,2026-04-19 12:00:00
108,SKU-00108,ProLine Laptop Modelo 101,"Laptop ProLine, modelo 101, producto para uso general.",8637.00,92,1,2026-04-11 09:00:00,2026-04-21 13:00:00
109,SKU-00109,ProLine Mouse Modelo 102,"Mouse ProLine, modelo 102, producto para uso general.",318.37,109,1,2026-04-12 09:00:00,2026-04-23 14:00:00
110,SKU-00110,ProLine Teclado Modelo 103,"Teclado ProLine, modelo 103, producto para uso general.",439.74,126,1,2026-04-13 09:00:00,2026-04-25 15:00:00
111,SKU-00111,ProLine Monitor Modelo 104,"Monitor ProLine, modelo 104, producto para uso general.",2641.11,143,1,2026-04-14 09:00:00,2026-04-27 16:00:00
112,SKU-00112,ProLine Audífonos Modelo 105,"Audífonos ProLine, modelo 105, producto para uso general.",492.48,160,1,2026-04-15 09:00:00,2026-04-29 17:00:00
113,SKU-00113,ProLine Webcam Modelo 106,"Webcam ProLine, modelo 106, producto para uso general.",643.85,177,1,2026-04-16 09:00:00,2026-05-01 18:00:00
114,SKU-00114,ProLine Memoria USB Modelo 107,"Memoria USB ProLine, modelo 107, producto para uso general.",265.22,194,1,2026-04-17 09:00:00,2026-05-03 19:00:00
115,SKU-00115,ProLine Disco SSD Modelo 108,"Disco SSD ProLine, modelo 108, producto para uso general.",1046.59,10,1,2026-04-18 09:00:00,2026-05-05 20:00:00
116,SKU-00116,ProLine Router Modelo 109,"Router ProLine, modelo 109, producto para uso general.",747.96,27,1,2026-04-19 09:00:00,2026-05-07 09:00:00
117,SKU-00117,ProLine Impresora Modelo 110,"Impresora ProLine, modelo 110, producto para uso general.",1949.33,44,1,2026-04-20 09:00:00,2026-05-09 10:00:00
118,SKU-00118,ProLine Bocina Bluetooth Modelo 111,"Bocina Bluetooth ProLine, modelo 111, producto para uso general.",600.70,61,1,2026-04-21 09:00:00,2026-05-11 11:00:00
119,SKU-00119,ProLine Tablet Modelo 112,"Tablet ProLine, modelo 112, producto para uso general.",2652.07,78,1,2026-04-22 09:00:00,2026-05-13 12:00:00
120,SKU-00120,ProLine Cargador Modelo 113,"Cargador ProLine, modelo 113, producto para uso general.",333.44,95,1,2026-04-23 09:00:00,2026-05-15 13:00:00
121,SKU-00121,ProLine Cable USB Modelo 114,"Cable USB ProLine, modelo 114, producto para uso general.",234.81,112,1,2026-04-24 09:00:00,2026-05-17 14:00:00
122,SKU-00122,ProLine Smartwatch Modelo 115,"Smartwatch ProLine, modelo 115, producto para uso general.",856.18,129,1,2026-04-25 09:00:00,2026-05-19 15:00:00
123,SKU-00123,ProLine Teclado mecánico Modelo 116,"Teclado mecánico ProLine, modelo 116, producto para uso general.",857.55,146,1,2026-04-26 09:00:00,2026-05-21 16:00:00
124,SKU-00124,ProLine Silla de oficina Modelo 117,"Silla de oficina ProLine, modelo 117, producto para uso general.",1958.92,163,1,2026-04-27 09:00:00,2026-05-23 17:00:00
125,SKU-00125,ProLine Mochila Modelo 118,"Mochila ProLine, modelo 118, producto para uso general.",610.29,180,1,2026-04-28 09:00:00,2026-05-25 18:00:00
126,SKU-00126,ProLine Cámara Modelo 119,"Cámara ProLine, modelo 119, producto para uso general.",3661.66,197,1,2026-04-29 09:00:00,2026-05-27 19:00:00
127,SKU-00127,ProLine Micrófono Modelo 120,"Micrófono ProLine, modelo 120, producto para uso general.",1063.03,13,1,2026-04-30 09:00:00,2026-05-29 20:00:00
128,SKU-00128,Ultra Laptop Modelo 121,"Laptop Ultra, modelo 121, producto para uso general.",8664.40,30,1,2026-05-01 09:00:00,2026-05-01 09:00:00
129,SKU-00129,Ultra Mouse Modelo 122,"Mouse Ultra, modelo 122, producto para uso general.",345.77,47,1,2026-05-02 09:00:00,2026-05-03 10:00:00
130,SKU-00130,Ultra Teclado Modelo 123,"Teclado Ultra, modelo 123, producto para uso general.",467.14,64,1,2026-05-03 09:00:00,2026-05-05 11:00:00
131,SKU-00131,Ultra Monitor Modelo 124,"Monitor Ultra, modelo 124, producto para uso general.",2668.51,81,1,2026-05-04 09:00:00,2026-05-07 12:00:00
132,SKU-00132,Ultra Audífonos Modelo 125,"Audífonos Ultra, modelo 125, producto para uso general.",519.88,98,1,2026-05-05 09:00:00,2026-05-09 13:00:00
133,SKU-00133,Ultra Webcam Modelo 126,"Webcam Ultra, modelo 126, producto para uso general.",671.25,115,1,2026-05-06 09:00:00,2026-05-11 14:00:00
134,SKU-00134,Ultra Memoria USB Modelo 127,"Memoria USB Ultra, modelo 127, producto para uso general.",292.62,132,1,2026-05-07 09:00:00,2026-05-13 15:00:00
135,SKU-00135,Ultra Disco SSD Modelo 128,"Disco SSD Ultra, modelo 128, producto para uso general.",1073.99,149,1,2026-05-08 09:00:00,2026-05-15 16:00:00
136,SKU-00136,Ultra Router Modelo 129,"Router Ultra, modelo 129, producto para uso general.",775.36,166,1,2026-05-09 09:00:00,2026-05-17 17:00:00
137,SKU-00137,Ultra Impresora Modelo 130,"Impresora Ultra, modelo 130, producto para uso general.",1976.73,183,1,2026-05-10 09:00:00,2026-05-19 18:00:00
138,SKU-00138,Ultra Bocina Bluetooth Modelo 131,"Bocina Bluetooth Ultra, modelo 131, producto para uso general.",628.10,200,1,2026-05-11 09:00:00,2026-05-21 19:00:00
139,SKU-00139,Ultra Tablet Modelo 132,"Tablet Ultra, modelo 132, producto para uso general.",2679.47,16,1,2026-05-12 09:00:00,2026-05-23 20:00:00
140,SKU-00140,Ultra Cargador Modelo 133,"Cargador Ultra, modelo 133, producto para uso general.",360.84,33,1,2026-05-13 09:00:00,2026-05-25 09:00:00
141,SKU-00141,Ultra Cable USB Modelo 134,"Cable USB Ultra, modelo 134, producto para uso general.",262.21,50,1,2026-05-14 09:00:00,2026-05-27 10:00:00
142,SKU-00142,Ultra Smartwatch Modelo 135,"Smartwatch Ultra, modelo 135, producto para uso general.",883.58,67,1,2026-05-15 09:00:00,2026-05-29 11:00:00
143,SKU-00143,Ultra Teclado mecánico Modelo 136,"Teclado mecánico Ultra, modelo 136, producto para uso general.",884.95,84,1,2026-05-16 09:00:00,2026-05-31 12:00:00
144,SKU-00144,Ultra Silla de oficina Modelo 137,"Silla de oficina Ultra, modelo 137, producto para uso general.",1986.32,101,1,2026-05-17 09:00:00,2026-06-02 13:00:00
145,SKU-00145,Ultra Mochila Modelo 138,"Mochila Ultra, modelo 138, producto para uso general.",637.69,118,1,2026-05-18 09:00:00,2026-06-04 14:00:00
146,SKU-00146,Ultra Cámara Modelo 139,"Cámara Ultra, modelo 139, producto para uso general.",3689.06,135,1,2026-05-19 09:00:00,2026-06-06 15:00:00
147,SKU-00147,Ultra Micrófono Modelo 140,"Micrófono Ultra, modelo 140, producto para uso general.",1090.43,152,1,2026-05-20 09:00:00,2026-06-08 16:00:00
148,SKU-00148,Vision Laptop Modelo 141,"Laptop Vision, modelo 141, producto para uso general.",8691.80,169,1,2026-05-21 09:00:00,2026-06-10 17:00:00
149,SKU-00149,Vision Mouse Modelo 142,"Mouse Vision, modelo 142, producto para uso general.",373.17,186,1,2026-05-22 09:00:00,2026-06-12 18:00:00
150,SKU-00150,Vision Teclado Modelo 143,"Teclado Vision, modelo 143, producto para uso general.",494.54,2,1,2026-05-23 09:00:00,2026-06-14 19:00:00
151,SKU-00151,Vision Monitor Modelo 144,"Monitor Vision, modelo 144, producto para uso general.",2695.91,19,1,2026-05-24 09:00:00,2026-06-16 20:00:00
152,SKU-00152,Vision Audífonos Modelo 145,"Audífonos Vision, modelo 145, producto para uso general.",547.28,36,1,2026-05-25 09:00:00,2026-06-18 09:00:00
153,SKU-00153,Vision Webcam Modelo 146,"Webcam Vision, modelo 146, producto para uso general.",698.65,53,1,2026-05-26 09:00:00,2026-06-20 10:00:00
154,SKU-00154,Vision Memoria USB Modelo 147,"Memoria USB Vision, modelo 147, producto para uso general.",320.02,70,1,2026-05-27 09:00:00,2026-06-22 11:00:00
155,SKU-00155,Vision Disco SSD Modelo 148,"Disco SSD Vision, modelo 148, producto para uso general.",1101.39,87,1,2026-05-28 09:00:00,2026-06-24 12:00:00
156,SKU-00156,Vision Router Modelo 149,"Router Vision, modelo 149, producto para uso general.",802.76,104,1,2026-05-29 09:00:00,2026-06-26 13:00:00
157,SKU-00157,Vision Impresora Modelo 150,"Impresora Vision, modelo 150, producto para uso general.",2004.13,121,1,2026-05-30 09:00:00,2026-06-28 14:00:00
158,SKU-00158,Vision Bocina Bluetooth Modelo 151,"Bocina Bluetooth Vision, modelo 151, producto para uso general.",655.50,138,1,2026-05-31 09:00:00,2026-05-31 15:00:00
159,SKU-00159,Vision Tablet Modelo 152,"Tablet Vision, modelo 152, producto para uso general.",2706.87,155,1,2026-06-01 09:00:00,2026-06-02 16:00:00
160,SKU-00160,Vision Cargador Modelo 153,"Cargador Vision, modelo 153, producto para uso general.",388.24,172,1,2026-06-02 09:00:00,2026-06-04 17:00:00
161,SKU-00161,Vision Cable USB Modelo 154,"Cable USB Vision, modelo 154, producto para uso general.",289.61,189,1,2026-06-03 09:00:00,2026-06-06 18:00:00
162,SKU-00162,Vision Smartwatch Modelo 155,"Smartwatch Vision, modelo 155, producto para uso general.",910.98,5,1,2026-06-04 09:00:00,2026-06-08 19:00:00
163,SKU-00163,Vision Teclado mecánico Modelo 156,"Teclado mecánico Vision, modelo 156, producto para uso general.",912.35,22,1,2026-06-05 09:00:00,2026-06-10 20:00:00
164,SKU-00164,Vision Silla de oficina Modelo 157,"Silla de oficina Vision, modelo 157, producto para uso general.",2013.72,39,1,2026-06-06 09:00:00,2026-06-12 09:00:00
165,SKU-00165,Vision Mochila Modelo 158,"Mochila Vision, modelo 158, producto para uso general.",665.09,56,1,2026-06-07 09:00:00,2026-06-14 10:00:00
166,SKU-00166,Vision Cámara Modelo 159,"Cámara Vision, modelo 159, producto para uso general.",3716.46,73,1,2026-06-08 09:00:00,2026-06-16 11:00:00
167,SKU-00167,Vision Micrófono Modelo 160,"Micrófono Vision, modelo 160, producto para uso general.",1117.83,90,1,2026-06-09 09:00:00,2026-06-18 12:00:00
168,SKU-00168,Connect Laptop Modelo 161,"Laptop Connect, modelo 161, producto para uso general.",8719.20,107,1,2026-06-10 09:00:00,2026-06-20 13:00:00
169,SKU-00169,Connect Mouse Modelo 162,"Mouse Connect, modelo 162, producto para uso general.",400.57,124,1,2026-06-11 09:00:00,2026-06-22 14:00:00
170,SKU-00170,Connect Teclado Modelo 163,"Teclado Connect, modelo 163, producto para uso general.",521.94,141,1,2026-06-12 09:00:00,2026-06-24 15:00:00
171,SKU-00171,Connect Monitor Modelo 164,"Monitor Connect, modelo 164, producto para uso general.",2723.31,158,1,2026-06-13 09:00:00,2026-06-26 16:00:00
172,SKU-00172,Connect Audífonos Modelo 165,"Audífonos Connect, modelo 165, producto para uso general.",574.68,175,1,2026-06-14 09:00:00,2026-06-28 17:00:00
173,SKU-00173,Connect Webcam Modelo 166,"Webcam Connect, modelo 166, producto para uso general.",726.05,192,1,2026-06-15 09:00:00,2026-06-30 18:00:00
174,SKU-00174,Connect Memoria USB Modelo 167,"Memoria USB Connect, modelo 167, producto para uso general.",347.42,8,1,2026-06-16 09:00:00,2026-07-02 19:00:00
175,SKU-00175,Connect Disco SSD Modelo 168,"Disco SSD Connect, modelo 168, producto para uso general.",1128.79,25,1,2026-06-17 09:00:00,2026-07-04 20:00:00
176,SKU-00176,Connect Router Modelo 169,"Router Connect, modelo 169, producto para uso general.",830.16,42,1,2026-06-18 09:00:00,2026-07-06 09:00:00
177,SKU-00177,Connect Impresora Modelo 170,"Impresora Connect, modelo 170, producto para uso general.",2031.53,59,1,2026-06-19 09:00:00,2026-07-08 10:00:00
178,SKU-00178,Connect Bocina Bluetooth Modelo 171,"Bocina Bluetooth Connect, modelo 171, producto para uso general.",682.90,76,1,2026-06-20 09:00:00,2026-07-10 11:00:00
179,SKU-00179,Connect Tablet Modelo 172,"Tablet Connect, modelo 172, producto para uso general.",2734.27,93,1,2026-06-21 09:00:00,2026-07-12 12:00:00
180,SKU-00180,Connect Cargador Modelo 173,"Cargador Connect, modelo 173, producto para uso general.",415.64,110,1,2026-06-22 09:00:00,2026-07-14 13:00:00
181,SKU-00181,Connect Cable USB Modelo 174,"Cable USB Connect, modelo 174, producto para uso general.",317.01,127,1,2026-06-23 09:00:00,2026-07-16 14:00:00
182,SKU-00182,Connect Smartwatch Modelo 175,"Smartwatch Connect, modelo 175, producto para uso general.",938.38,144,1,2026-06-24 09:00:00,2026-07-18 15:00:00
183,SKU-00183,Connect Teclado mecánico Modelo 176,"Teclado mecánico Connect, modelo 176, producto para uso general.",939.75,161,1,2026-06-25 09:00:00,2026-07-20 16:00:00
184,SKU-00184,Connect Silla de oficina Modelo 177,"Silla de oficina Connect, modelo 177, producto para uso general.",2041.12,178,1,2026-06-26 09:00:00,2026-07-22 17:00:00
185,SKU-00185,Connect Mochila Modelo 178,"Mochila Connect, modelo 178, producto para uso general.",692.49,195,1,2026-06-27 09:00:00,2026-07-24 18:00:00
186,SKU-00186,Connect Cámara Modelo 179,"Cámara Connect, modelo 179, producto para uso general.",3743.86,11,1,2026-06-28 09:00:00,2026-07-26 19:00:00
187,SKU-00187,Connect Micrófono Modelo 180,"Micrófono Connect, modelo 180, producto para uso general.",1145.23,28,1,2026-06-29 09:00:00,2026-07-28 20:00:00
188,SKU-00188,Advance Laptop Modelo 181,"Laptop Advance, modelo 181, producto para uso general.",8746.60,45,1,2026-06-30 09:00:00,2026-06-30 09:00:00
189,SKU-00189,Advance Mouse Modelo 182,"Mouse Advance, modelo 182, producto para uso general.",427.97,62,1,2026-07-01 09:00:00,2026-07-02 10:00:00
190,SKU-00190,Advance Teclado Modelo 183,"Teclado Advance, modelo 183, producto para uso general.",549.34,79,1,2026-07-02 09:00:00,2026-07-04 11:00:00
191,SKU-00191,Advance Monitor Modelo 184,"Monitor Advance, modelo 184, producto para uso general.",2750.71,96,1,2026-07-03 09:00:00,2026-07-06 12:00:00
192,SKU-00192,Advance Audífonos Modelo 185,"Audífonos Advance, modelo 185, producto para uso general.",602.08,113,1,2026-07-04 09:00:00,2026-07-08 13:00:00
193,SKU-00193,Advance Webcam Modelo 186,"Webcam Advance, modelo 186, producto para uso general.",753.45,130,1,2026-07-05 09:00:00,2026-07-10 14:00:00
194,SKU-00194,Advance Memoria USB Modelo 187,"Memoria USB Advance, modelo 187, producto para uso general.",374.82,147,1,2026-07-06 09:00:00,2026-07-12 15:00:00
195,SKU-00195,Advance Disco SSD Modelo 188,"Disco SSD Advance, modelo 188, producto para uso general.",1156.19,164,1,2026-07-07 09:00:00,2026-07-14 16:00:00
196,SKU-00196,Advance Router Modelo 189,"Router Advance, modelo 189, producto para uso general.",857.56,181,1,2026-07-08 09:00:00,2026-07-16 17:00:00
197,SKU-00197,Advance Impresora Modelo 190,"Impresora Advance, modelo 190, producto para uso general.",2058.93,198,1,2026-07-09 09:00:00,2026-07-18 18:00:00
198,SKU-00198,Advance Bocina Bluetooth Modelo 191,"Bocina Bluetooth Advance, modelo 191, producto para uso general.",710.30,14,1,2026-07-10 09:00:00,2026-07-20 19:00:00
199,SKU-00199,Advance Tablet Modelo 192,"Tablet Advance, modelo 192, producto para uso general.",2761.67,31,1,2026-07-11 09:00:00,2026-07-22 20:00:00
200,SKU-00200,Advance Cargador Modelo 193,"Cargador Advance, modelo 193, producto para uso general.",443.04,48,1,2026-07-12 09:00:00,2026-07-24 09:00:00
201,SKU-00201,Advance Cable USB Modelo 194,"Cable USB Advance, modelo 194, producto para uso general.",344.41,65,1,2026-07-13 09:00:00,2026-07-26 10:00:00
202,SKU-00202,Advance Smartwatch Modelo 195,"Smartwatch Advance, modelo 195, producto para uso general.",965.78,82,1,2026-07-14 09:00:00,2026-07-28 11:00:00
203,SKU-00203,Advance Teclado mecánico Modelo 196,"Teclado mecánico Advance, modelo 196, producto para uso general.",967.15,99,1,2026-07-15 09:00:00,2026-07-30 12:00:00
204,SKU-00204,Advance Silla de oficina Modelo 197,"Silla de oficina Advance, modelo 197, producto para uso general.",2068.52,116,1,2026-07-16 09:00:00,2026-08-01 13:00:00
205,SKU-00205,Advance Mochila Modelo 198,"Mochila Advance, modelo 198, producto para uso general.",719.89,133,1,2026-07-17 09:00:00,2026-08-03 14:00:00
206,SKU-00206,Advance Cámara Modelo 199,"Cámara Advance, modelo 199, producto para uso general.",3771.26,150,1,2026-07-18 09:00:00,2026-08-05 15:00:00
207,SKU-00207,Advance Micrófono Modelo 200,"Micrófono Advance, modelo 200, producto para uso general.",1172.63,167,1,2026-07-19 09:00:00,2026-08-07 16:00:00
208,SKU-00208,TechPro Laptop Modelo 201,"Laptop TechPro, modelo 201, producto para uso general.",8774.00,184,1,2026-07-20 09:00:00,2026-08-09 17:00:00
209,SKU-00209,TechPro Mouse Modelo 202,"Mouse TechPro, modelo 202, producto para uso general.",455.37,0,0,2026-07-21 09:00:00,2026-08-11 18:00:00
210,SKU-00210,TechPro Teclado Modelo 203,"Teclado TechPro, modelo 203, producto para uso general.",576.74,17,1,2026-07-22 09:00:00,2026-08-13 19:00:00
211,SKU-00211,TechPro Monitor Modelo 204,"Monitor TechPro, modelo 204, producto para uso general.",2778.11,34,1,2026-07-23 09:00:00,2026-08-15 20:00:00
212,SKU-00212,TechPro Audífonos Modelo 205,"Audífonos TechPro, modelo 205, producto para uso general.",629.48,51,1,2026-07-24 09:00:00,2026-08-17 09:00:00
213,SKU-00213,TechPro Webcam Modelo 206,"Webcam TechPro, modelo 206, producto para uso general.",780.85,68,1,2026-07-25 09:00:00,2026-08-19 10:00:00
214,SKU-00214,TechPro Memoria USB Modelo 207,"Memoria USB TechPro, modelo 207, producto para uso general.",402.22,85,1,2026-07-26 09:00:00,2026-08-21 11:00:00
215,SKU-00215,TechPro Disco SSD Modelo 208,"Disco SSD TechPro, modelo 208, producto para uso general.",1183.59,102,1,2026-07-27 09:00:00,2026-08-23 12:00:00
216,SKU-00216,TechPro Router Modelo 209,"Router TechPro, modelo 209, producto para uso general.",884.96,119,1,2026-07-28 09:00:00,2026-08-25 13:00:00
217,SKU-00217,TechPro Impresora Modelo 210,"Impresora TechPro, modelo 210, producto para uso general.",2086.33,136,1,2026-07-29 09:00:00,2026-08-27 14:00:00
218,SKU-00218,TechPro Bocina Bluetooth Modelo 211,"Bocina Bluetooth TechPro, modelo 211, producto para uso general.",737.70,153,1,2026-07-30 09:00:00,2026-07-30 15:00:00
219,SKU-00219,TechPro Tablet Modelo 212,"Tablet TechPro, modelo 212, producto para uso general.",2789.07,170,1,2026-07-31 09:00:00,2026-08-01 16:00:00
220,SKU-00220,TechPro Cargador Modelo 213,"Cargador TechPro, modelo 213, producto para uso general.",470.44,187,1,2026-08-01 09:00:00,2026-08-03 17:00:00
221,SKU-00221,TechPro Cable USB Modelo 214,"Cable USB TechPro, modelo 214, producto para uso general.",371.81,3,1,2026-08-02 09:00:00,2026-08-05 18:00:00
222,SKU-00222,TechPro Smartwatch Modelo 215,"Smartwatch TechPro, modelo 215, producto para uso general.",993.18,20,1,2026-08-03 09:00:00,2026-08-07 19:00:00
223,SKU-00223,TechPro Teclado mecánico Modelo 216,"Teclado mecánico TechPro, modelo 216, producto para uso general.",994.55,37,1,2026-08-04 09:00:00,2026-08-09 20:00:00
224,SKU-00224,TechPro Silla de oficina Modelo 217,"Silla de oficina TechPro, modelo 217, producto para uso general.",2095.92,54,1,2026-08-05 09:00:00,2026-08-11 09:00:00
225,SKU-00225,TechPro Mochila Modelo 218,"Mochila TechPro, modelo 218, producto para uso general.",747.29,71,1,2026-08-06 09:00:00,2026-08-13 10:00:00
226,SKU-00226,TechPro Cámara Modelo 219,"Cámara TechPro, modelo 219, producto para uso general.",3798.66,88,1,2026-08-07 09:00:00,2026-08-15 11:00:00
227,SKU-00227,TechPro Micrófono Modelo 220,"Micrófono TechPro, modelo 220, producto para uso general.",1200.03,105,1,2026-08-08 09:00:00,2026-08-17 12:00:00
228,SKU-00228,Nova Laptop Modelo 221,"Laptop Nova, modelo 221, producto para uso general.",8801.40,122,1,2026-08-09 09:00:00,2026-08-19 13:00:00
229,SKU-00229,Nova Mouse Modelo 222,"Mouse Nova, modelo 222, producto para uso general.",482.77,139,1,2026-08-10 09:00:00,2026-08-21 14:00:00
230,SKU-00230,Nova Teclado Modelo 223,"Teclado Nova, modelo 223, producto para uso general.",604.14,156,1,2026-08-11 09:00:00,2026-08-23 15:00:00
231,SKU-00231,Nova Monitor Modelo 224,"Monitor Nova, modelo 224, producto para uso general.",2805.51,173,1,2026-08-12 09:00:00,2026-08-25 16:00:00
232,SKU-00232,Nova Audífonos Modelo 225,"Audífonos Nova, modelo 225, producto para uso general.",656.88,190,1,2026-08-13 09:00:00,2026-08-27 17:00:00
233,SKU-00233,Nova Webcam Modelo 226,"Webcam Nova, modelo 226, producto para uso general.",808.25,6,1,2026-08-14 09:00:00,2026-08-29 18:00:00
234,SKU-00234,Nova Memoria USB Modelo 227,"Memoria USB Nova, modelo 227, producto para uso general.",429.62,23,1,2026-08-15 09:00:00,2026-08-31 19:00:00
235,SKU-00235,Nova Disco SSD Modelo 228,"Disco SSD Nova, modelo 228, producto para uso general.",1210.99,40,1,2026-08-16 09:00:00,2026-09-02 20:00:00
236,SKU-00236,Nova Router Modelo 229,"Router Nova, modelo 229, producto para uso general.",912.36,57,1,2026-08-17 09:00:00,2026-09-04 09:00:00
237,SKU-00237,Nova Impresora Modelo 230,"Impresora Nova, modelo 230, producto para uso general.",2113.73,74,1,2026-08-18 09:00:00,2026-09-06 10:00:00
238,SKU-00238,Nova Bocina Bluetooth Modelo 231,"Bocina Bluetooth Nova, modelo 231, producto para uso general.",765.10,91,1,2026-08-19 09:00:00,2026-09-08 11:00:00
239,SKU-00239,Nova Tablet Modelo 232,"Tablet Nova, modelo 232, producto para uso general.",2816.47,108,1,2026-08-20 09:00:00,2026-09-10 12:00:00
240,SKU-00240,Nova Cargador Modelo 233,"Cargador Nova, modelo 233, producto para uso general.",497.84,125,1,2026-08-21 09:00:00,2026-09-12 13:00:00
241,SKU-00241,Nova Cable USB Modelo 234,"Cable USB Nova, modelo 234, producto para uso general.",399.21,142,1,2026-08-22 09:00:00,2026-09-14 14:00:00
242,SKU-00242,Nova Smartwatch Modelo 235,"Smartwatch Nova, modelo 235, producto para uso general.",1020.58,159,1,2026-08-23 09:00:00,2026-09-16 15:00:00
243,SKU-00243,Nova Teclado mecánico Modelo 236,"Teclado mecánico Nova, modelo 236, producto para uso general.",1021.95,176,1,2026-08-24 09:00:00,2026-09-18 16:00:00
244,SKU-00244,Nova Silla de oficina Modelo 237,"Silla de oficina Nova, modelo 237, producto para uso general.",2123.32,193,1,2026-08-25 09:00:00,2026-09-20 17:00:00
245,SKU-00245,Nova Mochila Modelo 238,"Mochila Nova, modelo 238, producto para uso general.",774.69,9,1,2026-08-26 09:00:00,2026-09-22 18:00:00
246,SKU-00246,Nova Cámara Modelo 239,"Cámara Nova, modelo 239, producto para uso general.",3826.06,26,1,2026-08-27 09:00:00,2026-09-24 19:00:00
247,SKU-00247,Nova Micrófono Modelo 240,"Micrófono Nova, modelo 240, producto para uso general.",1227.43,43,1,2026-08-28 09:00:00,2026-09-26 20:00:00
248,SKU-00248,MaxiTech Laptop Modelo 241,"Laptop MaxiTech, modelo 241, producto para uso general.",8828.80,60,1,2026-08-29 09:00:00,2026-08-29 09:00:00
249,SKU-00249,MaxiTech Mouse Modelo 242,"Mouse MaxiTech, modelo 242, producto para uso general.",510.17,77,1,2026-08-30 09:00:00,2026-08-31 10:00:00
250,SKU-00250,MaxiTech Teclado Modelo 243,"Teclado MaxiTech, modelo 243, producto para uso general.",631.54,94,1,2026-08-31 09:00:00,2026-09-02 11:00:00
251,SKU-00251,MaxiTech Monitor Modelo 244,"Monitor MaxiTech, modelo 244, producto para uso general.",2832.91,111,1,2026-09-01 09:00:00,2026-09-04 12:00:00
252,SKU-00252,MaxiTech Audífonos Modelo 245,"Audífonos MaxiTech, modelo 245, producto para uso general.",684.28,128,1,2026-09-02 09:00:00,2026-09-06 13:00:00
253,SKU-00253,MaxiTech Webcam Modelo 246,"Webcam MaxiTech, modelo 246, producto para uso general.",835.65,145,1,2026-09-03 09:00:00,2026-09-08 14:00:00
254,SKU-00254,MaxiTech Memoria USB Modelo 247,"Memoria USB MaxiTech, modelo 247, producto para uso general.",457.02,162,1,2026-09-04 09:00:00,2026-09-10 15:00:00
255,SKU-00255,MaxiTech Disco SSD Modelo 248,"Disco SSD MaxiTech, modelo 248, producto para uso general.",1238.39,179,1,2026-09-05 09:00:00,2026-09-12 16:00:00
256,SKU-00256,MaxiTech Router Modelo 249,"Router MaxiTech, modelo 249, producto para uso general.",939.76,196,1,2026-09-06 09:00:00,2026-09-14 17:00:00
257,SKU-00257,MaxiTech Impresora Modelo 250,"Impresora MaxiTech, modelo 250, producto para uso general.",2141.13,12,1,2026-09-07 09:00:00,2026-09-16 18:00:00
258,SKU-00258,MaxiTech Bocina Bluetooth Modelo 001,"Bocina Bluetooth MaxiTech, modelo 001, producto para uso general.",792.50,29,1,2026-09-08 09:00:00,2026-09-18 19:00:00
259,SKU-00259,MaxiTech Tablet Modelo 002,"Tablet MaxiTech, modelo 002, producto para uso general.",2843.87,46,1,2026-09-09 09:00:00,2026-09-20 20:00:00
260,SKU-00260,MaxiTech Cargador Modelo 003,"Cargador MaxiTech, modelo 003, producto para uso general.",525.24,63,1,2026-09-10 09:00:00,2026-09-22 09:00:00
261,SKU-00261,MaxiTech Cable USB Modelo 004,"Cable USB MaxiTech, modelo 004, producto para uso general.",426.61,80,1,2026-09-11 09:00:00,2026-09-24 10:00:00
262,SKU-00262,MaxiTech Smartwatch Modelo 005,"Smartwatch MaxiTech, modelo 005, producto para uso general.",1047.98,97,1,2026-09-12 09:00:00,2026-09-26 11:00:00
263,SKU-00263,MaxiTech Teclado mecánico Modelo 006,"Teclado mecánico MaxiTech, modelo 006, producto para uso general.",1049.35,114,1,2026-09-13 09:00:00,2026-09-28 12:00:00
264,SKU-00264,MaxiTech Silla de oficina Modelo 007,"Silla de oficina MaxiTech, modelo 007, producto para uso general.",2150.72,131,1,2026-09-14 09:00:00,2026-09-30 13:00:00
265,SKU-00265,MaxiTech Mochila Modelo 008,"Mochila MaxiTech, modelo 008, producto para uso general.",802.09,148,1,2026-09-15 09:00:00,2026-10-02 14:00:00
266,SKU-00266,MaxiTech Cámara Modelo 009,"Cámara MaxiTech, modelo 009, producto para uso general.",3853.46,165,1,2026-09-16 09:00:00,2026-10-04 15:00:00
267,SKU-00267,MaxiTech Micrófono Modelo 010,"Micrófono MaxiTech, modelo 010, producto para uso general.",1254.83,182,1,2026-09-17 09:00:00,2026-10-06 16:00:00
268,SKU-00268,DigitalX Laptop Modelo 011,"Laptop DigitalX, modelo 011, producto para uso general.",8856.20,199,1,2026-09-18 09:00:00,2026-10-08 17:00:00
269,SKU-00269,DigitalX Mouse Modelo 012,"Mouse DigitalX, modelo 012, producto para uso general.",537.57,15,1,2026-09-19 09:00:00,2026-10-10 18:00:00
270,SKU-00270,DigitalX Teclado Modelo 013,"Teclado DigitalX, modelo 013, producto para uso general.",658.94,32,1,2026-09-20 09:00:00,2026-10-12 19:00:00
271,SKU-00271,DigitalX Monitor Modelo 014,"Monitor DigitalX, modelo 014, producto para uso general.",2860.31,49,1,2026-09-21 09:00:00,2026-10-14 20:00:00
272,SKU-00272,DigitalX Audífonos Modelo 015,"Audífonos DigitalX, modelo 015, producto para uso general.",711.68,66,1,2026-09-22 09:00:00,2026-10-16 09:00:00
273,SKU-00273,DigitalX Webcam Modelo 016,"Webcam DigitalX, modelo 016, producto para uso general.",863.05,83,1,2026-09-23 09:00:00,2026-10-18 10:00:00
274,SKU-00274,DigitalX Memoria USB Modelo 017,"Memoria USB DigitalX, modelo 017, producto para uso general.",484.42,100,1,2026-09-24 09:00:00,2026-10-20 11:00:00
275,SKU-00275,DigitalX Disco SSD Modelo 018,"Disco SSD DigitalX, modelo 018, producto para uso general.",1265.79,117,1,2026-09-25 09:00:00,2026-10-22 12:00:00
276,SKU-00276,DigitalX Router Modelo 019,"Router DigitalX, modelo 019, producto para uso general.",967.16,134,1,2026-09-26 09:00:00,2026-10-24 13:00:00
277,SKU-00277,DigitalX Impresora Modelo 020,"Impresora DigitalX, modelo 020, producto para uso general.",2168.53,151,1,2026-09-27 09:00:00,2026-10-26 14:00:00
278,SKU-00278,DigitalX Bocina Bluetooth Modelo 021,"Bocina Bluetooth DigitalX, modelo 021, producto para uso general.",819.90,168,1,2026-01-01 09:00:00,2026-01-01 15:00:00
279,SKU-00279,DigitalX Tablet Modelo 022,"Tablet DigitalX, modelo 022, producto para uso general.",2871.27,185,1,2026-01-02 09:00:00,2026-01-03 16:00:00
280,SKU-00280,DigitalX Cargador Modelo 023,"Cargador DigitalX, modelo 023, producto para uso general.",552.64,1,1,2026-01-03 09:00:00,2026-01-05 17:00:00
281,SKU-00281,DigitalX Cable USB Modelo 024,"Cable USB DigitalX, modelo 024, producto para uso general.",454.01,18,1,2026-01-04 09:00:00,2026-01-07 18:00:00
282,SKU-00282,DigitalX Smartwatch Modelo 025,"Smartwatch DigitalX, modelo 025, producto para uso general.",1075.38,35,1,2026-01-05 09:00:00,2026-01-09 19:00:00
283,SKU-00283,DigitalX Teclado mecánico Modelo 026,"Teclado mecánico DigitalX, modelo 026, producto para uso general.",1076.75,52,1,2026-01-06 09:00:00,2026-01-11 20:00:00
284,SKU-00284,DigitalX Silla de oficina Modelo 027,"Silla de oficina DigitalX, modelo 027, producto para uso general.",2178.12,69,1,2026-01-07 09:00:00,2026-01-13 09:00:00
285,SKU-00285,DigitalX Mochila Modelo 028,"Mochila DigitalX, modelo 028, producto para uso general.",829.49,86,1,2026-01-08 09:00:00,2026-01-15 10:00:00
286,SKU-00286,DigitalX Cámara Modelo 029,"Cámara DigitalX, modelo 029, producto para uso general.",3880.86,103,1,2026-01-09 09:00:00,2026-01-17 11:00:00
287,SKU-00287,DigitalX Micrófono Modelo 030,"Micrófono DigitalX, modelo 030, producto para uso general.",1282.23,120,1,2026-01-10 09:00:00,2026-01-19 12:00:00
288,SKU-00288,SmartOne Laptop Modelo 031,"Laptop SmartOne, modelo 031, producto para uso general.",8883.60,137,1,2026-01-11 09:00:00,2026-01-21 13:00:00
289,SKU-00289,SmartOne Mouse Modelo 032,"Mouse SmartOne, modelo 032, producto para uso general.",564.97,154,1,2026-01-12 09:00:00,2026-01-23 14:00:00
290,SKU-00290,SmartOne Teclado Modelo 033,"Teclado SmartOne, modelo 033, producto para uso general.",686.34,171,1,2026-01-13 09:00:00,2026-01-25 15:00:00
291,SKU-00291,SmartOne Monitor Modelo 034,"Monitor SmartOne, modelo 034, producto para uso general.",2887.71,188,1,2026-01-14 09:00:00,2026-01-27 16:00:00
292,SKU-00292,SmartOne Audífonos Modelo 035,"Audífonos SmartOne, modelo 035, producto para uso general.",739.08,4,1,2026-01-15 09:00:00,2026-01-29 17:00:00
293,SKU-00293,SmartOne Webcam Modelo 036,"Webcam SmartOne, modelo 036, producto para uso general.",890.45,21,1,2026-01-16 09:00:00,2026-01-31 18:00:00
294,SKU-00294,SmartOne Memoria USB Modelo 037,"Memoria USB SmartOne, modelo 037, producto para uso general.",511.82,38,1,2026-01-17 09:00:00,2026-02-02 19:00:00
295,SKU-00295,SmartOne Disco SSD Modelo 038,"Disco SSD SmartOne, modelo 038, producto para uso general.",1293.19,55,1,2026-01-18 09:00:00,2026-02-04 20:00:00
296,SKU-00296,SmartOne Router Modelo 039,"Router SmartOne, modelo 039, producto para uso general.",994.56,72,1,2026-01-19 09:00:00,2026-02-06 09:00:00
297,SKU-00297,SmartOne Impresora Modelo 040,"Impresora SmartOne, modelo 040, producto para uso general.",2195.93,89,1,2026-01-20 09:00:00,2026-02-08 10:00:00
298,SKU-00298,SmartOne Bocina Bluetooth Modelo 041,"Bocina Bluetooth SmartOne, modelo 041, producto para uso general.",847.30,106,1,2026-01-21 09:00:00,2026-02-10 11:00:00
299,SKU-00299,SmartOne Tablet Modelo 042,"Tablet SmartOne, modelo 042, producto para uso general.",2898.67,123,1,2026-01-22 09:00:00,2026-02-12 12:00:00
300,SKU-00300,SmartOne Cargador Modelo 043,"Cargador SmartOne, modelo 043, producto para uso general.",580.04,140,1,2026-01-23 09:00:00,2026-02-14 13:00:00
301,SKU-00301,SmartOne Cable USB Modelo 044,"Cable USB SmartOne, modelo 044, producto para uso general.",481.41,157,1,2026-01-24 09:00:00,2026-02-16 14:00:00
302,SKU-00302,SmartOne Smartwatch Modelo 045,"Smartwatch SmartOne, modelo 045, producto para uso general.",1102.78,174,1,2026-01-25 09:00:00,2026-02-18 15:00:00
303,SKU-00303,SmartOne Teclado mecánico Modelo 046,"Teclado mecánico SmartOne, modelo 046, producto para uso general.",1104.15,191,1,2026-01-26 09:00:00,2026-02-20 16:00:00
304,SKU-00304,SmartOne Silla de oficina Modelo 047,"Silla de oficina SmartOne, modelo 047, producto para uso general.",2205.52,7,1,2026-01-27 09:00:00,2026-02-22 17:00:00
305,SKU-00305,SmartOne Mochila Modelo 048,"Mochila SmartOne, modelo 048, producto para uso general.",856.89,24,1,2026-01-28 09:00:00,2026-02-24 18:00:00
306,SKU-00306,SmartOne Cámara Modelo 049,"Cámara SmartOne, modelo 049, producto para uso general.",3908.26,41,1,2026-01-29 09:00:00,2026-02-26 19:00:00
307,SKU-00307,SmartOne Micrófono Modelo 050,"Micrófono SmartOne, modelo 050, producto para uso general.",1309.63,58,1,2026-01-30 09:00:00,2026-02-28 20:00:00
308,SKU-00308,ProLine Laptop Modelo 051,"Laptop ProLine, modelo 051, producto para uso general.",8911.00,75,1,2026-01-31 09:00:00,2026-01-31 09:00:00
309,SKU-00309,ProLine Mouse Modelo 052,"Mouse ProLine, modelo 052, producto para uso general.",592.37,92,1,2026-02-01 09:00:00,2026-02-02 10:00:00
310,SKU-00310,ProLine Teclado Modelo 053,"Teclado ProLine, modelo 053, producto para uso general.",713.74,109,1,2026-02-02 09:00:00,2026-02-04 11:00:00
311,SKU-00311,ProLine Monitor Modelo 054,"Monitor ProLine, modelo 054, producto para uso general.",2915.11,126,1,2026-02-03 09:00:00,2026-02-06 12:00:00
312,SKU-00312,ProLine Audífonos Modelo 055,"Audífonos ProLine, modelo 055, producto para uso general.",766.48,143,1,2026-02-04 09:00:00,2026-02-08 13:00:00
313,SKU-00313,ProLine Webcam Modelo 056,"Webcam ProLine, modelo 056, producto para uso general.",917.85,160,1,2026-02-05 09:00:00,2026-02-10 14:00:00
314,SKU-00314,ProLine Memoria USB Modelo 057,"Memoria USB ProLine, modelo 057, producto para uso general.",539.22,177,1,2026-02-06 09:00:00,2026-02-12 15:00:00
315,SKU-00315,ProLine Disco SSD Modelo 058,"Disco SSD ProLine, modelo 058, producto para uso general.",1320.59,194,1,2026-02-07 09:00:00,2026-02-14 16:00:00
316,SKU-00316,ProLine Router Modelo 059,"Router ProLine, modelo 059, producto para uso general.",1021.96,10,1,2026-02-08 09:00:00,2026-02-16 17:00:00
317,SKU-00317,ProLine Impresora Modelo 060,"Impresora ProLine, modelo 060, producto para uso general.",2223.33,27,1,2026-02-09 09:00:00,2026-02-18 18:00:00
318,SKU-00318,ProLine Bocina Bluetooth Modelo 061,"Bocina Bluetooth ProLine, modelo 061, producto para uso general.",874.70,44,1,2026-02-10 09:00:00,2026-02-20 19:00:00
319,SKU-00319,ProLine Tablet Modelo 062,"Tablet ProLine, modelo 062, producto para uso general.",2926.07,61,1,2026-02-11 09:00:00,2026-02-22 20:00:00
320,SKU-00320,ProLine Cargador Modelo 063,"Cargador ProLine, modelo 063, producto para uso general.",607.44,78,1,2026-02-12 09:00:00,2026-02-24 09:00:00
321,SKU-00321,ProLine Cable USB Modelo 064,"Cable USB ProLine, modelo 064, producto para uso general.",88.80,95,1,2026-02-13 09:00:00,2026-02-26 10:00:00
322,SKU-00322,ProLine Smartwatch Modelo 065,"Smartwatch ProLine, modelo 065, producto para uso general.",1130.18,112,1,2026-02-14 09:00:00,2026-02-28 11:00:00
323,SKU-00323,ProLine Teclado mecánico Modelo 066,"Teclado mecánico ProLine, modelo 066, producto para uso general.",1131.55,129,1,2026-02-15 09:00:00,2026-03-02 12:00:00
324,SKU-00324,ProLine Silla de oficina Modelo 067,"Silla de oficina ProLine, modelo 067, producto para uso general.",2232.92,146,1,2026-02-16 09:00:00,2026-03-04 13:00:00
325,SKU-00325,ProLine Mochila Modelo 068,"Mochila ProLine, modelo 068, producto para uso general.",884.29,163,1,2026-02-17 09:00:00,2026-03-06 14:00:00
326,SKU-00326,ProLine Cámara Modelo 069,"Cámara ProLine, modelo 069, producto para uso general.",3935.66,180,1,2026-02-18 09:00:00,2026-03-08 15:00:00
327,SKU-00327,ProLine Micrófono Modelo 070,"Micrófono ProLine, modelo 070, producto para uso general.",1337.03,197,1,2026-02-19 09:00:00,2026-03-10 16:00:00
328,SKU-00328,Ultra Laptop Modelo 071,"Laptop Ultra, modelo 071, producto para uso general.",8938.40,13,1,2026-02-20 09:00:00,2026-03-12 17:00:00
329,SKU-00329,Ultra Mouse Modelo 072,"Mouse Ultra, modelo 072, producto para uso general.",619.77,30,1,2026-02-21 09:00:00,2026-03-14 18:00:00
330,SKU-00330,Ultra Teclado Modelo 073,"Teclado Ultra, modelo 073, producto para uso general.",741.14,47,1,2026-02-22 09:00:00,2026-03-16 19:00:00
331,SKU-00331,Ultra Monitor Modelo 074,"Monitor Ultra, modelo 074, producto para uso general.",2942.51,64,1,2026-02-23 09:00:00,2026-03-18 20:00:00
332,SKU-00332,Ultra Audífonos Modelo 075,"Audífonos Ultra, modelo 075, producto para uso general.",793.88,81,1,2026-02-24 09:00:00,2026-03-20 09:00:00
333,SKU-00333,Ultra Webcam Modelo 076,"Webcam Ultra, modelo 076, producto para uso general.",945.25,98,1,2026-02-25 09:00:00,2026-03-22 10:00:00
334,SKU-00334,Ultra Memoria USB Modelo 077,"Memoria USB Ultra, modelo 077, producto para uso general.",566.62,115,1,2026-02-26 09:00:00,2026-03-24 11:00:00
335,SKU-00335,Ultra Disco SSD Modelo 078,"Disco SSD Ultra, modelo 078, producto para uso general.",1347.99,132,1,2026-02-27 09:00:00,2026-03-26 12:00:00
336,SKU-00336,Ultra Router Modelo 079,"Router Ultra, modelo 079, producto para uso general.",1049.36,149,1,2026-02-28 09:00:00,2026-03-28 13:00:00
337,SKU-00337,Ultra Impresora Modelo 080,"Impresora Ultra, modelo 080, producto para uso general.",2250.73,166,1,2026-03-01 09:00:00,2026-03-30 14:00:00
338,SKU-00338,Ultra Bocina Bluetooth Modelo 081,"Bocina Bluetooth Ultra, modelo 081, producto para uso general.",902.10,183,1,2026-03-02 09:00:00,2026-03-02 15:00:00
339,SKU-00339,Ultra Tablet Modelo 082,"Tablet Ultra, modelo 082, producto para uso general.",2953.47,200,1,2026-03-03 09:00:00,2026-03-04 16:00:00
340,SKU-00340,Ultra Cargador Modelo 083,"Cargador Ultra, modelo 083, producto para uso general.",634.84,16,1,2026-03-04 09:00:00,2026-03-06 17:00:00
341,SKU-00341,Ultra Cable USB Modelo 084,"Cable USB Ultra, modelo 084, producto para uso general.",116.20,33,1,2026-03-05 09:00:00,2026-03-08 18:00:00
342,SKU-00342,Ultra Smartwatch Modelo 085,"Smartwatch Ultra, modelo 085, producto para uso general.",1157.58,50,1,2026-03-06 09:00:00,2026-03-10 19:00:00
343,SKU-00343,Ultra Teclado mecánico Modelo 086,"Teclado mecánico Ultra, modelo 086, producto para uso general.",1158.95,67,1,2026-03-07 09:00:00,2026-03-12 20:00:00
344,SKU-00344,Ultra Silla de oficina Modelo 087,"Silla de oficina Ultra, modelo 087, producto para uso general.",2260.32,84,1,2026-03-08 09:00:00,2026-03-14 09:00:00
345,SKU-00345,Ultra Mochila Modelo 088,"Mochila Ultra, modelo 088, producto para uso general.",911.69,101,1,2026-03-09 09:00:00,2026-03-16 10:00:00
346,SKU-00346,Ultra Cámara Modelo 089,"Cámara Ultra, modelo 089, producto para uso general.",3963.06,118,1,2026-03-10 09:00:00,2026-03-18 11:00:00
347,SKU-00347,Ultra Micrófono Modelo 090,"Micrófono Ultra, modelo 090, producto para uso general.",1364.43,135,1,2026-03-11 09:00:00,2026-03-20 12:00:00
348,SKU-00348,Vision Laptop Modelo 091,"Laptop Vision, modelo 091, producto para uso general.",8965.80,152,1,2026-03-12 09:00:00,2026-03-22 13:00:00
349,SKU-00349,Vision Mouse Modelo 092,"Mouse Vision, modelo 092, producto para uso general.",647.17,169,1,2026-03-13 09:00:00,2026-03-24 14:00:00
350,SKU-00350,Vision Teclado Modelo 093,"Teclado Vision, modelo 093, producto para uso general.",768.54,186,1,2026-03-14 09:00:00,2026-03-26 15:00:00
351,SKU-00351,Vision Monitor Modelo 094,"Monitor Vision, modelo 094, producto para uso general.",2969.91,2,1,2026-03-15 09:00:00,2026-03-28 16:00:00
352,SKU-00352,Vision Audífonos Modelo 095,"Audífonos Vision, modelo 095, producto para uso general.",821.28,19,1,2026-03-16 09:00:00,2026-03-30 17:00:00
353,SKU-00353,Vision Webcam Modelo 096,"Webcam Vision, modelo 096, producto para uso general.",972.65,36,1,2026-03-17 09:00:00,2026-04-01 18:00:00
354,SKU-00354,Vision Memoria USB Modelo 097,"Memoria USB Vision, modelo 097, producto para uso general.",594.02,53,1,2026-03-18 09:00:00,2026-04-03 19:00:00
355,SKU-00355,Vision Disco SSD Modelo 098,"Disco SSD Vision, modelo 098, producto para uso general.",1375.39,70,1,2026-03-19 09:00:00,2026-04-05 20:00:00
356,SKU-00356,Vision Router Modelo 099,"Router Vision, modelo 099, producto para uso general.",1076.76,87,1,2026-03-20 09:00:00,2026-04-07 09:00:00
357,SKU-00357,Vision Impresora Modelo 100,"Impresora Vision, modelo 100, producto para uso general.",2278.13,104,1,2026-03-21 09:00:00,2026-04-09 10:00:00
358,SKU-00358,Vision Bocina Bluetooth Modelo 101,"Bocina Bluetooth Vision, modelo 101, producto para uso general.",929.50,121,1,2026-03-22 09:00:00,2026-04-11 11:00:00
359,SKU-00359,Vision Tablet Modelo 102,"Tablet Vision, modelo 102, producto para uso general.",2980.87,138,1,2026-03-23 09:00:00,2026-04-13 12:00:00
360,SKU-00360,Vision Cargador Modelo 103,"Cargador Vision, modelo 103, producto para uso general.",662.24,155,1,2026-03-24 09:00:00,2026-04-15 13:00:00
361,SKU-00361,Vision Cable USB Modelo 104,"Cable USB Vision, modelo 104, producto para uso general.",143.60,172,1,2026-03-25 09:00:00,2026-04-17 14:00:00
362,SKU-00362,Vision Smartwatch Modelo 105,"Smartwatch Vision, modelo 105, producto para uso general.",1184.98,189,1,2026-03-26 09:00:00,2026-04-19 15:00:00
363,SKU-00363,Vision Teclado mecánico Modelo 106,"Teclado mecánico Vision, modelo 106, producto para uso general.",1186.35,5,1,2026-03-27 09:00:00,2026-04-21 16:00:00
364,SKU-00364,Vision Silla de oficina Modelo 107,"Silla de oficina Vision, modelo 107, producto para uso general.",2287.72,22,1,2026-03-28 09:00:00,2026-04-23 17:00:00
365,SKU-00365,Vision Mochila Modelo 108,"Mochila Vision, modelo 108, producto para uso general.",939.09,39,1,2026-03-29 09:00:00,2026-04-25 18:00:00
366,SKU-00366,Vision Cámara Modelo 109,"Cámara Vision, modelo 109, producto para uso general.",3990.46,56,1,2026-03-30 09:00:00,2026-04-27 19:00:00
367,SKU-00367,Vision Micrófono Modelo 110,"Micrófono Vision, modelo 110, producto para uso general.",1391.83,73,1,2026-03-31 09:00:00,2026-04-29 20:00:00
368,SKU-00368,Connect Laptop Modelo 111,"Laptop Connect, modelo 111, producto para uso general.",8993.20,90,1,2026-04-01 09:00:00,2026-04-01 09:00:00
369,SKU-00369,Connect Mouse Modelo 112,"Mouse Connect, modelo 112, producto para uso general.",674.57,107,1,2026-04-02 09:00:00,2026-04-03 10:00:00
370,SKU-00370,Connect Teclado Modelo 113,"Teclado Connect, modelo 113, producto para uso general.",795.94,124,1,2026-04-03 09:00:00,2026-04-05 11:00:00
371,SKU-00371,Connect Monitor Modelo 114,"Monitor Connect, modelo 114, producto para uso general.",2997.31,141,1,2026-04-04 09:00:00,2026-04-07 12:00:00
372,SKU-00372,Connect Audífonos Modelo 115,"Audífonos Connect, modelo 115, producto para uso general.",848.68,158,1,2026-04-05 09:00:00,2026-04-09 13:00:00
373,SKU-00373,Connect Webcam Modelo 116,"Webcam Connect, modelo 116, producto para uso general.",1000.05,175,1,2026-04-06 09:00:00,2026-04-11 14:00:00
374,SKU-00374,Connect Memoria USB Modelo 117,"Memoria USB Connect, modelo 117, producto para uso general.",621.42,192,1,2026-04-07 09:00:00,2026-04-13 15:00:00
375,SKU-00375,Connect Disco SSD Modelo 118,"Disco SSD Connect, modelo 118, producto para uso general.",1402.79,8,1,2026-04-08 09:00:00,2026-04-15 16:00:00
376,SKU-00376,Connect Router Modelo 119,"Router Connect, modelo 119, producto para uso general.",1104.16,25,1,2026-04-09 09:00:00,2026-04-17 17:00:00
377,SKU-00377,Connect Impresora Modelo 120,"Impresora Connect, modelo 120, producto para uso general.",2305.53,42,1,2026-04-10 09:00:00,2026-04-19 18:00:00
378,SKU-00378,Connect Bocina Bluetooth Modelo 121,"Bocina Bluetooth Connect, modelo 121, producto para uso general.",956.90,59,1,2026-04-11 09:00:00,2026-04-21 19:00:00
379,SKU-00379,Connect Tablet Modelo 122,"Tablet Connect, modelo 122, producto para uso general.",3008.27,76,1,2026-04-12 09:00:00,2026-04-23 20:00:00
380,SKU-00380,Connect Cargador Modelo 123,"Cargador Connect, modelo 123, producto para uso general.",689.64,93,1,2026-04-13 09:00:00,2026-04-25 09:00:00
381,SKU-00381,Connect Cable USB Modelo 124,"Cable USB Connect, modelo 124, producto para uso general.",171.00,110,1,2026-04-14 09:00:00,2026-04-27 10:00:00
382,SKU-00382,Connect Smartwatch Modelo 125,"Smartwatch Connect, modelo 125, producto para uso general.",1212.38,127,1,2026-04-15 09:00:00,2026-04-29 11:00:00
383,SKU-00383,Connect Teclado mecánico Modelo 126,"Teclado mecánico Connect, modelo 126, producto para uso general.",1213.75,144,1,2026-04-16 09:00:00,2026-05-01 12:00:00
384,SKU-00384,Connect Silla de oficina Modelo 127,"Silla de oficina Connect, modelo 127, producto para uso general.",2315.12,161,1,2026-04-17 09:00:00,2026-05-03 13:00:00
385,SKU-00385,Connect Mochila Modelo 128,"Mochila Connect, modelo 128, producto para uso general.",966.49,178,1,2026-04-18 09:00:00,2026-05-05 14:00:00
386,SKU-00386,Connect Cámara Modelo 129,"Cámara Connect, modelo 129, producto para uso general.",4017.86,195,1,2026-04-19 09:00:00,2026-05-07 15:00:00
387,SKU-00387,Connect Micrófono Modelo 130,"Micrófono Connect, modelo 130, producto para uso general.",1419.23,11,1,2026-04-20 09:00:00,2026-05-09 16:00:00
388,SKU-00388,Advance Laptop Modelo 131,"Laptop Advance, modelo 131, producto para uso general.",9020.60,28,1,2026-04-21 09:00:00,2026-05-11 17:00:00
389,SKU-00389,Advance Mouse Modelo 132,"Mouse Advance, modelo 132, producto para uso general.",701.97,45,1,2026-04-22 09:00:00,2026-05-13 18:00:00
390,SKU-00390,Advance Teclado Modelo 133,"Teclado Advance, modelo 133, producto para uso general.",823.34,62,1,2026-04-23 09:00:00,2026-05-15 19:00:00
391,SKU-00391,Advance Monitor Modelo 134,"Monitor Advance, modelo 134, producto para uso general.",3024.71,79,1,2026-04-24 09:00:00,2026-05-17 20:00:00
392,SKU-00392,Advance Audífonos Modelo 135,"Audífonos Advance, modelo 135, producto para uso general.",876.08,96,1,2026-04-25 09:00:00,2026-05-19 09:00:00
393,SKU-00393,Advance Webcam Modelo 136,"Webcam Advance, modelo 136, producto para uso general.",1027.45,113,1,2026-04-26 09:00:00,2026-05-21 10:00:00
394,SKU-00394,Advance Memoria USB Modelo 137,"Memoria USB Advance, modelo 137, producto para uso general.",648.82,130,1,2026-04-27 09:00:00,2026-05-23 11:00:00
395,SKU-00395,Advance Disco SSD Modelo 138,"Disco SSD Advance, modelo 138, producto para uso general.",1430.19,147,1,2026-04-28 09:00:00,2026-05-25 12:00:00
396,SKU-00396,Advance Router Modelo 139,"Router Advance, modelo 139, producto para uso general.",1131.56,164,1,2026-04-29 09:00:00,2026-05-27 13:00:00
397,SKU-00397,Advance Impresora Modelo 140,"Impresora Advance, modelo 140, producto para uso general.",2332.93,181,1,2026-04-30 09:00:00,2026-05-29 14:00:00
398,SKU-00398,Advance Bocina Bluetooth Modelo 141,"Bocina Bluetooth Advance, modelo 141, producto para uso general.",984.30,198,1,2026-05-01 09:00:00,2026-05-01 15:00:00
399,SKU-00399,Advance Tablet Modelo 142,"Tablet Advance, modelo 142, producto para uso general.",3035.67,14,1,2026-05-02 09:00:00,2026-05-03 16:00:00
400,SKU-00400,Advance Cargador Modelo 143,"Cargador Advance, modelo 143, producto para uso general.",717.04,31,1,2026-05-03 09:00:00,2026-05-05 17:00:00
401,SKU-00401,Advance Cable USB Modelo 144,"Cable USB Advance, modelo 144, producto para uso general.",198.40,48,1,2026-05-04 09:00:00,2026-05-07 18:00:00
402,SKU-00402,Advance Smartwatch Modelo 145,"Smartwatch Advance, modelo 145, producto para uso general.",1239.78,65,1,2026-05-05 09:00:00,2026-05-09 19:00:00
403,SKU-00403,Advance Teclado mecánico Modelo 146,"Teclado mecánico Advance, modelo 146, producto para uso general.",1241.15,82,1,2026-05-06 09:00:00,2026-05-11 20:00:00
404,SKU-00404,Advance Silla de oficina Modelo 147,"Silla de oficina Advance, modelo 147, producto para uso general.",2342.52,99,1,2026-05-07 09:00:00,2026-05-13 09:00:00
405,SKU-00405,Advance Mochila Modelo 148,"Mochila Advance, modelo 148, producto para uso general.",993.89,116,1,2026-05-08 09:00:00,2026-05-15 10:00:00
406,SKU-00406,Advance Cámara Modelo 149,"Cámara Advance, modelo 149, producto para uso general.",4045.26,133,1,2026-05-09 09:00:00,2026-05-17 11:00:00
407,SKU-00407,Advance Micrófono Modelo 150,"Micrófono Advance, modelo 150, producto para uso general.",1446.63,150,1,2026-05-10 09:00:00,2026-05-19 12:00:00
408,SKU-00408,TechPro Laptop Modelo 151,"Laptop TechPro, modelo 151, producto para uso general.",9048.00,167,1,2026-05-11 09:00:00,2026-05-21 13:00:00
409,SKU-00409,TechPro Mouse Modelo 152,"Mouse TechPro, modelo 152, producto para uso general.",729.37,184,1,2026-05-12 09:00:00,2026-05-23 14:00:00
410,SKU-00410,TechPro Teclado Modelo 153,"Teclado TechPro, modelo 153, producto para uso general.",850.74,0,0,2026-05-13 09:00:00,2026-05-25 15:00:00
411,SKU-00411,TechPro Monitor Modelo 154,"Monitor TechPro, modelo 154, producto para uso general.",3052.11,17,1,2026-05-14 09:00:00,2026-05-27 16:00:00
412,SKU-00412,TechPro Audífonos Modelo 155,"Audífonos TechPro, modelo 155, producto para uso general.",903.48,34,1,2026-05-15 09:00:00,2026-05-29 17:00:00
413,SKU-00413,TechPro Webcam Modelo 156,"Webcam TechPro, modelo 156, producto para uso general.",1054.85,51,1,2026-05-16 09:00:00,2026-05-31 18:00:00
414,SKU-00414,TechPro Memoria USB Modelo 157,"Memoria USB TechPro, modelo 157, producto para uso general.",146.21,68,1,2026-05-17 09:00:00,2026-06-02 19:00:00
415,SKU-00415,TechPro Disco SSD Modelo 158,"Disco SSD TechPro, modelo 158, producto para uso general.",1457.59,85,1,2026-05-18 09:00:00,2026-06-04 20:00:00
416,SKU-00416,TechPro Router Modelo 159,"Router TechPro, modelo 159, producto para uso general.",1158.96,102,1,2026-05-19 09:00:00,2026-06-06 09:00:00
417,SKU-00417,TechPro Impresora Modelo 160,"Impresora TechPro, modelo 160, producto para uso general.",2360.33,119,1,2026-05-20 09:00:00,2026-06-08 10:00:00
418,SKU-00418,TechPro Bocina Bluetooth Modelo 161,"Bocina Bluetooth TechPro, modelo 161, producto para uso general.",1011.70,136,1,2026-05-21 09:00:00,2026-06-10 11:00:00
419,SKU-00419,TechPro Tablet Modelo 162,"Tablet TechPro, modelo 162, producto para uso general.",3063.07,153,1,2026-05-22 09:00:00,2026-06-12 12:00:00
420,SKU-00420,TechPro Cargador Modelo 163,"Cargador TechPro, modelo 163, producto para uso general.",744.44,170,1,2026-05-23 09:00:00,2026-06-14 13:00:00
421,SKU-00421,TechPro Cable USB Modelo 164,"Cable USB TechPro, modelo 164, producto para uso general.",225.80,187,1,2026-05-24 09:00:00,2026-06-16 14:00:00
422,SKU-00422,TechPro Smartwatch Modelo 165,"Smartwatch TechPro, modelo 165, producto para uso general.",1267.18,3,1,2026-05-25 09:00:00,2026-06-18 15:00:00
423,SKU-00423,TechPro Teclado mecánico Modelo 166,"Teclado mecánico TechPro, modelo 166, producto para uso general.",1268.55,20,1,2026-05-26 09:00:00,2026-06-20 16:00:00
424,SKU-00424,TechPro Silla de oficina Modelo 167,"Silla de oficina TechPro, modelo 167, producto para uso general.",2369.92,37,1,2026-05-27 09:00:00,2026-06-22 17:00:00
425,SKU-00425,TechPro Mochila Modelo 168,"Mochila TechPro, modelo 168, producto para uso general.",1021.29,54,1,2026-05-28 09:00:00,2026-06-24 18:00:00
426,SKU-00426,TechPro Cámara Modelo 169,"Cámara TechPro, modelo 169, producto para uso general.",4072.66,71,1,2026-05-29 09:00:00,2026-06-26 19:00:00
427,SKU-00427,TechPro Micrófono Modelo 170,"Micrófono TechPro, modelo 170, producto para uso general.",1474.03,88,1,2026-05-30 09:00:00,2026-06-28 20:00:00
428,SKU-00428,Nova Laptop Modelo 171,"Laptop Nova, modelo 171, producto para uso general.",9075.40,105,1,2026-05-31 09:00:00,2026-05-31 09:00:00
429,SKU-00429,Nova Mouse Modelo 172,"Mouse Nova, modelo 172, producto para uso general.",756.77,122,1,2026-06-01 09:00:00,2026-06-02 10:00:00
430,SKU-00430,Nova Teclado Modelo 173,"Teclado Nova, modelo 173, producto para uso general.",878.14,139,1,2026-06-02 09:00:00,2026-06-04 11:00:00
431,SKU-00431,Nova Monitor Modelo 174,"Monitor Nova, modelo 174, producto para uso general.",3079.51,156,1,2026-06-03 09:00:00,2026-06-06 12:00:00
432,SKU-00432,Nova Audífonos Modelo 175,"Audífonos Nova, modelo 175, producto para uso general.",930.88,173,1,2026-06-04 09:00:00,2026-06-08 13:00:00
433,SKU-00433,Nova Webcam Modelo 176,"Webcam Nova, modelo 176, producto para uso general.",1082.25,190,1,2026-06-05 09:00:00,2026-06-10 14:00:00
434,SKU-00434,Nova Memoria USB Modelo 177,"Memoria USB Nova, modelo 177, producto para uso general.",173.61,6,1,2026-06-06 09:00:00,2026-06-12 15:00:00
435,SKU-00435,Nova Disco SSD Modelo 178,"Disco SSD Nova, modelo 178, producto para uso general.",1484.99,23,1,2026-06-07 09:00:00,2026-06-14 16:00:00
436,SKU-00436,Nova Router Modelo 179,"Router Nova, modelo 179, producto para uso general.",1186.36,40,1,2026-06-08 09:00:00,2026-06-16 17:00:00
437,SKU-00437,Nova Impresora Modelo 180,"Impresora Nova, modelo 180, producto para uso general.",2387.73,57,1,2026-06-09 09:00:00,2026-06-18 18:00:00
438,SKU-00438,Nova Bocina Bluetooth Modelo 181,"Bocina Bluetooth Nova, modelo 181, producto para uso general.",1039.10,74,1,2026-06-10 09:00:00,2026-06-20 19:00:00
439,SKU-00439,Nova Tablet Modelo 182,"Tablet Nova, modelo 182, producto para uso general.",3090.47,91,1,2026-06-11 09:00:00,2026-06-22 20:00:00
440,SKU-00440,Nova Cargador Modelo 183,"Cargador Nova, modelo 183, producto para uso general.",771.84,108,1,2026-06-12 09:00:00,2026-06-24 09:00:00
441,SKU-00441,Nova Cable USB Modelo 184,"Cable USB Nova, modelo 184, producto para uso general.",253.20,125,1,2026-06-13 09:00:00,2026-06-26 10:00:00
442,SKU-00442,Nova Smartwatch Modelo 185,"Smartwatch Nova, modelo 185, producto para uso general.",1294.58,142,1,2026-06-14 09:00:00,2026-06-28 11:00:00
443,SKU-00443,Nova Teclado mecánico Modelo 186,"Teclado mecánico Nova, modelo 186, producto para uso general.",1295.95,159,1,2026-06-15 09:00:00,2026-06-30 12:00:00
444,SKU-00444,Nova Silla de oficina Modelo 187,"Silla de oficina Nova, modelo 187, producto para uso general.",2397.32,176,1,2026-06-16 09:00:00,2026-07-02 13:00:00
445,SKU-00445,Nova Mochila Modelo 188,"Mochila Nova, modelo 188, producto para uso general.",1048.69,193,1,2026-06-17 09:00:00,2026-07-04 14:00:00
446,SKU-00446,Nova Cámara Modelo 189,"Cámara Nova, modelo 189, producto para uso general.",4100.06,9,1,2026-06-18 09:00:00,2026-07-06 15:00:00
447,SKU-00447,Nova Micrófono Modelo 190,"Micrófono Nova, modelo 190, producto para uso general.",1501.43,26,1,2026-06-19 09:00:00,2026-07-08 16:00:00
448,SKU-00448,MaxiTech Laptop Modelo 191,"Laptop MaxiTech, modelo 191, producto para uso general.",9102.80,43,1,2026-06-20 09:00:00,2026-07-10 17:00:00
449,SKU-00449,MaxiTech Mouse Modelo 192,"Mouse MaxiTech, modelo 192, producto para uso general.",784.17,60,1,2026-06-21 09:00:00,2026-07-12 18:00:00
450,SKU-00450,MaxiTech Teclado Modelo 193,"Teclado MaxiTech, modelo 193, producto para uso general.",905.54,77,1,2026-06-22 09:00:00,2026-07-14 19:00:00
451,SKU-00451,MaxiTech Monitor Modelo 194,"Monitor MaxiTech, modelo 194, producto para uso general.",3106.91,94,1,2026-06-23 09:00:00,2026-07-16 20:00:00
452,SKU-00452,MaxiTech Audífonos Modelo 195,"Audífonos MaxiTech, modelo 195, producto para uso general.",958.28,111,1,2026-06-24 09:00:00,2026-07-18 09:00:00
453,SKU-00453,MaxiTech Webcam Modelo 196,"Webcam MaxiTech, modelo 196, producto para uso general.",1109.65,128,1,2026-06-25 09:00:00,2026-07-20 10:00:00
454,SKU-00454,MaxiTech Memoria USB Modelo 197,"Memoria USB MaxiTech, modelo 197, producto para uso general.",201.01,145,1,2026-06-26 09:00:00,2026-07-22 11:00:00
455,SKU-00455,MaxiTech Disco SSD Modelo 198,"Disco SSD MaxiTech, modelo 198, producto para uso general.",1512.39,162,1,2026-06-27 09:00:00,2026-07-24 12:00:00
456,SKU-00456,MaxiTech Router Modelo 199,"Router MaxiTech, modelo 199, producto para uso general.",1213.76,179,1,2026-06-28 09:00:00,2026-07-26 13:00:00
457,SKU-00457,MaxiTech Impresora Modelo 200,"Impresora MaxiTech, modelo 200, producto para uso general.",2415.13,196,1,2026-06-29 09:00:00,2026-07-28 14:00:00
458,SKU-00458,MaxiTech Bocina Bluetooth Modelo 201,"Bocina Bluetooth MaxiTech, modelo 201, producto para uso general.",1066.50,12,1,2026-06-30 09:00:00,2026-06-30 15:00:00
459,SKU-00459,MaxiTech Tablet Modelo 202,"Tablet MaxiTech, modelo 202, producto para uso general.",3117.87,29,1,2026-07-01 09:00:00,2026-07-02 16:00:00
460,SKU-00460,MaxiTech Cargador Modelo 203,"Cargador MaxiTech, modelo 203, producto para uso general.",799.24,46,1,2026-07-02 09:00:00,2026-07-04 17:00:00
461,SKU-00461,MaxiTech Cable USB Modelo 204,"Cable USB MaxiTech, modelo 204, producto para uso general.",280.60,63,1,2026-07-03 09:00:00,2026-07-06 18:00:00
462,SKU-00462,MaxiTech Smartwatch Modelo 205,"Smartwatch MaxiTech, modelo 205, producto para uso general.",1321.98,80,1,2026-07-04 09:00:00,2026-07-08 19:00:00
463,SKU-00463,MaxiTech Teclado mecánico Modelo 206,"Teclado mecánico MaxiTech, modelo 206, producto para uso general.",1323.35,97,1,2026-07-05 09:00:00,2026-07-10 20:00:00
464,SKU-00464,MaxiTech Silla de oficina Modelo 207,"Silla de oficina MaxiTech, modelo 207, producto para uso general.",2424.72,114,1,2026-07-06 09:00:00,2026-07-12 09:00:00
465,SKU-00465,MaxiTech Mochila Modelo 208,"Mochila MaxiTech, modelo 208, producto para uso general.",1076.09,131,1,2026-07-07 09:00:00,2026-07-14 10:00:00
466,SKU-00466,MaxiTech Cámara Modelo 209,"Cámara MaxiTech, modelo 209, producto para uso general.",4127.46,148,1,2026-07-08 09:00:00,2026-07-16 11:00:00
467,SKU-00467,MaxiTech Micrófono Modelo 210,"Micrófono MaxiTech, modelo 210, producto para uso general.",1528.83,165,1,2026-07-09 09:00:00,2026-07-18 12:00:00
468,SKU-00468,DigitalX Laptop Modelo 211,"Laptop DigitalX, modelo 211, producto para uso general.",9130.20,182,1,2026-07-10 09:00:00,2026-07-20 13:00:00
469,SKU-00469,DigitalX Mouse Modelo 212,"Mouse DigitalX, modelo 212, producto para uso general.",811.57,199,1,2026-07-11 09:00:00,2026-07-22 14:00:00
470,SKU-00470,DigitalX Teclado Modelo 213,"Teclado DigitalX, modelo 213, producto para uso general.",932.94,15,1,2026-07-12 09:00:00,2026-07-24 15:00:00
471,SKU-00471,DigitalX Monitor Modelo 214,"Monitor DigitalX, modelo 214, producto para uso general.",3134.31,32,1,2026-07-13 09:00:00,2026-07-26 16:00:00
472,SKU-00472,DigitalX Audífonos Modelo 215,"Audífonos DigitalX, modelo 215, producto para uso general.",985.68,49,1,2026-07-14 09:00:00,2026-07-28 17:00:00
473,SKU-00473,DigitalX Webcam Modelo 216,"Webcam DigitalX, modelo 216, producto para uso general.",1137.05,66,1,2026-07-15 09:00:00,2026-07-30 18:00:00
474,SKU-00474,DigitalX Memoria USB Modelo 217,"Memoria USB DigitalX, modelo 217, producto para uso general.",228.41,83,1,2026-07-16 09:00:00,2026-08-01 19:00:00
475,SKU-00475,DigitalX Disco SSD Modelo 218,"Disco SSD DigitalX, modelo 218, producto para uso general.",1539.79,100,1,2026-07-17 09:00:00,2026-08-03 20:00:00
476,SKU-00476,DigitalX Router Modelo 219,"Router DigitalX, modelo 219, producto para uso general.",1241.16,117,1,2026-07-18 09:00:00,2026-08-05 09:00:00
477,SKU-00477,DigitalX Impresora Modelo 220,"Impresora DigitalX, modelo 220, producto para uso general.",2442.53,134,1,2026-07-19 09:00:00,2026-08-07 10:00:00
478,SKU-00478,DigitalX Bocina Bluetooth Modelo 221,"Bocina Bluetooth DigitalX, modelo 221, producto para uso general.",1093.90,151,1,2026-07-20 09:00:00,2026-08-09 11:00:00
479,SKU-00479,DigitalX Tablet Modelo 222,"Tablet DigitalX, modelo 222, producto para uso general.",3145.27,168,1,2026-07-21 09:00:00,2026-08-11 12:00:00
480,SKU-00480,DigitalX Cargador Modelo 223,"Cargador DigitalX, modelo 223, producto para uso general.",826.64,185,1,2026-07-22 09:00:00,2026-08-13 13:00:00
481,SKU-00481,DigitalX Cable USB Modelo 224,"Cable USB DigitalX, modelo 224, producto para uso general.",308.00,1,1,2026-07-23 09:00:00,2026-08-15 14:00:00
482,SKU-00482,DigitalX Smartwatch Modelo 225,"Smartwatch DigitalX, modelo 225, producto para uso general.",1349.38,18,1,2026-07-24 09:00:00,2026-08-17 15:00:00
483,SKU-00483,DigitalX Teclado mecánico Modelo 226,"Teclado mecánico DigitalX, modelo 226, producto para uso general.",1350.75,35,1,2026-07-25 09:00:00,2026-08-19 16:00:00
484,SKU-00484,DigitalX Silla de oficina Modelo 227,"Silla de oficina DigitalX, modelo 227, producto para uso general.",2452.12,52,1,2026-07-26 09:00:00,2026-08-21 17:00:00
485,SKU-00485,DigitalX Mochila Modelo 228,"Mochila DigitalX, modelo 228, producto para uso general.",1103.49,69,1,2026-07-27 09:00:00,2026-08-23 18:00:00
486,SKU-00486,DigitalX Cámara Modelo 229,"Cámara DigitalX, modelo 229, producto para uso general.",4154.86,86,1,2026-07-28 09:00:00,2026-08-25 19:00:00
487,SKU-00487,DigitalX Micrófono Modelo 230,"Micrófono DigitalX, modelo 230, producto para uso general.",1556.23,103,1,2026-07-29 09:00:00,2026-08-27 20:00:00
488,SKU-00488,SmartOne Laptop Modelo 231,"Laptop SmartOne, modelo 231, producto para uso general.",9157.60,120,1,2026-07-30 09:00:00,2026-07-30 09:00:00
489,SKU-00489,SmartOne Mouse Modelo 232,"Mouse SmartOne, modelo 232, producto para uso general.",838.97,137,1,2026-07-31 09:00:00,2026-08-01 10:00:00
490,SKU-00490,SmartOne Teclado Modelo 233,"Teclado SmartOne, modelo 233, producto para uso general.",960.34,154,1,2026-08-01 09:00:00,2026-08-03 11:00:00
491,SKU-00491,SmartOne Monitor Modelo 234,"Monitor SmartOne, modelo 234, producto para uso general.",3161.71,171,1,2026-08-02 09:00:00,2026-08-05 12:00:00
492,SKU-00492,SmartOne Audífonos Modelo 235,"Audífonos SmartOne, modelo 235, producto para uso general.",1013.08,188,1,2026-08-03 09:00:00,2026-08-07 13:00:00
493,SKU-00493,SmartOne Webcam Modelo 236,"Webcam SmartOne, modelo 236, producto para uso general.",1164.45,4,1,2026-08-04 09:00:00,2026-08-09 14:00:00
494,SKU-00494,SmartOne Memoria USB Modelo 237,"Memoria USB SmartOne, modelo 237, producto para uso general.",255.81,21,1,2026-08-05 09:00:00,2026-08-11 15:00:00
495,SKU-00495,SmartOne Disco SSD Modelo 238,"Disco SSD SmartOne, modelo 238, producto para uso general.",1567.19,38,1,2026-08-06 09:00:00,2026-08-13 16:00:00
496,SKU-00496,SmartOne Router Modelo 239,"Router SmartOne, modelo 239, producto para uso general.",1268.56,55,1,2026-08-07 09:00:00,2026-08-15 17:00:00
497,SKU-00497,SmartOne Impresora Modelo 240,"Impresora SmartOne, modelo 240, producto para uso general.",2469.93,72,1,2026-08-08 09:00:00,2026-08-17 18:00:00
498,SKU-00498,SmartOne Bocina Bluetooth Modelo 241,"Bocina Bluetooth SmartOne, modelo 241, producto para uso general.",1121.30,89,1,2026-08-09 09:00:00,2026-08-19 19:00:00
499,SKU-00499,SmartOne Tablet Modelo 242,"Tablet SmartOne, modelo 242, producto para uso general.",3172.67,106,1,2026-08-10 09:00:00,2026-08-21 20:00:00
500,SKU-00500,SmartOne Cargador Modelo 243,"Cargador SmartOne, modelo 243, producto para uso general.",854.04,123,1,2026-08-11 09:00:00,2026-08-23 09:00:00
501,SKU-00501,SmartOne Cable USB Modelo 244,"Cable USB SmartOne, modelo 244, producto para uso general.",335.40,140,1,2026-08-12 09:00:00,2026-08-25 10:00:00
502,SKU-00502,SmartOne Smartwatch Modelo 245,"Smartwatch SmartOne, modelo 245, producto para uso general.",1376.78,157,1,2026-08-13 09:00:00,2026-08-27 11:00:00
503,SKU-00503,SmartOne Teclado mecánico Modelo 246,"Teclado mecánico SmartOne, modelo 246, producto para uso general.",1378.15,174,1,2026-08-14 09:00:00,2026-08-29 12:00:00
504,SKU-00504,SmartOne Silla de oficina Modelo 247,"Silla de oficina SmartOne, modelo 247, producto para uso general.",2479.52,191,1,2026-08-15 09:00:00,2026-08-31 13:00:00
505,SKU-00505,SmartOne Mochila Modelo 248,"Mochila SmartOne, modelo 248, producto para uso general.",1130.89,7,1,2026-08-16 09:00:00,2026-09-02 14:00:00
506,SKU-00506,SmartOne Cámara Modelo 249,"Cámara SmartOne, modelo 249, producto para uso general.",4182.26,24,1,2026-08-17 09:00:00,2026-09-04 15:00:00
507,SKU-00507,SmartOne Micrófono Modelo 250,"Micrófono SmartOne, modelo 250, producto para uso general.",1583.63,41,1,2026-08-18 09:00:00,2026-09-06 16:00:00
508,SKU-00508,ProLine Laptop Modelo 001,"Laptop ProLine, modelo 001, producto para uso general.",9185.00,58,1,2026-08-19 09:00:00,2026-09-08 17:00:00
509,SKU-00509,ProLine Mouse Modelo 002,"Mouse ProLine, modelo 002, producto para uso general.",866.37,75,1,2026-08-20 09:00:00,2026-09-10 18:00:00
510,SKU-00510,ProLine Teclado Modelo 003,"Teclado ProLine, modelo 003, producto para uso general.",987.74,92,1,2026-08-21 09:00:00,2026-09-12 19:00:00
511,SKU-00511,ProLine Monitor Modelo 004,"Monitor ProLine, modelo 004, producto para uso general.",3189.11,109,1,2026-08-22 09:00:00,2026-09-14 20:00:00
512,SKU-00512,ProLine Audífonos Modelo 005,"Audífonos ProLine, modelo 005, producto para uso general.",1040.48,126,1,2026-08-23 09:00:00,2026-09-16 09:00:00
513,SKU-00513,ProLine Webcam Modelo 006,"Webcam ProLine, modelo 006, producto para uso general.",1191.85,143,1,2026-08-24 09:00:00,2026-09-18 10:00:00
514,SKU-00514,ProLine Memoria USB Modelo 007,"Memoria USB ProLine, modelo 007, producto para uso general.",283.21,160,1,2026-08-25 09:00:00,2026-09-20 11:00:00
515,SKU-00515,ProLine Disco SSD Modelo 008,"Disco SSD ProLine, modelo 008, producto para uso general.",1594.59,177,1,2026-08-26 09:00:00,2026-09-22 12:00:00
516,SKU-00516,ProLine Router Modelo 009,"Router ProLine, modelo 009, producto para uso general.",1295.96,194,1,2026-08-27 09:00:00,2026-09-24 13:00:00
517,SKU-00517,ProLine Impresora Modelo 010,"Impresora ProLine, modelo 010, producto para uso general.",2497.33,10,1,2026-08-28 09:00:00,2026-09-26 14:00:00
518,SKU-00518,ProLine Bocina Bluetooth Modelo 011,"Bocina Bluetooth ProLine, modelo 011, producto para uso general.",1148.70,27,1,2026-08-29 09:00:00,2026-08-29 15:00:00
519,SKU-00519,ProLine Tablet Modelo 012,"Tablet ProLine, modelo 012, producto para uso general.",3200.07,44,1,2026-08-30 09:00:00,2026-08-31 16:00:00
520,SKU-00520,ProLine Cargador Modelo 013,"Cargador ProLine, modelo 013, producto para uso general.",881.44,61,1,2026-08-31 09:00:00,2026-09-02 17:00:00
521,SKU-00521,ProLine Cable USB Modelo 014,"Cable USB ProLine, modelo 014, producto para uso general.",362.80,78,1,2026-09-01 09:00:00,2026-09-04 18:00:00
522,SKU-00522,ProLine Smartwatch Modelo 015,"Smartwatch ProLine, modelo 015, producto para uso general.",1404.18,95,1,2026-09-02 09:00:00,2026-09-06 19:00:00
523,SKU-00523,ProLine Teclado mecánico Modelo 016,"Teclado mecánico ProLine, modelo 016, producto para uso general.",1405.55,112,1,2026-09-03 09:00:00,2026-09-08 20:00:00
524,SKU-00524,ProLine Silla de oficina Modelo 017,"Silla de oficina ProLine, modelo 017, producto para uso general.",2506.92,129,1,2026-09-04 09:00:00,2026-09-10 09:00:00
525,SKU-00525,ProLine Mochila Modelo 018,"Mochila ProLine, modelo 018, producto para uso general.",1158.29,146,1,2026-09-05 09:00:00,2026-09-12 10:00:00
526,SKU-00526,ProLine Cámara Modelo 019,"Cámara ProLine, modelo 019, producto para uso general.",4209.66,163,1,2026-09-06 09:00:00,2026-09-14 11:00:00
527,SKU-00527,ProLine Micrófono Modelo 020,"Micrófono ProLine, modelo 020, producto para uso general.",1611.03,180,1,2026-09-07 09:00:00,2026-09-16 12:00:00
528,SKU-00528,Ultra Laptop Modelo 021,"Laptop Ultra, modelo 021, producto para uso general.",9212.40,197,1,2026-09-08 09:00:00,2026-09-18 13:00:00
529,SKU-00529,Ultra Mouse Modelo 022,"Mouse Ultra, modelo 022, producto para uso general.",893.77,13,1,2026-09-09 09:00:00,2026-09-20 14:00:00
530,SKU-00530,Ultra Teclado Modelo 023,"Teclado Ultra, modelo 023, producto para uso general.",1015.14,30,1,2026-09-10 09:00:00,2026-09-22 15:00:00
531,SKU-00531,Ultra Monitor Modelo 024,"Monitor Ultra, modelo 024, producto para uso general.",3216.51,47,1,2026-09-11 09:00:00,2026-09-24 16:00:00
532,SKU-00532,Ultra Audífonos Modelo 025,"Audífonos Ultra, modelo 025, producto para uso general.",1067.88,64,1,2026-09-12 09:00:00,2026-09-26 17:00:00
533,SKU-00533,Ultra Webcam Modelo 026,"Webcam Ultra, modelo 026, producto para uso general.",1219.25,81,1,2026-09-13 09:00:00,2026-09-28 18:00:00
534,SKU-00534,Ultra Memoria USB Modelo 027,"Memoria USB Ultra, modelo 027, producto para uso general.",310.61,98,1,2026-09-14 09:00:00,2026-09-30 19:00:00
535,SKU-00535,Ultra Disco SSD Modelo 028,"Disco SSD Ultra, modelo 028, producto para uso general.",1621.99,115,1,2026-09-15 09:00:00,2026-10-02 20:00:00
536,SKU-00536,Ultra Router Modelo 029,"Router Ultra, modelo 029, producto para uso general.",1323.36,132,1,2026-09-16 09:00:00,2026-10-04 09:00:00
537,SKU-00537,Ultra Impresora Modelo 030,"Impresora Ultra, modelo 030, producto para uso general.",2524.73,149,1,2026-09-17 09:00:00,2026-10-06 10:00:00
538,SKU-00538,Ultra Bocina Bluetooth Modelo 031,"Bocina Bluetooth Ultra, modelo 031, producto para uso general.",1176.10,166,1,2026-09-18 09:00:00,2026-10-08 11:00:00
539,SKU-00539,Ultra Tablet Modelo 032,"Tablet Ultra, modelo 032, producto para uso general.",3227.47,183,1,2026-09-19 09:00:00,2026-10-10 12:00:00
540,SKU-00540,Ultra Cargador Modelo 033,"Cargador Ultra, modelo 033, producto para uso general.",908.84,200,1,2026-09-20 09:00:00,2026-10-12 13:00:00
541,SKU-00541,Ultra Cable USB Modelo 034,"Cable USB Ultra, modelo 034, producto para uso general.",390.20,16,1,2026-09-21 09:00:00,2026-10-14 14:00:00
542,SKU-00542,Ultra Smartwatch Modelo 035,"Smartwatch Ultra, modelo 035, producto para uso general.",1431.58,33,1,2026-09-22 09:00:00,2026-10-16 15:00:00
543,SKU-00543,Ultra Teclado mecánico Modelo 036,"Teclado mecánico Ultra, modelo 036, producto para uso general.",1432.95,50,1,2026-09-23 09:00:00,2026-10-18 16:00:00
544,SKU-00544,Ultra Silla de oficina Modelo 037,"Silla de oficina Ultra, modelo 037, producto para uso general.",2534.32,67,1,2026-09-24 09:00:00,2026-10-20 17:00:00
545,SKU-00545,Ultra Mochila Modelo 038,"Mochila Ultra, modelo 038, producto para uso general.",1185.69,84,1,2026-09-25 09:00:00,2026-10-22 18:00:00
546,SKU-00546,Ultra Cámara Modelo 039,"Cámara Ultra, modelo 039, producto para uso general.",4237.06,101,1,2026-09-26 09:00:00,2026-10-24 19:00:00
547,SKU-00547,Ultra Micrófono Modelo 040,"Micrófono Ultra, modelo 040, producto para uso general.",1638.43,118,1,2026-09-27 09:00:00,2026-10-26 20:00:00
548,SKU-00548,Vision Laptop Modelo 041,"Laptop Vision, modelo 041, producto para uso general.",9239.80,135,1,2026-01-01 09:00:00,2026-01-01 09:00:00
549,SKU-00549,Vision Mouse Modelo 042,"Mouse Vision, modelo 042, producto para uso general.",201.16,152,1,2026-01-02 09:00:00,2026-01-03 10:00:00
550,SKU-00550,Vision Teclado Modelo 043,"Teclado Vision, modelo 043, producto para uso general.",1042.54,169,1,2026-01-03 09:00:00,2026-01-05 11:00:00
551,SKU-00551,Vision Monitor Modelo 044,"Monitor Vision, modelo 044, producto para uso general.",3243.91,186,1,2026-01-04 09:00:00,2026-01-07 12:00:00
552,SKU-00552,Vision Audífonos Modelo 045,"Audífonos Vision, modelo 045, producto para uso general.",1095.28,2,1,2026-01-05 09:00:00,2026-01-09 13:00:00
553,SKU-00553,Vision Webcam Modelo 046,"Webcam Vision, modelo 046, producto para uso general.",1246.65,19,1,2026-01-06 09:00:00,2026-01-11 14:00:00
554,SKU-00554,Vision Memoria USB Modelo 047,"Memoria USB Vision, modelo 047, producto para uso general.",338.01,36,1,2026-01-07 09:00:00,2026-01-13 15:00:00
555,SKU-00555,Vision Disco SSD Modelo 048,"Disco SSD Vision, modelo 048, producto para uso general.",1649.39,53,1,2026-01-08 09:00:00,2026-01-15 16:00:00
556,SKU-00556,Vision Router Modelo 049,"Router Vision, modelo 049, producto para uso general.",1350.76,70,1,2026-01-09 09:00:00,2026-01-17 17:00:00
557,SKU-00557,Vision Impresora Modelo 050,"Impresora Vision, modelo 050, producto para uso general.",2552.13,87,1,2026-01-10 09:00:00,2026-01-19 18:00:00
558,SKU-00558,Vision Bocina Bluetooth Modelo 051,"Bocina Bluetooth Vision, modelo 051, producto para uso general.",1203.50,104,1,2026-01-11 09:00:00,2026-01-21 19:00:00
559,SKU-00559,Vision Tablet Modelo 052,"Tablet Vision, modelo 052, producto para uso general.",3254.87,121,1,2026-01-12 09:00:00,2026-01-23 20:00:00
560,SKU-00560,Vision Cargador Modelo 053,"Cargador Vision, modelo 053, producto para uso general.",936.24,138,1,2026-01-13 09:00:00,2026-01-25 09:00:00
561,SKU-00561,Vision Cable USB Modelo 054,"Cable USB Vision, modelo 054, producto para uso general.",417.60,155,1,2026-01-14 09:00:00,2026-01-27 10:00:00
562,SKU-00562,Vision Smartwatch Modelo 055,"Smartwatch Vision, modelo 055, producto para uso general.",1458.98,172,1,2026-01-15 09:00:00,2026-01-29 11:00:00
563,SKU-00563,Vision Teclado mecánico Modelo 056,"Teclado mecánico Vision, modelo 056, producto para uso general.",1460.35,189,1,2026-01-16 09:00:00,2026-01-31 12:00:00
564,SKU-00564,Vision Silla de oficina Modelo 057,"Silla de oficina Vision, modelo 057, producto para uso general.",2561.72,5,1,2026-01-17 09:00:00,2026-02-02 13:00:00
565,SKU-00565,Vision Mochila Modelo 058,"Mochila Vision, modelo 058, producto para uso general.",1213.09,22,1,2026-01-18 09:00:00,2026-02-04 14:00:00
566,SKU-00566,Vision Cámara Modelo 059,"Cámara Vision, modelo 059, producto para uso general.",4264.46,39,1,2026-01-19 09:00:00,2026-02-06 15:00:00
567,SKU-00567,Vision Micrófono Modelo 060,"Micrófono Vision, modelo 060, producto para uso general.",1665.83,56,1,2026-01-20 09:00:00,2026-02-08 16:00:00
568,SKU-00568,Connect Laptop Modelo 061,"Laptop Connect, modelo 061, producto para uso general.",9267.20,73,1,2026-01-21 09:00:00,2026-02-10 17:00:00
569,SKU-00569,Connect Mouse Modelo 062,"Mouse Connect, modelo 062, producto para uso general.",228.56,90,1,2026-01-22 09:00:00,2026-02-12 18:00:00
570,SKU-00570,Connect Teclado Modelo 063,"Teclado Connect, modelo 063, producto para uso general.",1069.94,107,1,2026-01-23 09:00:00,2026-02-14 19:00:00
571,SKU-00571,Connect Monitor Modelo 064,"Monitor Connect, modelo 064, producto para uso general.",3271.31,124,1,2026-01-24 09:00:00,2026-02-16 20:00:00
572,SKU-00572,Connect Audífonos Modelo 065,"Audífonos Connect, modelo 065, producto para uso general.",1122.68,141,1,2026-01-25 09:00:00,2026-02-18 09:00:00
573,SKU-00573,Connect Webcam Modelo 066,"Webcam Connect, modelo 066, producto para uso general.",1274.05,158,1,2026-01-26 09:00:00,2026-02-20 10:00:00
574,SKU-00574,Connect Memoria USB Modelo 067,"Memoria USB Connect, modelo 067, producto para uso general.",365.41,175,1,2026-01-27 09:00:00,2026-02-22 11:00:00
575,SKU-00575,Connect Disco SSD Modelo 068,"Disco SSD Connect, modelo 068, producto para uso general.",1676.79,192,1,2026-01-28 09:00:00,2026-02-24 12:00:00
576,SKU-00576,Connect Router Modelo 069,"Router Connect, modelo 069, producto para uso general.",1378.16,8,1,2026-01-29 09:00:00,2026-02-26 13:00:00
577,SKU-00577,Connect Impresora Modelo 070,"Impresora Connect, modelo 070, producto para uso general.",2579.53,25,1,2026-01-30 09:00:00,2026-02-28 14:00:00
578,SKU-00578,Connect Bocina Bluetooth Modelo 071,"Bocina Bluetooth Connect, modelo 071, producto para uso general.",1230.90,42,1,2026-01-31 09:00:00,2026-01-31 15:00:00
579,SKU-00579,Connect Tablet Modelo 072,"Tablet Connect, modelo 072, producto para uso general.",3282.27,59,1,2026-02-01 09:00:00,2026-02-02 16:00:00
580,SKU-00580,Connect Cargador Modelo 073,"Cargador Connect, modelo 073, producto para uso general.",963.64,76,1,2026-02-02 09:00:00,2026-02-04 17:00:00
581,SKU-00581,Connect Cable USB Modelo 074,"Cable USB Connect, modelo 074, producto para uso general.",445.00,93,1,2026-02-03 09:00:00,2026-02-06 18:00:00
582,SKU-00582,Connect Smartwatch Modelo 075,"Smartwatch Connect, modelo 075, producto para uso general.",1486.38,110,1,2026-02-04 09:00:00,2026-02-08 19:00:00
583,SKU-00583,Connect Teclado mecánico Modelo 076,"Teclado mecánico Connect, modelo 076, producto para uso general.",1487.75,127,1,2026-02-05 09:00:00,2026-02-10 20:00:00
584,SKU-00584,Connect Silla de oficina Modelo 077,"Silla de oficina Connect, modelo 077, producto para uso general.",2589.12,144,1,2026-02-06 09:00:00,2026-02-12 09:00:00
585,SKU-00585,Connect Mochila Modelo 078,"Mochila Connect, modelo 078, producto para uso general.",1240.49,161,1,2026-02-07 09:00:00,2026-02-14 10:00:00
586,SKU-00586,Connect Cámara Modelo 079,"Cámara Connect, modelo 079, producto para uso general.",4291.86,178,1,2026-02-08 09:00:00,2026-02-16 11:00:00
587,SKU-00587,Connect Micrófono Modelo 080,"Micrófono Connect, modelo 080, producto para uso general.",1693.23,195,1,2026-02-09 09:00:00,2026-02-18 12:00:00
588,SKU-00588,Advance Laptop Modelo 081,"Laptop Advance, modelo 081, producto para uso general.",9294.60,11,1,2026-02-10 09:00:00,2026-02-20 13:00:00
589,SKU-00589,Advance Mouse Modelo 082,"Mouse Advance, modelo 082, producto para uso general.",255.96,28,1,2026-02-11 09:00:00,2026-02-22 14:00:00
590,SKU-00590,Advance Teclado Modelo 083,"Teclado Advance, modelo 083, producto para uso general.",1097.34,45,1,2026-02-12 09:00:00,2026-02-24 15:00:00
591,SKU-00591,Advance Monitor Modelo 084,"Monitor Advance, modelo 084, producto para uso general.",3298.71,62,1,2026-02-13 09:00:00,2026-02-26 16:00:00
592,SKU-00592,Advance Audífonos Modelo 085,"Audífonos Advance, modelo 085, producto para uso general.",1150.08,79,1,2026-02-14 09:00:00,2026-02-28 17:00:00
593,SKU-00593,Advance Webcam Modelo 086,"Webcam Advance, modelo 086, producto para uso general.",1301.45,96,1,2026-02-15 09:00:00,2026-03-02 18:00:00
594,SKU-00594,Advance Memoria USB Modelo 087,"Memoria USB Advance, modelo 087, producto para uso general.",392.81,113,1,2026-02-16 09:00:00,2026-03-04 19:00:00
595,SKU-00595,Advance Disco SSD Modelo 088,"Disco SSD Advance, modelo 088, producto para uso general.",1704.19,130,1,2026-02-17 09:00:00,2026-03-06 20:00:00
596,SKU-00596,Advance Router Modelo 089,"Router Advance, modelo 089, producto para uso general.",1405.56,147,1,2026-02-18 09:00:00,2026-03-08 09:00:00
597,SKU-00597,Advance Impresora Modelo 090,"Impresora Advance, modelo 090, producto para uso general.",2606.93,164,1,2026-02-19 09:00:00,2026-03-10 10:00:00
598,SKU-00598,Advance Bocina Bluetooth Modelo 091,"Bocina Bluetooth Advance, modelo 091, producto para uso general.",1258.30,181,1,2026-02-20 09:00:00,2026-03-12 11:00:00
599,SKU-00599,Advance Tablet Modelo 092,"Tablet Advance, modelo 092, producto para uso general.",3309.67,198,1,2026-02-21 09:00:00,2026-03-14 12:00:00
600,SKU-00600,Advance Cargador Modelo 093,"Cargador Advance, modelo 093, producto para uso general.",991.04,14,1,2026-02-22 09:00:00,2026-03-16 13:00:00
601,SKU-00601,Advance Cable USB Modelo 094,"Cable USB Advance, modelo 094, producto para uso general.",472.40,31,1,2026-02-23 09:00:00,2026-03-18 14:00:00
602,SKU-00602,Advance Smartwatch Modelo 095,"Smartwatch Advance, modelo 095, producto para uso general.",1513.78,48,1,2026-02-24 09:00:00,2026-03-20 15:00:00
603,SKU-00603,Advance Teclado mecánico Modelo 096,"Teclado mecánico Advance, modelo 096, producto para uso general.",1515.15,65,1,2026-02-25 09:00:00,2026-03-22 16:00:00
604,SKU-00604,Advance Silla de oficina Modelo 097,"Silla de oficina Advance, modelo 097, producto para uso general.",2616.52,82,1,2026-02-26 09:00:00,2026-03-24 17:00:00
605,SKU-00605,Advance Mochila Modelo 098,"Mochila Advance, modelo 098, producto para uso general.",1267.89,99,1,2026-02-27 09:00:00,2026-03-26 18:00:00
606,SKU-00606,Advance Cámara Modelo 099,"Cámara Advance, modelo 099, producto para uso general.",4319.26,116,1,2026-02-28 09:00:00,2026-03-28 19:00:00
607,SKU-00607,Advance Micrófono Modelo 100,"Micrófono Advance, modelo 100, producto para uso general.",1720.63,133,1,2026-03-01 09:00:00,2026-03-30 20:00:00
608,SKU-00608,TechPro Laptop Modelo 101,"Laptop TechPro, modelo 101, producto para uso general.",9322.00,150,1,2026-03-02 09:00:00,2026-03-02 09:00:00
609,SKU-00609,TechPro Mouse Modelo 102,"Mouse TechPro, modelo 102, producto para uso general.",283.36,167,1,2026-03-03 09:00:00,2026-03-04 10:00:00
610,SKU-00610,TechPro Teclado Modelo 103,"Teclado TechPro, modelo 103, producto para uso general.",1124.74,184,1,2026-03-04 09:00:00,2026-03-06 11:00:00
611,SKU-00611,TechPro Monitor Modelo 104,"Monitor TechPro, modelo 104, producto para uso general.",3326.11,0,0,2026-03-05 09:00:00,2026-03-08 12:00:00
612,SKU-00612,TechPro Audífonos Modelo 105,"Audífonos TechPro, modelo 105, producto para uso general.",1177.48,17,1,2026-03-06 09:00:00,2026-03-10 13:00:00
613,SKU-00613,TechPro Webcam Modelo 106,"Webcam TechPro, modelo 106, producto para uso general.",1328.85,34,1,2026-03-07 09:00:00,2026-03-12 14:00:00
614,SKU-00614,TechPro Memoria USB Modelo 107,"Memoria USB TechPro, modelo 107, producto para uso general.",420.21,51,1,2026-03-08 09:00:00,2026-03-14 15:00:00
615,SKU-00615,TechPro Disco SSD Modelo 108,"Disco SSD TechPro, modelo 108, producto para uso general.",1731.59,68,1,2026-03-09 09:00:00,2026-03-16 16:00:00
616,SKU-00616,TechPro Router Modelo 109,"Router TechPro, modelo 109, producto para uso general.",1432.96,85,1,2026-03-10 09:00:00,2026-03-18 17:00:00
617,SKU-00617,TechPro Impresora Modelo 110,"Impresora TechPro, modelo 110, producto para uso general.",2634.33,102,1,2026-03-11 09:00:00,2026-03-20 18:00:00
618,SKU-00618,TechPro Bocina Bluetooth Modelo 111,"Bocina Bluetooth TechPro, modelo 111, producto para uso general.",1285.70,119,1,2026-03-12 09:00:00,2026-03-22 19:00:00
619,SKU-00619,TechPro Tablet Modelo 112,"Tablet TechPro, modelo 112, producto para uso general.",3337.07,136,1,2026-03-13 09:00:00,2026-03-24 20:00:00
620,SKU-00620,TechPro Cargador Modelo 113,"Cargador TechPro, modelo 113, producto para uso general.",1018.44,153,1,2026-03-14 09:00:00,2026-03-26 09:00:00
621,SKU-00621,TechPro Cable USB Modelo 114,"Cable USB TechPro, modelo 114, producto para uso general.",499.80,170,1,2026-03-15 09:00:00,2026-03-28 10:00:00
622,SKU-00622,TechPro Smartwatch Modelo 115,"Smartwatch TechPro, modelo 115, producto para uso general.",1541.18,187,1,2026-03-16 09:00:00,2026-03-30 11:00:00
623,SKU-00623,TechPro Teclado mecánico Modelo 116,"Teclado mecánico TechPro, modelo 116, producto para uso general.",1542.55,3,1,2026-03-17 09:00:00,2026-04-01 12:00:00
624,SKU-00624,TechPro Silla de oficina Modelo 117,"Silla de oficina TechPro, modelo 117, producto para uso general.",2643.92,20,1,2026-03-18 09:00:00,2026-04-03 13:00:00
625,SKU-00625,TechPro Mochila Modelo 118,"Mochila TechPro, modelo 118, producto para uso general.",1295.29,37,1,2026-03-19 09:00:00,2026-04-05 14:00:00
626,SKU-00626,TechPro Cámara Modelo 119,"Cámara TechPro, modelo 119, producto para uso general.",4346.66,54,1,2026-03-20 09:00:00,2026-04-07 15:00:00
627,SKU-00627,TechPro Micrófono Modelo 120,"Micrófono TechPro, modelo 120, producto para uso general.",1748.03,71,1,2026-03-21 09:00:00,2026-04-09 16:00:00
628,SKU-00628,Nova Laptop Modelo 121,"Laptop Nova, modelo 121, producto para uso general.",9349.40,88,1,2026-03-22 09:00:00,2026-04-11 17:00:00
629,SKU-00629,Nova Mouse Modelo 122,"Mouse Nova, modelo 122, producto para uso general.",310.76,105,1,2026-03-23 09:00:00,2026-04-13 18:00:00
630,SKU-00630,Nova Teclado Modelo 123,"Teclado Nova, modelo 123, producto para uso general.",1152.14,122,1,2026-03-24 09:00:00,2026-04-15 19:00:00
631,SKU-00631,Nova Monitor Modelo 124,"Monitor Nova, modelo 124, producto para uso general.",3353.51,139,1,2026-03-25 09:00:00,2026-04-17 20:00:00
632,SKU-00632,Nova Audífonos Modelo 125,"Audífonos Nova, modelo 125, producto para uso general.",1204.88,156,1,2026-03-26 09:00:00,2026-04-19 09:00:00
633,SKU-00633,Nova Webcam Modelo 126,"Webcam Nova, modelo 126, producto para uso general.",1356.25,173,1,2026-03-27 09:00:00,2026-04-21 10:00:00
634,SKU-00634,Nova Memoria USB Modelo 127,"Memoria USB Nova, modelo 127, producto para uso general.",447.61,190,1,2026-03-28 09:00:00,2026-04-23 11:00:00
635,SKU-00635,Nova Disco SSD Modelo 128,"Disco SSD Nova, modelo 128, producto para uso general.",1758.99,6,1,2026-03-29 09:00:00,2026-04-25 12:00:00
636,SKU-00636,Nova Router Modelo 129,"Router Nova, modelo 129, producto para uso general.",1460.36,23,1,2026-03-30 09:00:00,2026-04-27 13:00:00
637,SKU-00637,Nova Impresora Modelo 130,"Impresora Nova, modelo 130, producto para uso general.",2661.73,40,1,2026-03-31 09:00:00,2026-04-29 14:00:00
638,SKU-00638,Nova Bocina Bluetooth Modelo 131,"Bocina Bluetooth Nova, modelo 131, producto para uso general.",1313.10,57,1,2026-04-01 09:00:00,2026-04-01 15:00:00
639,SKU-00639,Nova Tablet Modelo 132,"Tablet Nova, modelo 132, producto para uso general.",3364.47,74,1,2026-04-02 09:00:00,2026-04-03 16:00:00
640,SKU-00640,Nova Cargador Modelo 133,"Cargador Nova, modelo 133, producto para uso general.",1045.84,91,1,2026-04-03 09:00:00,2026-04-05 17:00:00
641,SKU-00641,Nova Cable USB Modelo 134,"Cable USB Nova, modelo 134, producto para uso general.",107.19,108,1,2026-04-04 09:00:00,2026-04-07 18:00:00
642,SKU-00642,Nova Smartwatch Modelo 135,"Smartwatch Nova, modelo 135, producto para uso general.",1568.58,125,1,2026-04-05 09:00:00,2026-04-09 19:00:00
643,SKU-00643,Nova Teclado mecánico Modelo 136,"Teclado mecánico Nova, modelo 136, producto para uso general.",1569.95,142,1,2026-04-06 09:00:00,2026-04-11 20:00:00
644,SKU-00644,Nova Silla de oficina Modelo 137,"Silla de oficina Nova, modelo 137, producto para uso general.",2671.32,159,1,2026-04-07 09:00:00,2026-04-13 09:00:00
645,SKU-00645,Nova Mochila Modelo 138,"Mochila Nova, modelo 138, producto para uso general.",1322.69,176,1,2026-04-08 09:00:00,2026-04-15 10:00:00
646,SKU-00646,Nova Cámara Modelo 139,"Cámara Nova, modelo 139, producto para uso general.",4374.06,193,1,2026-04-09 09:00:00,2026-04-17 11:00:00
647,SKU-00647,Nova Micrófono Modelo 140,"Micrófono Nova, modelo 140, producto para uso general.",1775.43,9,1,2026-04-10 09:00:00,2026-04-19 12:00:00
648,SKU-00648,MaxiTech Laptop Modelo 141,"Laptop MaxiTech, modelo 141, producto para uso general.",9376.80,26,1,2026-04-11 09:00:00,2026-04-21 13:00:00
649,SKU-00649,MaxiTech Mouse Modelo 142,"Mouse MaxiTech, modelo 142, producto para uso general.",338.16,43,1,2026-04-12 09:00:00,2026-04-23 14:00:00
650,SKU-00650,MaxiTech Teclado Modelo 143,"Teclado MaxiTech, modelo 143, producto para uso general.",1179.54,60,1,2026-04-13 09:00:00,2026-04-25 15:00:00
651,SKU-00651,MaxiTech Monitor Modelo 144,"Monitor MaxiTech, modelo 144, producto para uso general.",3380.91,77,1,2026-04-14 09:00:00,2026-04-27 16:00:00
652,SKU-00652,MaxiTech Audífonos Modelo 145,"Audífonos MaxiTech, modelo 145, producto para uso general.",1232.28,94,1,2026-04-15 09:00:00,2026-04-29 17:00:00
653,SKU-00653,MaxiTech Webcam Modelo 146,"Webcam MaxiTech, modelo 146, producto para uso general.",1383.65,111,1,2026-04-16 09:00:00,2026-05-01 18:00:00
654,SKU-00654,MaxiTech Memoria USB Modelo 147,"Memoria USB MaxiTech, modelo 147, producto para uso general.",475.01,128,1,2026-04-17 09:00:00,2026-05-03 19:00:00
655,SKU-00655,MaxiTech Disco SSD Modelo 148,"Disco SSD MaxiTech, modelo 148, producto para uso general.",1786.39,145,1,2026-04-18 09:00:00,2026-05-05 20:00:00
656,SKU-00656,MaxiTech Router Modelo 149,"Router MaxiTech, modelo 149, producto para uso general.",1487.76,162,1,2026-04-19 09:00:00,2026-05-07 09:00:00
657,SKU-00657,MaxiTech Impresora Modelo 150,"Impresora MaxiTech, modelo 150, producto para uso general.",2689.13,179,1,2026-04-20 09:00:00,2026-05-09 10:00:00
658,SKU-00658,MaxiTech Bocina Bluetooth Modelo 151,"Bocina Bluetooth MaxiTech, modelo 151, producto para uso general.",1340.50,196,1,2026-04-21 09:00:00,2026-05-11 11:00:00
659,SKU-00659,MaxiTech Tablet Modelo 152,"Tablet MaxiTech, modelo 152, producto para uso general.",3391.87,12,1,2026-04-22 09:00:00,2026-05-13 12:00:00
660,SKU-00660,MaxiTech Cargador Modelo 153,"Cargador MaxiTech, modelo 153, producto para uso general.",1073.24,29,1,2026-04-23 09:00:00,2026-05-15 13:00:00
661,SKU-00661,MaxiTech Cable USB Modelo 154,"Cable USB MaxiTech, modelo 154, producto para uso general.",134.59,46,1,2026-04-24 09:00:00,2026-05-17 14:00:00
662,SKU-00662,MaxiTech Smartwatch Modelo 155,"Smartwatch MaxiTech, modelo 155, producto para uso general.",1595.98,63,1,2026-04-25 09:00:00,2026-05-19 15:00:00
663,SKU-00663,MaxiTech Teclado mecánico Modelo 156,"Teclado mecánico MaxiTech, modelo 156, producto para uso general.",1597.35,80,1,2026-04-26 09:00:00,2026-05-21 16:00:00
664,SKU-00664,MaxiTech Silla de oficina Modelo 157,"Silla de oficina MaxiTech, modelo 157, producto para uso general.",2698.72,97,1,2026-04-27 09:00:00,2026-05-23 17:00:00
665,SKU-00665,MaxiTech Mochila Modelo 158,"Mochila MaxiTech, modelo 158, producto para uso general.",1350.09,114,1,2026-04-28 09:00:00,2026-05-25 18:00:00
666,SKU-00666,MaxiTech Cámara Modelo 159,"Cámara MaxiTech, modelo 159, producto para uso general.",4401.46,131,1,2026-04-29 09:00:00,2026-05-27 19:00:00
667,SKU-00667,MaxiTech Micrófono Modelo 160,"Micrófono MaxiTech, modelo 160, producto para uso general.",1802.83,148,1,2026-04-30 09:00:00,2026-05-29 20:00:00
668,SKU-00668,DigitalX Laptop Modelo 161,"Laptop DigitalX, modelo 161, producto para uso general.",9404.20,165,1,2026-05-01 09:00:00,2026-05-01 09:00:00
669,SKU-00669,DigitalX Mouse Modelo 162,"Mouse DigitalX, modelo 162, producto para uso general.",365.56,182,1,2026-05-02 09:00:00,2026-05-03 10:00:00
670,SKU-00670,DigitalX Teclado Modelo 163,"Teclado DigitalX, modelo 163, producto para uso general.",1206.94,199,1,2026-05-03 09:00:00,2026-05-05 11:00:00
671,SKU-00671,DigitalX Monitor Modelo 164,"Monitor DigitalX, modelo 164, producto para uso general.",3408.31,15,1,2026-05-04 09:00:00,2026-05-07 12:00:00
672,SKU-00672,DigitalX Audífonos Modelo 165,"Audífonos DigitalX, modelo 165, producto para uso general.",1259.68,32,1,2026-05-05 09:00:00,2026-05-09 13:00:00
673,SKU-00673,DigitalX Webcam Modelo 166,"Webcam DigitalX, modelo 166, producto para uso general.",1411.05,49,1,2026-05-06 09:00:00,2026-05-11 14:00:00
674,SKU-00674,DigitalX Memoria USB Modelo 167,"Memoria USB DigitalX, modelo 167, producto para uso general.",502.41,66,1,2026-05-07 09:00:00,2026-05-13 15:00:00
675,SKU-00675,DigitalX Disco SSD Modelo 168,"Disco SSD DigitalX, modelo 168, producto para uso general.",1813.79,83,1,2026-05-08 09:00:00,2026-05-15 16:00:00
676,SKU-00676,DigitalX Router Modelo 169,"Router DigitalX, modelo 169, producto para uso general.",1515.16,100,1,2026-05-09 09:00:00,2026-05-17 17:00:00
677,SKU-00677,DigitalX Impresora Modelo 170,"Impresora DigitalX, modelo 170, producto para uso general.",2716.53,117,1,2026-05-10 09:00:00,2026-05-19 18:00:00
678,SKU-00678,DigitalX Bocina Bluetooth Modelo 171,"Bocina Bluetooth DigitalX, modelo 171, producto para uso general.",1367.90,134,1,2026-05-11 09:00:00,2026-05-21 19:00:00
679,SKU-00679,DigitalX Tablet Modelo 172,"Tablet DigitalX, modelo 172, producto para uso general.",3419.27,151,1,2026-05-12 09:00:00,2026-05-23 20:00:00
680,SKU-00680,DigitalX Cargador Modelo 173,"Cargador DigitalX, modelo 173, producto para uso general.",1100.64,168,1,2026-05-13 09:00:00,2026-05-25 09:00:00
681,SKU-00681,DigitalX Cable USB Modelo 174,"Cable USB DigitalX, modelo 174, producto para uso general.",161.99,185,1,2026-05-14 09:00:00,2026-05-27 10:00:00
682,SKU-00682,DigitalX Smartwatch Modelo 175,"Smartwatch DigitalX, modelo 175, producto para uso general.",1623.38,1,1,2026-05-15 09:00:00,2026-05-29 11:00:00
683,SKU-00683,DigitalX Teclado mecánico Modelo 176,"Teclado mecánico DigitalX, modelo 176, producto para uso general.",1624.75,18,1,2026-05-16 09:00:00,2026-05-31 12:00:00
684,SKU-00684,DigitalX Silla de oficina Modelo 177,"Silla de oficina DigitalX, modelo 177, producto para uso general.",2726.12,35,1,2026-05-17 09:00:00,2026-06-02 13:00:00
685,SKU-00685,DigitalX Mochila Modelo 178,"Mochila DigitalX, modelo 178, producto para uso general.",1377.49,52,1,2026-05-18 09:00:00,2026-06-04 14:00:00
686,SKU-00686,DigitalX Cámara Modelo 179,"Cámara DigitalX, modelo 179, producto para uso general.",4428.86,69,1,2026-05-19 09:00:00,2026-06-06 15:00:00
687,SKU-00687,DigitalX Micrófono Modelo 180,"Micrófono DigitalX, modelo 180, producto para uso general.",1830.23,86,1,2026-05-20 09:00:00,2026-06-08 16:00:00
688,SKU-00688,SmartOne Laptop Modelo 181,"Laptop SmartOne, modelo 181, producto para uso general.",9431.60,103,1,2026-05-21 09:00:00,2026-06-10 17:00:00
689,SKU-00689,SmartOne Mouse Modelo 182,"Mouse SmartOne, modelo 182, producto para uso general.",392.96,120,1,2026-05-22 09:00:00,2026-06-12 18:00:00
690,SKU-00690,SmartOne Teclado Modelo 183,"Teclado SmartOne, modelo 183, producto para uso general.",1234.34,137,1,2026-05-23 09:00:00,2026-06-14 19:00:00
691,SKU-00691,SmartOne Monitor Modelo 184,"Monitor SmartOne, modelo 184, producto para uso general.",3435.71,154,1,2026-05-24 09:00:00,2026-06-16 20:00:00
692,SKU-00692,SmartOne Audífonos Modelo 185,"Audífonos SmartOne, modelo 185, producto para uso general.",1287.08,171,1,2026-05-25 09:00:00,2026-06-18 09:00:00
693,SKU-00693,SmartOne Webcam Modelo 186,"Webcam SmartOne, modelo 186, producto para uso general.",1438.45,188,1,2026-05-26 09:00:00,2026-06-20 10:00:00
694,SKU-00694,SmartOne Memoria USB Modelo 187,"Memoria USB SmartOne, modelo 187, producto para uso general.",529.81,4,1,2026-05-27 09:00:00,2026-06-22 11:00:00
695,SKU-00695,SmartOne Disco SSD Modelo 188,"Disco SSD SmartOne, modelo 188, producto para uso general.",1841.19,21,1,2026-05-28 09:00:00,2026-06-24 12:00:00
696,SKU-00696,SmartOne Router Modelo 189,"Router SmartOne, modelo 189, producto para uso general.",1542.56,38,1,2026-05-29 09:00:00,2026-06-26 13:00:00
697,SKU-00697,SmartOne Impresora Modelo 190,"Impresora SmartOne, modelo 190, producto para uso general.",2743.93,55,1,2026-05-30 09:00:00,2026-06-28 14:00:00
698,SKU-00698,SmartOne Bocina Bluetooth Modelo 191,"Bocina Bluetooth SmartOne, modelo 191, producto para uso general.",1395.30,72,1,2026-05-31 09:00:00,2026-05-31 15:00:00
699,SKU-00699,SmartOne Tablet Modelo 192,"Tablet SmartOne, modelo 192, producto para uso general.",3446.67,89,1,2026-06-01 09:00:00,2026-06-02 16:00:00
700,SKU-00700,SmartOne Cargador Modelo 193,"Cargador SmartOne, modelo 193, producto para uso general.",1128.04,106,1,2026-06-02 09:00:00,2026-06-04 17:00:00
701,SKU-00701,SmartOne Cable USB Modelo 194,"Cable USB SmartOne, modelo 194, producto para uso general.",189.39,123,1,2026-06-03 09:00:00,2026-06-06 18:00:00
702,SKU-00702,SmartOne Smartwatch Modelo 195,"Smartwatch SmartOne, modelo 195, producto para uso general.",1650.78,140,1,2026-06-04 09:00:00,2026-06-08 19:00:00
703,SKU-00703,SmartOne Teclado mecánico Modelo 196,"Teclado mecánico SmartOne, modelo 196, producto para uso general.",1652.15,157,1,2026-06-05 09:00:00,2026-06-10 20:00:00
704,SKU-00704,SmartOne Silla de oficina Modelo 197,"Silla de oficina SmartOne, modelo 197, producto para uso general.",2753.52,174,1,2026-06-06 09:00:00,2026-06-12 09:00:00
705,SKU-00705,SmartOne Mochila Modelo 198,"Mochila SmartOne, modelo 198, producto para uso general.",1404.89,191,1,2026-06-07 09:00:00,2026-06-14 10:00:00
706,SKU-00706,SmartOne Cámara Modelo 199,"Cámara SmartOne, modelo 199, producto para uso general.",4456.26,7,1,2026-06-08 09:00:00,2026-06-16 11:00:00
707,SKU-00707,SmartOne Micrófono Modelo 200,"Micrófono SmartOne, modelo 200, producto para uso general.",1857.63,24,1,2026-06-09 09:00:00,2026-06-18 12:00:00
708,SKU-00708,ProLine Laptop Modelo 201,"Laptop ProLine, modelo 201, producto para uso general.",9459.00,41,1,2026-06-10 09:00:00,2026-06-20 13:00:00
709,SKU-00709,ProLine Mouse Modelo 202,"Mouse ProLine, modelo 202, producto para uso general.",420.36,58,1,2026-06-11 09:00:00,2026-06-22 14:00:00
710,SKU-00710,ProLine Teclado Modelo 203,"Teclado ProLine, modelo 203, producto para uso general.",1261.74,75,1,2026-06-12 09:00:00,2026-06-24 15:00:00
711,SKU-00711,ProLine Monitor Modelo 204,"Monitor ProLine, modelo 204, producto para uso general.",3463.11,92,1,2026-06-13 09:00:00,2026-06-26 16:00:00
712,SKU-00712,ProLine Audífonos Modelo 205,"Audífonos ProLine, modelo 205, producto para uso general.",1314.48,109,1,2026-06-14 09:00:00,2026-06-28 17:00:00
713,SKU-00713,ProLine Webcam Modelo 206,"Webcam ProLine, modelo 206, producto para uso general.",1465.85,126,1,2026-06-15 09:00:00,2026-06-30 18:00:00
714,SKU-00714,ProLine Memoria USB Modelo 207,"Memoria USB ProLine, modelo 207, producto para uso general.",557.21,143,1,2026-06-16 09:00:00,2026-07-02 19:00:00
715,SKU-00715,ProLine Disco SSD Modelo 208,"Disco SSD ProLine, modelo 208, producto para uso general.",1868.59,160,1,2026-06-17 09:00:00,2026-07-04 20:00:00
716,SKU-00716,ProLine Router Modelo 209,"Router ProLine, modelo 209, producto para uso general.",1569.96,177,1,2026-06-18 09:00:00,2026-07-06 09:00:00
717,SKU-00717,ProLine Impresora Modelo 210,"Impresora ProLine, modelo 210, producto para uso general.",2771.33,194,1,2026-06-19 09:00:00,2026-07-08 10:00:00
718,SKU-00718,ProLine Bocina Bluetooth Modelo 211,"Bocina Bluetooth ProLine, modelo 211, producto para uso general.",1422.70,10,1,2026-06-20 09:00:00,2026-07-10 11:00:00
719,SKU-00719,ProLine Tablet Modelo 212,"Tablet ProLine, modelo 212, producto para uso general.",3474.07,27,1,2026-06-21 09:00:00,2026-07-12 12:00:00
720,SKU-00720,ProLine Cargador Modelo 213,"Cargador ProLine, modelo 213, producto para uso general.",1155.44,44,1,2026-06-22 09:00:00,2026-07-14 13:00:00
721,SKU-00721,ProLine Cable USB Modelo 214,"Cable USB ProLine, modelo 214, producto para uso general.",216.79,61,1,2026-06-23 09:00:00,2026-07-16 14:00:00
722,SKU-00722,ProLine Smartwatch Modelo 215,"Smartwatch ProLine, modelo 215, producto para uso general.",1678.18,78,1,2026-06-24 09:00:00,2026-07-18 15:00:00
723,SKU-00723,ProLine Teclado mecánico Modelo 216,"Teclado mecánico ProLine, modelo 216, producto para uso general.",1679.55,95,1,2026-06-25 09:00:00,2026-07-20 16:00:00
724,SKU-00724,ProLine Silla de oficina Modelo 217,"Silla de oficina ProLine, modelo 217, producto para uso general.",2780.92,112,1,2026-06-26 09:00:00,2026-07-22 17:00:00
725,SKU-00725,ProLine Mochila Modelo 218,"Mochila ProLine, modelo 218, producto para uso general.",1432.29,129,1,2026-06-27 09:00:00,2026-07-24 18:00:00
726,SKU-00726,ProLine Cámara Modelo 219,"Cámara ProLine, modelo 219, producto para uso general.",4483.66,146,1,2026-06-28 09:00:00,2026-07-26 19:00:00
727,SKU-00727,ProLine Micrófono Modelo 220,"Micrófono ProLine, modelo 220, producto para uso general.",1885.03,163,1,2026-06-29 09:00:00,2026-07-28 20:00:00
728,SKU-00728,Ultra Laptop Modelo 221,"Laptop Ultra, modelo 221, producto para uso general.",9486.40,180,1,2026-06-30 09:00:00,2026-06-30 09:00:00
729,SKU-00729,Ultra Mouse Modelo 222,"Mouse Ultra, modelo 222, producto para uso general.",447.76,197,1,2026-07-01 09:00:00,2026-07-02 10:00:00
730,SKU-00730,Ultra Teclado Modelo 223,"Teclado Ultra, modelo 223, producto para uso general.",1289.14,13,1,2026-07-02 09:00:00,2026-07-04 11:00:00
731,SKU-00731,Ultra Monitor Modelo 224,"Monitor Ultra, modelo 224, producto para uso general.",3490.51,30,1,2026-07-03 09:00:00,2026-07-06 12:00:00
732,SKU-00732,Ultra Audífonos Modelo 225,"Audífonos Ultra, modelo 225, producto para uso general.",1341.88,47,1,2026-07-04 09:00:00,2026-07-08 13:00:00
733,SKU-00733,Ultra Webcam Modelo 226,"Webcam Ultra, modelo 226, producto para uso general.",1493.25,64,1,2026-07-05 09:00:00,2026-07-10 14:00:00
734,SKU-00734,Ultra Memoria USB Modelo 227,"Memoria USB Ultra, modelo 227, producto para uso general.",584.61,81,1,2026-07-06 09:00:00,2026-07-12 15:00:00
735,SKU-00735,Ultra Disco SSD Modelo 228,"Disco SSD Ultra, modelo 228, producto para uso general.",1895.99,98,1,2026-07-07 09:00:00,2026-07-14 16:00:00
736,SKU-00736,Ultra Router Modelo 229,"Router Ultra, modelo 229, producto para uso general.",1597.36,115,1,2026-07-08 09:00:00,2026-07-16 17:00:00
737,SKU-00737,Ultra Impresora Modelo 230,"Impresora Ultra, modelo 230, producto para uso general.",2798.73,132,1,2026-07-09 09:00:00,2026-07-18 18:00:00
738,SKU-00738,Ultra Bocina Bluetooth Modelo 231,"Bocina Bluetooth Ultra, modelo 231, producto para uso general.",1450.10,149,1,2026-07-10 09:00:00,2026-07-20 19:00:00
739,SKU-00739,Ultra Tablet Modelo 232,"Tablet Ultra, modelo 232, producto para uso general.",3501.47,166,1,2026-07-11 09:00:00,2026-07-22 20:00:00
740,SKU-00740,Ultra Cargador Modelo 233,"Cargador Ultra, modelo 233, producto para uso general.",1182.84,183,1,2026-07-12 09:00:00,2026-07-24 09:00:00
741,SKU-00741,Ultra Cable USB Modelo 234,"Cable USB Ultra, modelo 234, producto para uso general.",244.19,200,1,2026-07-13 09:00:00,2026-07-26 10:00:00
742,SKU-00742,Ultra Smartwatch Modelo 235,"Smartwatch Ultra, modelo 235, producto para uso general.",1705.58,16,1,2026-07-14 09:00:00,2026-07-28 11:00:00
743,SKU-00743,Ultra Teclado mecánico Modelo 236,"Teclado mecánico Ultra, modelo 236, producto para uso general.",1706.95,33,1,2026-07-15 09:00:00,2026-07-30 12:00:00
744,SKU-00744,Ultra Silla de oficina Modelo 237,"Silla de oficina Ultra, modelo 237, producto para uso general.",2808.32,50,1,2026-07-16 09:00:00,2026-08-01 13:00:00
745,SKU-00745,Ultra Mochila Modelo 238,"Mochila Ultra, modelo 238, producto para uso general.",1459.69,67,1,2026-07-17 09:00:00,2026-08-03 14:00:00
746,SKU-00746,Ultra Cámara Modelo 239,"Cámara Ultra, modelo 239, producto para uso general.",4511.06,84,1,2026-07-18 09:00:00,2026-08-05 15:00:00
747,SKU-00747,Ultra Micrófono Modelo 240,"Micrófono Ultra, modelo 240, producto para uso general.",1912.43,101,1,2026-07-19 09:00:00,2026-08-07 16:00:00
748,SKU-00748,Vision Laptop Modelo 241,"Laptop Vision, modelo 241, producto para uso general.",9513.80,118,1,2026-07-20 09:00:00,2026-08-09 17:00:00
749,SKU-00749,Vision Mouse Modelo 242,"Mouse Vision, modelo 242, producto para uso general.",475.16,135,1,2026-07-21 09:00:00,2026-08-11 18:00:00
750,SKU-00750,Vision Teclado Modelo 243,"Teclado Vision, modelo 243, producto para uso general.",1316.54,152,1,2026-07-22 09:00:00,2026-08-13 19:00:00
751,SKU-00751,Vision Monitor Modelo 244,"Monitor Vision, modelo 244, producto para uso general.",3517.91,169,1,2026-07-23 09:00:00,2026-08-15 20:00:00
752,SKU-00752,Vision Audífonos Modelo 245,"Audífonos Vision, modelo 245, producto para uso general.",1369.28,186,1,2026-07-24 09:00:00,2026-08-17 09:00:00
753,SKU-00753,Vision Webcam Modelo 246,"Webcam Vision, modelo 246, producto para uso general.",1520.65,2,1,2026-07-25 09:00:00,2026-08-19 10:00:00
754,SKU-00754,Vision Memoria USB Modelo 247,"Memoria USB Vision, modelo 247, producto para uso general.",612.01,19,1,2026-07-26 09:00:00,2026-08-21 11:00:00
755,SKU-00755,Vision Disco SSD Modelo 248,"Disco SSD Vision, modelo 248, producto para uso general.",1923.39,36,1,2026-07-27 09:00:00,2026-08-23 12:00:00
756,SKU-00756,Vision Router Modelo 249,"Router Vision, modelo 249, producto para uso general.",1624.76,53,1,2026-07-28 09:00:00,2026-08-25 13:00:00
757,SKU-00757,Vision Impresora Modelo 250,"Impresora Vision, modelo 250, producto para uso general.",2826.13,70,1,2026-07-29 09:00:00,2026-08-27 14:00:00
758,SKU-00758,Vision Bocina Bluetooth Modelo 001,"Bocina Bluetooth Vision, modelo 001, producto para uso general.",1477.50,87,1,2026-07-30 09:00:00,2026-07-30 15:00:00
759,SKU-00759,Vision Tablet Modelo 002,"Tablet Vision, modelo 002, producto para uso general.",3528.87,104,1,2026-07-31 09:00:00,2026-08-01 16:00:00
760,SKU-00760,Vision Cargador Modelo 003,"Cargador Vision, modelo 003, producto para uso general.",190.23,121,1,2026-08-01 09:00:00,2026-08-03 17:00:00
761,SKU-00761,Vision Cable USB Modelo 004,"Cable USB Vision, modelo 004, producto para uso general.",271.59,138,1,2026-08-02 09:00:00,2026-08-05 18:00:00
762,SKU-00762,Vision Smartwatch Modelo 005,"Smartwatch Vision, modelo 005, producto para uso general.",1732.98,155,1,2026-08-03 09:00:00,2026-08-07 19:00:00
763,SKU-00763,Vision Teclado mecánico Modelo 006,"Teclado mecánico Vision, modelo 006, producto para uso general.",1734.35,172,1,2026-08-04 09:00:00,2026-08-09 20:00:00
764,SKU-00764,Vision Silla de oficina Modelo 007,"Silla de oficina Vision, modelo 007, producto para uso general.",2835.72,189,1,2026-08-05 09:00:00,2026-08-11 09:00:00
765,SKU-00765,Vision Mochila Modelo 008,"Mochila Vision, modelo 008, producto para uso general.",1487.09,5,1,2026-08-06 09:00:00,2026-08-13 10:00:00
766,SKU-00766,Vision Cámara Modelo 009,"Cámara Vision, modelo 009, producto para uso general.",4538.46,22,1,2026-08-07 09:00:00,2026-08-15 11:00:00
767,SKU-00767,Vision Micrófono Modelo 010,"Micrófono Vision, modelo 010, producto para uso general.",1939.83,39,1,2026-08-08 09:00:00,2026-08-17 12:00:00
768,SKU-00768,Connect Laptop Modelo 011,"Laptop Connect, modelo 011, producto para uso general.",9541.20,56,1,2026-08-09 09:00:00,2026-08-19 13:00:00
769,SKU-00769,Connect Mouse Modelo 012,"Mouse Connect, modelo 012, producto para uso general.",502.56,73,1,2026-08-10 09:00:00,2026-08-21 14:00:00
770,SKU-00770,Connect Teclado Modelo 013,"Teclado Connect, modelo 013, producto para uso general.",1343.94,90,1,2026-08-11 09:00:00,2026-08-23 15:00:00
771,SKU-00771,Connect Monitor Modelo 014,"Monitor Connect, modelo 014, producto para uso general.",3545.31,107,1,2026-08-12 09:00:00,2026-08-25 16:00:00
772,SKU-00772,Connect Audífonos Modelo 015,"Audífonos Connect, modelo 015, producto para uso general.",1396.68,124,1,2026-08-13 09:00:00,2026-08-27 17:00:00
773,SKU-00773,Connect Webcam Modelo 016,"Webcam Connect, modelo 016, producto para uso general.",1548.05,141,1,2026-08-14 09:00:00,2026-08-29 18:00:00
774,SKU-00774,Connect Memoria USB Modelo 017,"Memoria USB Connect, modelo 017, producto para uso general.",639.41,158,1,2026-08-15 09:00:00,2026-08-31 19:00:00
775,SKU-00775,Connect Disco SSD Modelo 018,"Disco SSD Connect, modelo 018, producto para uso general.",1950.79,175,1,2026-08-16 09:00:00,2026-09-02 20:00:00
776,SKU-00776,Connect Router Modelo 019,"Router Connect, modelo 019, producto para uso general.",1652.16,192,1,2026-08-17 09:00:00,2026-09-04 09:00:00
777,SKU-00777,Connect Impresora Modelo 020,"Impresora Connect, modelo 020, producto para uso general.",2853.53,8,1,2026-08-18 09:00:00,2026-09-06 10:00:00
778,SKU-00778,Connect Bocina Bluetooth Modelo 021,"Bocina Bluetooth Connect, modelo 021, producto para uso general.",1504.90,25,1,2026-08-19 09:00:00,2026-09-08 11:00:00
779,SKU-00779,Connect Tablet Modelo 022,"Tablet Connect, modelo 022, producto para uso general.",3556.27,42,1,2026-08-20 09:00:00,2026-09-10 12:00:00
780,SKU-00780,Connect Cargador Modelo 023,"Cargador Connect, modelo 023, producto para uso general.",217.63,59,1,2026-08-21 09:00:00,2026-09-12 13:00:00
781,SKU-00781,Connect Cable USB Modelo 024,"Cable USB Connect, modelo 024, producto para uso general.",298.99,76,1,2026-08-22 09:00:00,2026-09-14 14:00:00
782,SKU-00782,Connect Smartwatch Modelo 025,"Smartwatch Connect, modelo 025, producto para uso general.",1760.38,93,1,2026-08-23 09:00:00,2026-09-16 15:00:00
783,SKU-00783,Connect Teclado mecánico Modelo 026,"Teclado mecánico Connect, modelo 026, producto para uso general.",1761.75,110,1,2026-08-24 09:00:00,2026-09-18 16:00:00
784,SKU-00784,Connect Silla de oficina Modelo 027,"Silla de oficina Connect, modelo 027, producto para uso general.",2863.12,127,1,2026-08-25 09:00:00,2026-09-20 17:00:00
785,SKU-00785,Connect Mochila Modelo 028,"Mochila Connect, modelo 028, producto para uso general.",1514.49,144,1,2026-08-26 09:00:00,2026-09-22 18:00:00
786,SKU-00786,Connect Cámara Modelo 029,"Cámara Connect, modelo 029, producto para uso general.",4565.86,161,1,2026-08-27 09:00:00,2026-09-24 19:00:00
787,SKU-00787,Connect Micrófono Modelo 030,"Micrófono Connect, modelo 030, producto para uso general.",1967.23,178,1,2026-08-28 09:00:00,2026-09-26 20:00:00
788,SKU-00788,Advance Laptop Modelo 031,"Laptop Advance, modelo 031, producto para uso general.",9568.60,195,1,2026-08-29 09:00:00,2026-08-29 09:00:00
789,SKU-00789,Advance Mouse Modelo 032,"Mouse Advance, modelo 032, producto para uso general.",529.96,11,1,2026-08-30 09:00:00,2026-08-31 10:00:00
790,SKU-00790,Advance Teclado Modelo 033,"Teclado Advance, modelo 033, producto para uso general.",1371.34,28,1,2026-08-31 09:00:00,2026-09-02 11:00:00
791,SKU-00791,Advance Monitor Modelo 034,"Monitor Advance, modelo 034, producto para uso general.",3572.71,45,1,2026-09-01 09:00:00,2026-09-04 12:00:00
792,SKU-00792,Advance Audífonos Modelo 035,"Audífonos Advance, modelo 035, producto para uso general.",1424.08,62,1,2026-09-02 09:00:00,2026-09-06 13:00:00
793,SKU-00793,Advance Webcam Modelo 036,"Webcam Advance, modelo 036, producto para uso general.",1575.45,79,1,2026-09-03 09:00:00,2026-09-08 14:00:00
794,SKU-00794,Advance Memoria USB Modelo 037,"Memoria USB Advance, modelo 037, producto para uso general.",136.80,96,1,2026-09-04 09:00:00,2026-09-10 15:00:00
795,SKU-00795,Advance Disco SSD Modelo 038,"Disco SSD Advance, modelo 038, producto para uso general.",1978.19,113,1,2026-09-05 09:00:00,2026-09-12 16:00:00
796,SKU-00796,Advance Router Modelo 039,"Router Advance, modelo 039, producto para uso general.",1679.56,130,1,2026-09-06 09:00:00,2026-09-14 17:00:00
797,SKU-00797,Advance Impresora Modelo 040,"Impresora Advance, modelo 040, producto para uso general.",2880.93,147,1,2026-09-07 09:00:00,2026-09-16 18:00:00
798,SKU-00798,Advance Bocina Bluetooth Modelo 041,"Bocina Bluetooth Advance, modelo 041, producto para uso general.",1532.30,164,1,2026-09-08 09:00:00,2026-09-18 19:00:00
799,SKU-00799,Advance Tablet Modelo 042,"Tablet Advance, modelo 042, producto para uso general.",3583.67,181,1,2026-09-09 09:00:00,2026-09-20 20:00:00
800,SKU-00800,Advance Cargador Modelo 043,"Cargador Advance, modelo 043, producto para uso general.",245.03,198,1,2026-09-10 09:00:00,2026-09-22 09:00:00
801,SKU-00801,Advance Cable USB Modelo 044,"Cable USB Advance, modelo 044, producto para uso general.",326.39,14,1,2026-09-11 09:00:00,2026-09-24 10:00:00
802,SKU-00802,Advance Smartwatch Modelo 045,"Smartwatch Advance, modelo 045, producto para uso general.",1787.78,31,1,2026-09-12 09:00:00,2026-09-26 11:00:00
803,SKU-00803,Advance Teclado mecánico Modelo 046,"Teclado mecánico Advance, modelo 046, producto para uso general.",1789.15,48,1,2026-09-13 09:00:00,2026-09-28 12:00:00
804,SKU-00804,Advance Silla de oficina Modelo 047,"Silla de oficina Advance, modelo 047, producto para uso general.",2890.52,65,1,2026-09-14 09:00:00,2026-09-30 13:00:00
805,SKU-00805,Advance Mochila Modelo 048,"Mochila Advance, modelo 048, producto para uso general.",1541.89,82,1,2026-09-15 09:00:00,2026-10-02 14:00:00
806,SKU-00806,Advance Cámara Modelo 049,"Cámara Advance, modelo 049, producto para uso general.",4593.26,99,1,2026-09-16 09:00:00,2026-10-04 15:00:00
807,SKU-00807,Advance Micrófono Modelo 050,"Micrófono Advance, modelo 050, producto para uso general.",1994.63,116,1,2026-09-17 09:00:00,2026-10-06 16:00:00
808,SKU-00808,TechPro Laptop Modelo 051,"Laptop TechPro, modelo 051, producto para uso general.",9596.00,133,1,2026-09-18 09:00:00,2026-10-08 17:00:00
809,SKU-00809,TechPro Mouse Modelo 052,"Mouse TechPro, modelo 052, producto para uso general.",557.36,150,1,2026-09-19 09:00:00,2026-10-10 18:00:00
810,SKU-00810,TechPro Teclado Modelo 053,"Teclado TechPro, modelo 053, producto para uso general.",1398.74,167,1,2026-09-20 09:00:00,2026-10-12 19:00:00
811,SKU-00811,TechPro Monitor Modelo 054,"Monitor TechPro, modelo 054, producto para uso general.",3600.11,184,1,2026-09-21 09:00:00,2026-10-14 20:00:00
812,SKU-00812,TechPro Audífonos Modelo 055,"Audífonos TechPro, modelo 055, producto para uso general.",1451.48,0,0,2026-09-22 09:00:00,2026-10-16 09:00:00
813,SKU-00813,TechPro Webcam Modelo 056,"Webcam TechPro, modelo 056, producto para uso general.",1602.85,17,1,2026-09-23 09:00:00,2026-10-18 10:00:00
814,SKU-00814,TechPro Memoria USB Modelo 057,"Memoria USB TechPro, modelo 057, producto para uso general.",164.20,34,1,2026-09-24 09:00:00,2026-10-20 11:00:00
815,SKU-00815,TechPro Disco SSD Modelo 058,"Disco SSD TechPro, modelo 058, producto para uso general.",2005.59,51,1,2026-09-25 09:00:00,2026-10-22 12:00:00
816,SKU-00816,TechPro Router Modelo 059,"Router TechPro, modelo 059, producto para uso general.",1706.96,68,1,2026-09-26 09:00:00,2026-10-24 13:00:00
817,SKU-00817,TechPro Impresora Modelo 060,"Impresora TechPro, modelo 060, producto para uso general.",2908.33,85,1,2026-09-27 09:00:00,2026-10-26 14:00:00
818,SKU-00818,TechPro Bocina Bluetooth Modelo 061,"Bocina Bluetooth TechPro, modelo 061, producto para uso general.",1559.70,102,1,2026-01-01 09:00:00,2026-01-01 15:00:00
819,SKU-00819,TechPro Tablet Modelo 062,"Tablet TechPro, modelo 062, producto para uso general.",3611.07,119,1,2026-01-02 09:00:00,2026-01-03 16:00:00
820,SKU-00820,TechPro Cargador Modelo 063,"Cargador TechPro, modelo 063, producto para uso general.",272.43,136,1,2026-01-03 09:00:00,2026-01-05 17:00:00
821,SKU-00821,TechPro Cable USB Modelo 064,"Cable USB TechPro, modelo 064, producto para uso general.",353.79,153,1,2026-01-04 09:00:00,2026-01-07 18:00:00
822,SKU-00822,TechPro Smartwatch Modelo 065,"Smartwatch TechPro, modelo 065, producto para uso general.",1815.18,170,1,2026-01-05 09:00:00,2026-01-09 19:00:00
823,SKU-00823,TechPro Teclado mecánico Modelo 066,"Teclado mecánico TechPro, modelo 066, producto para uso general.",1816.55,187,1,2026-01-06 09:00:00,2026-01-11 20:00:00
824,SKU-00824,TechPro Silla de oficina Modelo 067,"Silla de oficina TechPro, modelo 067, producto para uso general.",2917.92,3,1,2026-01-07 09:00:00,2026-01-13 09:00:00
825,SKU-00825,TechPro Mochila Modelo 068,"Mochila TechPro, modelo 068, producto para uso general.",1569.29,20,1,2026-01-08 09:00:00,2026-01-15 10:00:00
826,SKU-00826,TechPro Cámara Modelo 069,"Cámara TechPro, modelo 069, producto para uso general.",4620.66,37,1,2026-01-09 09:00:00,2026-01-17 11:00:00
827,SKU-00827,TechPro Micrófono Modelo 070,"Micrófono TechPro, modelo 070, producto para uso general.",2022.03,54,1,2026-01-10 09:00:00,2026-01-19 12:00:00
828,SKU-00828,Nova Laptop Modelo 071,"Laptop Nova, modelo 071, producto para uso general.",9623.40,71,1,2026-01-11 09:00:00,2026-01-21 13:00:00
829,SKU-00829,Nova Mouse Modelo 072,"Mouse Nova, modelo 072, producto para uso general.",584.76,88,1,2026-01-12 09:00:00,2026-01-23 14:00:00
830,SKU-00830,Nova Teclado Modelo 073,"Teclado Nova, modelo 073, producto para uso general.",1426.14,105,1,2026-01-13 09:00:00,2026-01-25 15:00:00
831,SKU-00831,Nova Monitor Modelo 074,"Monitor Nova, modelo 074, producto para uso general.",3627.51,122,1,2026-01-14 09:00:00,2026-01-27 16:00:00
832,SKU-00832,Nova Audífonos Modelo 075,"Audífonos Nova, modelo 075, producto para uso general.",1478.88,139,1,2026-01-15 09:00:00,2026-01-29 17:00:00
833,SKU-00833,Nova Webcam Modelo 076,"Webcam Nova, modelo 076, producto para uso general.",1630.25,156,1,2026-01-16 09:00:00,2026-01-31 18:00:00
834,SKU-00834,Nova Memoria USB Modelo 077,"Memoria USB Nova, modelo 077, producto para uso general.",191.60,173,1,2026-01-17 09:00:00,2026-02-02 19:00:00
835,SKU-00835,Nova Disco SSD Modelo 078,"Disco SSD Nova, modelo 078, producto para uso general.",2032.99,190,1,2026-01-18 09:00:00,2026-02-04 20:00:00
836,SKU-00836,Nova Router Modelo 079,"Router Nova, modelo 079, producto para uso general.",1734.36,6,1,2026-01-19 09:00:00,2026-02-06 09:00:00
837,SKU-00837,Nova Impresora Modelo 080,"Impresora Nova, modelo 080, producto para uso general.",2935.73,23,1,2026-01-20 09:00:00,2026-02-08 10:00:00
838,SKU-00838,Nova Bocina Bluetooth Modelo 081,"Bocina Bluetooth Nova, modelo 081, producto para uso general.",1587.10,40,1,2026-01-21 09:00:00,2026-02-10 11:00:00
839,SKU-00839,Nova Tablet Modelo 082,"Tablet Nova, modelo 082, producto para uso general.",3638.47,57,1,2026-01-22 09:00:00,2026-02-12 12:00:00
840,SKU-00840,Nova Cargador Modelo 083,"Cargador Nova, modelo 083, producto para uso general.",299.83,74,1,2026-01-23 09:00:00,2026-02-14 13:00:00
841,SKU-00841,Nova Cable USB Modelo 084,"Cable USB Nova, modelo 084, producto para uso general.",381.19,91,1,2026-01-24 09:00:00,2026-02-16 14:00:00
842,SKU-00842,Nova Smartwatch Modelo 085,"Smartwatch Nova, modelo 085, producto para uso general.",1842.58,108,1,2026-01-25 09:00:00,2026-02-18 15:00:00
843,SKU-00843,Nova Teclado mecánico Modelo 086,"Teclado mecánico Nova, modelo 086, producto para uso general.",1843.95,125,1,2026-01-26 09:00:00,2026-02-20 16:00:00
844,SKU-00844,Nova Silla de oficina Modelo 087,"Silla de oficina Nova, modelo 087, producto para uso general.",2945.32,142,1,2026-01-27 09:00:00,2026-02-22 17:00:00
845,SKU-00845,Nova Mochila Modelo 088,"Mochila Nova, modelo 088, producto para uso general.",1596.69,159,1,2026-01-28 09:00:00,2026-02-24 18:00:00
846,SKU-00846,Nova Cámara Modelo 089,"Cámara Nova, modelo 089, producto para uso general.",4648.06,176,1,2026-01-29 09:00:00,2026-02-26 19:00:00
847,SKU-00847,Nova Micrófono Modelo 090,"Micrófono Nova, modelo 090, producto para uso general.",2049.43,193,1,2026-01-30 09:00:00,2026-02-28 20:00:00
848,SKU-00848,MaxiTech Laptop Modelo 091,"Laptop MaxiTech, modelo 091, producto para uso general.",9650.80,9,1,2026-01-31 09:00:00,2026-01-31 09:00:00
849,SKU-00849,MaxiTech Mouse Modelo 092,"Mouse MaxiTech, modelo 092, producto para uso general.",612.16,26,1,2026-02-01 09:00:00,2026-02-02 10:00:00
850,SKU-00850,MaxiTech Teclado Modelo 093,"Teclado MaxiTech, modelo 093, producto para uso general.",1453.54,43,1,2026-02-02 09:00:00,2026-02-04 11:00:00
851,SKU-00851,MaxiTech Monitor Modelo 094,"Monitor MaxiTech, modelo 094, producto para uso general.",3654.91,60,1,2026-02-03 09:00:00,2026-02-06 12:00:00
852,SKU-00852,MaxiTech Audífonos Modelo 095,"Audífonos MaxiTech, modelo 095, producto para uso general.",1506.28,77,1,2026-02-04 09:00:00,2026-02-08 13:00:00
853,SKU-00853,MaxiTech Webcam Modelo 096,"Webcam MaxiTech, modelo 096, producto para uso general.",1657.65,94,1,2026-02-05 09:00:00,2026-02-10 14:00:00
854,SKU-00854,MaxiTech Memoria USB Modelo 097,"Memoria USB MaxiTech, modelo 097, producto para uso general.",219.00,111,1,2026-02-06 09:00:00,2026-02-12 15:00:00
855,SKU-00855,MaxiTech Disco SSD Modelo 098,"Disco SSD MaxiTech, modelo 098, producto para uso general.",2060.39,128,1,2026-02-07 09:00:00,2026-02-14 16:00:00
856,SKU-00856,MaxiTech Router Modelo 099,"Router MaxiTech, modelo 099, producto para uso general.",1761.76,145,1,2026-02-08 09:00:00,2026-02-16 17:00:00
857,SKU-00857,MaxiTech Impresora Modelo 100,"Impresora MaxiTech, modelo 100, producto para uso general.",2963.13,162,1,2026-02-09 09:00:00,2026-02-18 18:00:00
858,SKU-00858,MaxiTech Bocina Bluetooth Modelo 101,"Bocina Bluetooth MaxiTech, modelo 101, producto para uso general.",1614.50,179,1,2026-02-10 09:00:00,2026-02-20 19:00:00
859,SKU-00859,MaxiTech Tablet Modelo 102,"Tablet MaxiTech, modelo 102, producto para uso general.",3665.87,196,1,2026-02-11 09:00:00,2026-02-22 20:00:00
860,SKU-00860,MaxiTech Cargador Modelo 103,"Cargador MaxiTech, modelo 103, producto para uso general.",327.23,12,1,2026-02-12 09:00:00,2026-02-24 09:00:00
861,SKU-00861,MaxiTech Cable USB Modelo 104,"Cable USB MaxiTech, modelo 104, producto para uso general.",408.59,29,1,2026-02-13 09:00:00,2026-02-26 10:00:00
862,SKU-00862,MaxiTech Smartwatch Modelo 105,"Smartwatch MaxiTech, modelo 105, producto para uso general.",1869.98,46,1,2026-02-14 09:00:00,2026-02-28 11:00:00
863,SKU-00863,MaxiTech Teclado mecánico Modelo 106,"Teclado mecánico MaxiTech, modelo 106, producto para uso general.",1871.35,63,1,2026-02-15 09:00:00,2026-03-02 12:00:00
864,SKU-00864,MaxiTech Silla de oficina Modelo 107,"Silla de oficina MaxiTech, modelo 107, producto para uso general.",2972.72,80,1,2026-02-16 09:00:00,2026-03-04 13:00:00
865,SKU-00865,MaxiTech Mochila Modelo 108,"Mochila MaxiTech, modelo 108, producto para uso general.",1624.09,97,1,2026-02-17 09:00:00,2026-03-06 14:00:00
866,SKU-00866,MaxiTech Cámara Modelo 109,"Cámara MaxiTech, modelo 109, producto para uso general.",4675.46,114,1,2026-02-18 09:00:00,2026-03-08 15:00:00
867,SKU-00867,MaxiTech Micrófono Modelo 110,"Micrófono MaxiTech, modelo 110, producto para uso general.",2076.83,131,1,2026-02-19 09:00:00,2026-03-10 16:00:00
868,SKU-00868,DigitalX Laptop Modelo 111,"Laptop DigitalX, modelo 111, producto para uso general.",9678.20,148,1,2026-02-20 09:00:00,2026-03-12 17:00:00
869,SKU-00869,DigitalX Mouse Modelo 112,"Mouse DigitalX, modelo 112, producto para uso general.",639.56,165,1,2026-02-21 09:00:00,2026-03-14 18:00:00
870,SKU-00870,DigitalX Teclado Modelo 113,"Teclado DigitalX, modelo 113, producto para uso general.",1480.94,182,1,2026-02-22 09:00:00,2026-03-16 19:00:00
871,SKU-00871,DigitalX Monitor Modelo 114,"Monitor DigitalX, modelo 114, producto para uso general.",3682.31,199,1,2026-02-23 09:00:00,2026-03-18 20:00:00
872,SKU-00872,DigitalX Audífonos Modelo 115,"Audífonos DigitalX, modelo 115, producto para uso general.",1533.68,15,1,2026-02-24 09:00:00,2026-03-20 09:00:00
873,SKU-00873,DigitalX Webcam Modelo 116,"Webcam DigitalX, modelo 116, producto para uso general.",1685.05,32,1,2026-02-25 09:00:00,2026-03-22 10:00:00
874,SKU-00874,DigitalX Memoria USB Modelo 117,"Memoria USB DigitalX, modelo 117, producto para uso general.",246.40,49,1,2026-02-26 09:00:00,2026-03-24 11:00:00
875,SKU-00875,DigitalX Disco SSD Modelo 118,"Disco SSD DigitalX, modelo 118, producto para uso general.",2087.79,66,1,2026-02-27 09:00:00,2026-03-26 12:00:00
876,SKU-00876,DigitalX Router Modelo 119,"Router DigitalX, modelo 119, producto para uso general.",1789.16,83,1,2026-02-28 09:00:00,2026-03-28 13:00:00
877,SKU-00877,DigitalX Impresora Modelo 120,"Impresora DigitalX, modelo 120, producto para uso general.",2990.53,100,1,2026-03-01 09:00:00,2026-03-30 14:00:00
878,SKU-00878,DigitalX Bocina Bluetooth Modelo 121,"Bocina Bluetooth DigitalX, modelo 121, producto para uso general.",1641.90,117,1,2026-03-02 09:00:00,2026-03-02 15:00:00
879,SKU-00879,DigitalX Tablet Modelo 122,"Tablet DigitalX, modelo 122, producto para uso general.",3693.27,134,1,2026-03-03 09:00:00,2026-03-04 16:00:00
880,SKU-00880,DigitalX Cargador Modelo 123,"Cargador DigitalX, modelo 123, producto para uso general.",354.63,151,1,2026-03-04 09:00:00,2026-03-06 17:00:00
881,SKU-00881,DigitalX Cable USB Modelo 124,"Cable USB DigitalX, modelo 124, producto para uso general.",435.99,168,1,2026-03-05 09:00:00,2026-03-08 18:00:00
882,SKU-00882,DigitalX Smartwatch Modelo 125,"Smartwatch DigitalX, modelo 125, producto para uso general.",1897.38,185,1,2026-03-06 09:00:00,2026-03-10 19:00:00
883,SKU-00883,DigitalX Teclado mecánico Modelo 126,"Teclado mecánico DigitalX, modelo 126, producto para uso general.",1898.75,1,1,2026-03-07 09:00:00,2026-03-12 20:00:00
884,SKU-00884,DigitalX Silla de oficina Modelo 127,"Silla de oficina DigitalX, modelo 127, producto para uso general.",3000.12,18,1,2026-03-08 09:00:00,2026-03-14 09:00:00
885,SKU-00885,DigitalX Mochila Modelo 128,"Mochila DigitalX, modelo 128, producto para uso general.",1651.49,35,1,2026-03-09 09:00:00,2026-03-16 10:00:00
886,SKU-00886,DigitalX Cámara Modelo 129,"Cámara DigitalX, modelo 129, producto para uso general.",4702.86,52,1,2026-03-10 09:00:00,2026-03-18 11:00:00
887,SKU-00887,DigitalX Micrófono Modelo 130,"Micrófono DigitalX, modelo 130, producto para uso general.",2104.23,69,1,2026-03-11 09:00:00,2026-03-20 12:00:00
888,SKU-00888,SmartOne Laptop Modelo 131,"Laptop SmartOne, modelo 131, producto para uso general.",9705.60,86,1,2026-03-12 09:00:00,2026-03-22 13:00:00
889,SKU-00889,SmartOne Mouse Modelo 132,"Mouse SmartOne, modelo 132, producto para uso general.",666.96,103,1,2026-03-13 09:00:00,2026-03-24 14:00:00
890,SKU-00890,SmartOne Teclado Modelo 133,"Teclado SmartOne, modelo 133, producto para uso general.",1508.34,120,1,2026-03-14 09:00:00,2026-03-26 15:00:00
891,SKU-00891,SmartOne Monitor Modelo 134,"Monitor SmartOne, modelo 134, producto para uso general.",3709.71,137,1,2026-03-15 09:00:00,2026-03-28 16:00:00
892,SKU-00892,SmartOne Audífonos Modelo 135,"Audífonos SmartOne, modelo 135, producto para uso general.",1561.08,154,1,2026-03-16 09:00:00,2026-03-30 17:00:00
893,SKU-00893,SmartOne Webcam Modelo 136,"Webcam SmartOne, modelo 136, producto para uso general.",1712.45,171,1,2026-03-17 09:00:00,2026-04-01 18:00:00
894,SKU-00894,SmartOne Memoria USB Modelo 137,"Memoria USB SmartOne, modelo 137, producto para uso general.",273.80,188,1,2026-03-18 09:00:00,2026-04-03 19:00:00
895,SKU-00895,SmartOne Disco SSD Modelo 138,"Disco SSD SmartOne, modelo 138, producto para uso general.",2115.19,4,1,2026-03-19 09:00:00,2026-04-05 20:00:00
896,SKU-00896,SmartOne Router Modelo 139,"Router SmartOne, modelo 139, producto para uso general.",1816.56,21,1,2026-03-20 09:00:00,2026-04-07 09:00:00
897,SKU-00897,SmartOne Impresora Modelo 140,"Impresora SmartOne, modelo 140, producto para uso general.",3017.93,38,1,2026-03-21 09:00:00,2026-04-09 10:00:00
898,SKU-00898,SmartOne Bocina Bluetooth Modelo 141,"Bocina Bluetooth SmartOne, modelo 141, producto para uso general.",1669.30,55,1,2026-03-22 09:00:00,2026-04-11 11:00:00
899,SKU-00899,SmartOne Tablet Modelo 142,"Tablet SmartOne, modelo 142, producto para uso general.",3720.67,72,1,2026-03-23 09:00:00,2026-04-13 12:00:00
900,SKU-00900,SmartOne Cargador Modelo 143,"Cargador SmartOne, modelo 143, producto para uso general.",382.03,89,1,2026-03-24 09:00:00,2026-04-15 13:00:00
901,SKU-00901,SmartOne Cable USB Modelo 144,"Cable USB SmartOne, modelo 144, producto para uso general.",463.39,106,1,2026-03-25 09:00:00,2026-04-17 14:00:00
902,SKU-00902,SmartOne Smartwatch Modelo 145,"Smartwatch SmartOne, modelo 145, producto para uso general.",1924.78,123,1,2026-03-26 09:00:00,2026-04-19 15:00:00
903,SKU-00903,SmartOne Teclado mecánico Modelo 146,"Teclado mecánico SmartOne, modelo 146, producto para uso general.",1926.15,140,1,2026-03-27 09:00:00,2026-04-21 16:00:00
904,SKU-00904,SmartOne Silla de oficina Modelo 147,"Silla de oficina SmartOne, modelo 147, producto para uso general.",3027.52,157,1,2026-03-28 09:00:00,2026-04-23 17:00:00
905,SKU-00905,SmartOne Mochila Modelo 148,"Mochila SmartOne, modelo 148, producto para uso general.",1678.89,174,1,2026-03-29 09:00:00,2026-04-25 18:00:00
906,SKU-00906,SmartOne Cámara Modelo 149,"Cámara SmartOne, modelo 149, producto para uso general.",4730.26,191,1,2026-03-30 09:00:00,2026-04-27 19:00:00
907,SKU-00907,SmartOne Micrófono Modelo 150,"Micrófono SmartOne, modelo 150, producto para uso general.",2131.63,7,1,2026-03-31 09:00:00,2026-04-29 20:00:00
908,SKU-00908,ProLine Laptop Modelo 151,"Laptop ProLine, modelo 151, producto para uso general.",9733.00,24,1,2026-04-01 09:00:00,2026-04-01 09:00:00
909,SKU-00909,ProLine Mouse Modelo 152,"Mouse ProLine, modelo 152, producto para uso general.",694.36,41,1,2026-04-02 09:00:00,2026-04-03 10:00:00
910,SKU-00910,ProLine Teclado Modelo 153,"Teclado ProLine, modelo 153, producto para uso general.",1535.74,58,1,2026-04-03 09:00:00,2026-04-05 11:00:00
911,SKU-00911,ProLine Monitor Modelo 154,"Monitor ProLine, modelo 154, producto para uso general.",3737.11,75,1,2026-04-04 09:00:00,2026-04-07 12:00:00
912,SKU-00912,ProLine Audífonos Modelo 155,"Audífonos ProLine, modelo 155, producto para uso general.",1588.48,92,1,2026-04-05 09:00:00,2026-04-09 13:00:00
913,SKU-00913,ProLine Webcam Modelo 156,"Webcam ProLine, modelo 156, producto para uso general.",1739.85,109,1,2026-04-06 09:00:00,2026-04-11 14:00:00
914,SKU-00914,ProLine Memoria USB Modelo 157,"Memoria USB ProLine, modelo 157, producto para uso general.",301.20,126,1,2026-04-07 09:00:00,2026-04-13 15:00:00
915,SKU-00915,ProLine Disco SSD Modelo 158,"Disco SSD ProLine, modelo 158, producto para uso general.",2142.59,143,1,2026-04-08 09:00:00,2026-04-15 16:00:00
916,SKU-00916,ProLine Router Modelo 159,"Router ProLine, modelo 159, producto para uso general.",1843.96,160,1,2026-04-09 09:00:00,2026-04-17 17:00:00
917,SKU-00917,ProLine Impresora Modelo 160,"Impresora ProLine, modelo 160, producto para uso general.",3045.33,177,1,2026-04-10 09:00:00,2026-04-19 18:00:00
918,SKU-00918,ProLine Bocina Bluetooth Modelo 161,"Bocina Bluetooth ProLine, modelo 161, producto para uso general.",1696.70,194,1,2026-04-11 09:00:00,2026-04-21 19:00:00
919,SKU-00919,ProLine Tablet Modelo 162,"Tablet ProLine, modelo 162, producto para uso general.",3748.07,10,1,2026-04-12 09:00:00,2026-04-23 20:00:00
920,SKU-00920,ProLine Cargador Modelo 163,"Cargador ProLine, modelo 163, producto para uso general.",409.43,27,1,2026-04-13 09:00:00,2026-04-25 09:00:00
921,SKU-00921,ProLine Cable USB Modelo 164,"Cable USB ProLine, modelo 164, producto para uso general.",490.79,44,1,2026-04-14 09:00:00,2026-04-27 10:00:00
922,SKU-00922,ProLine Smartwatch Modelo 165,"Smartwatch ProLine, modelo 165, producto para uso general.",1952.18,61,1,2026-04-15 09:00:00,2026-04-29 11:00:00
923,SKU-00923,ProLine Teclado mecánico Modelo 166,"Teclado mecánico ProLine, modelo 166, producto para uso general.",1953.55,78,1,2026-04-16 09:00:00,2026-05-01 12:00:00
924,SKU-00924,ProLine Silla de oficina Modelo 167,"Silla de oficina ProLine, modelo 167, producto para uso general.",3054.92,95,1,2026-04-17 09:00:00,2026-05-03 13:00:00
925,SKU-00925,ProLine Mochila Modelo 168,"Mochila ProLine, modelo 168, producto para uso general.",1706.29,112,1,2026-04-18 09:00:00,2026-05-05 14:00:00
926,SKU-00926,ProLine Cámara Modelo 169,"Cámara ProLine, modelo 169, producto para uso general.",4757.66,129,1,2026-04-19 09:00:00,2026-05-07 15:00:00
927,SKU-00927,ProLine Micrófono Modelo 170,"Micrófono ProLine, modelo 170, producto para uso general.",2159.03,146,1,2026-04-20 09:00:00,2026-05-09 16:00:00
928,SKU-00928,Ultra Laptop Modelo 171,"Laptop Ultra, modelo 171, producto para uso general.",9760.40,163,1,2026-04-21 09:00:00,2026-05-11 17:00:00
929,SKU-00929,Ultra Mouse Modelo 172,"Mouse Ultra, modelo 172, producto para uso general.",721.76,180,1,2026-04-22 09:00:00,2026-05-13 18:00:00
930,SKU-00930,Ultra Teclado Modelo 173,"Teclado Ultra, modelo 173, producto para uso general.",1563.14,197,1,2026-04-23 09:00:00,2026-05-15 19:00:00
931,SKU-00931,Ultra Monitor Modelo 174,"Monitor Ultra, modelo 174, producto para uso general.",3764.51,13,1,2026-04-24 09:00:00,2026-05-17 20:00:00
932,SKU-00932,Ultra Audífonos Modelo 175,"Audífonos Ultra, modelo 175, producto para uso general.",1615.88,30,1,2026-04-25 09:00:00,2026-05-19 09:00:00
933,SKU-00933,Ultra Webcam Modelo 176,"Webcam Ultra, modelo 176, producto para uso general.",1767.25,47,1,2026-04-26 09:00:00,2026-05-21 10:00:00
934,SKU-00934,Ultra Memoria USB Modelo 177,"Memoria USB Ultra, modelo 177, producto para uso general.",328.60,64,1,2026-04-27 09:00:00,2026-05-23 11:00:00
935,SKU-00935,Ultra Disco SSD Modelo 178,"Disco SSD Ultra, modelo 178, producto para uso general.",2169.99,81,1,2026-04-28 09:00:00,2026-05-25 12:00:00
936,SKU-00936,Ultra Router Modelo 179,"Router Ultra, modelo 179, producto para uso general.",1871.36,98,1,2026-04-29 09:00:00,2026-05-27 13:00:00
937,SKU-00937,Ultra Impresora Modelo 180,"Impresora Ultra, modelo 180, producto para uso general.",3072.73,115,1,2026-04-30 09:00:00,2026-05-29 14:00:00
938,SKU-00938,Ultra Bocina Bluetooth Modelo 181,"Bocina Bluetooth Ultra, modelo 181, producto para uso general.",1724.10,132,1,2026-05-01 09:00:00,2026-05-01 15:00:00
939,SKU-00939,Ultra Tablet Modelo 182,"Tablet Ultra, modelo 182, producto para uso general.",3775.47,149,1,2026-05-02 09:00:00,2026-05-03 16:00:00
940,SKU-00940,Ultra Cargador Modelo 183,"Cargador Ultra, modelo 183, producto para uso general.",436.83,166,1,2026-05-03 09:00:00,2026-05-05 17:00:00
941,SKU-00941,Ultra Cable USB Modelo 184,"Cable USB Ultra, modelo 184, producto para uso general.",98.18,183,1,2026-05-04 09:00:00,2026-05-07 18:00:00
942,SKU-00942,Ultra Smartwatch Modelo 185,"Smartwatch Ultra, modelo 185, producto para uso general.",1979.58,200,1,2026-05-05 09:00:00,2026-05-09 19:00:00
943,SKU-00943,Ultra Teclado mecánico Modelo 186,"Teclado mecánico Ultra, modelo 186, producto para uso general.",1980.95,16,1,2026-05-06 09:00:00,2026-05-11 20:00:00
944,SKU-00944,Ultra Silla de oficina Modelo 187,"Silla de oficina Ultra, modelo 187, producto para uso general.",3082.32,33,1,2026-05-07 09:00:00,2026-05-13 09:00:00
945,SKU-00945,Ultra Mochila Modelo 188,"Mochila Ultra, modelo 188, producto para uso general.",1733.69,50,1,2026-05-08 09:00:00,2026-05-15 10:00:00
946,SKU-00946,Ultra Cámara Modelo 189,"Cámara Ultra, modelo 189, producto para uso general.",4785.06,67,1,2026-05-09 09:00:00,2026-05-17 11:00:00
947,SKU-00947,Ultra Micrófono Modelo 190,"Micrófono Ultra, modelo 190, producto para uso general.",2186.43,84,1,2026-05-10 09:00:00,2026-05-19 12:00:00
948,SKU-00948,Vision Laptop Modelo 191,"Laptop Vision, modelo 191, producto para uso general.",9787.80,101,1,2026-05-11 09:00:00,2026-05-21 13:00:00
949,SKU-00949,Vision Mouse Modelo 192,"Mouse Vision, modelo 192, producto para uso general.",749.16,118,1,2026-05-12 09:00:00,2026-05-23 14:00:00
950,SKU-00950,Vision Teclado Modelo 193,"Teclado Vision, modelo 193, producto para uso general.",1590.54,135,1,2026-05-13 09:00:00,2026-05-25 15:00:00
951,SKU-00951,Vision Monitor Modelo 194,"Monitor Vision, modelo 194, producto para uso general.",3791.91,152,1,2026-05-14 09:00:00,2026-05-27 16:00:00
952,SKU-00952,Vision Audífonos Modelo 195,"Audífonos Vision, modelo 195, producto para uso general.",1643.28,169,1,2026-05-15 09:00:00,2026-05-29 17:00:00
953,SKU-00953,Vision Webcam Modelo 196,"Webcam Vision, modelo 196, producto para uso general.",1794.65,186,1,2026-05-16 09:00:00,2026-05-31 18:00:00
954,SKU-00954,Vision Memoria USB Modelo 197,"Memoria USB Vision, modelo 197, producto para uso general.",356.00,2,1,2026-05-17 09:00:00,2026-06-02 19:00:00
955,SKU-00955,Vision Disco SSD Modelo 198,"Disco SSD Vision, modelo 198, producto para uso general.",2197.39,19,1,2026-05-18 09:00:00,2026-06-04 20:00:00
956,SKU-00956,Vision Router Modelo 199,"Router Vision, modelo 199, producto para uso general.",1898.76,36,1,2026-05-19 09:00:00,2026-06-06 09:00:00
957,SKU-00957,Vision Impresora Modelo 200,"Impresora Vision, modelo 200, producto para uso general.",3100.13,53,1,2026-05-20 09:00:00,2026-06-08 10:00:00
958,SKU-00958,Vision Bocina Bluetooth Modelo 201,"Bocina Bluetooth Vision, modelo 201, producto para uso general.",1751.50,70,1,2026-05-21 09:00:00,2026-06-10 11:00:00
959,SKU-00959,Vision Tablet Modelo 202,"Tablet Vision, modelo 202, producto para uso general.",3802.87,87,1,2026-05-22 09:00:00,2026-06-12 12:00:00
960,SKU-00960,Vision Cargador Modelo 203,"Cargador Vision, modelo 203, producto para uso general.",464.23,104,1,2026-05-23 09:00:00,2026-06-14 13:00:00
961,SKU-00961,Vision Cable USB Modelo 204,"Cable USB Vision, modelo 204, producto para uso general.",125.58,121,1,2026-05-24 09:00:00,2026-06-16 14:00:00
962,SKU-00962,Vision Smartwatch Modelo 205,"Smartwatch Vision, modelo 205, producto para uso general.",2006.98,138,1,2026-05-25 09:00:00,2026-06-18 15:00:00
963,SKU-00963,Vision Teclado mecánico Modelo 206,"Teclado mecánico Vision, modelo 206, producto para uso general.",2008.35,155,1,2026-05-26 09:00:00,2026-06-20 16:00:00
964,SKU-00964,Vision Silla de oficina Modelo 207,"Silla de oficina Vision, modelo 207, producto para uso general.",3109.72,172,1,2026-05-27 09:00:00,2026-06-22 17:00:00
965,SKU-00965,Vision Mochila Modelo 208,"Mochila Vision, modelo 208, producto para uso general.",1761.09,189,1,2026-05-28 09:00:00,2026-06-24 18:00:00
966,SKU-00966,Vision Cámara Modelo 209,"Cámara Vision, modelo 209, producto para uso general.",4812.46,5,1,2026-05-29 09:00:00,2026-06-26 19:00:00
967,SKU-00967,Vision Micrófono Modelo 210,"Micrófono Vision, modelo 210, producto para uso general.",2213.83,22,1,2026-05-30 09:00:00,2026-06-28 20:00:00
968,SKU-00968,Connect Laptop Modelo 211,"Laptop Connect, modelo 211, producto para uso general.",9815.20,39,1,2026-05-31 09:00:00,2026-05-31 09:00:00
969,SKU-00969,Connect Mouse Modelo 212,"Mouse Connect, modelo 212, producto para uso general.",776.56,56,1,2026-06-01 09:00:00,2026-06-02 10:00:00
970,SKU-00970,Connect Teclado Modelo 213,"Teclado Connect, modelo 213, producto para uso general.",1617.94,73,1,2026-06-02 09:00:00,2026-06-04 11:00:00
971,SKU-00971,Connect Monitor Modelo 214,"Monitor Connect, modelo 214, producto para uso general.",3819.31,90,1,2026-06-03 09:00:00,2026-06-06 12:00:00
972,SKU-00972,Connect Audífonos Modelo 215,"Audífonos Connect, modelo 215, producto para uso general.",1670.68,107,1,2026-06-04 09:00:00,2026-06-08 13:00:00
973,SKU-00973,Connect Webcam Modelo 216,"Webcam Connect, modelo 216, producto para uso general.",1822.05,124,1,2026-06-05 09:00:00,2026-06-10 14:00:00
974,SKU-00974,Connect Memoria USB Modelo 217,"Memoria USB Connect, modelo 217, producto para uso general.",383.40,141,1,2026-06-06 09:00:00,2026-06-12 15:00:00
975,SKU-00975,Connect Disco SSD Modelo 218,"Disco SSD Connect, modelo 218, producto para uso general.",2224.79,158,1,2026-06-07 09:00:00,2026-06-14 16:00:00
976,SKU-00976,Connect Router Modelo 219,"Router Connect, modelo 219, producto para uso general.",1926.16,175,1,2026-06-08 09:00:00,2026-06-16 17:00:00
977,SKU-00977,Connect Impresora Modelo 220,"Impresora Connect, modelo 220, producto para uso general.",3127.53,192,1,2026-06-09 09:00:00,2026-06-18 18:00:00
978,SKU-00978,Connect Bocina Bluetooth Modelo 221,"Bocina Bluetooth Connect, modelo 221, producto para uso general.",1778.90,8,1,2026-06-10 09:00:00,2026-06-20 19:00:00
979,SKU-00979,Connect Tablet Modelo 222,"Tablet Connect, modelo 222, producto para uso general.",3830.27,25,1,2026-06-11 09:00:00,2026-06-22 20:00:00
980,SKU-00980,Connect Cargador Modelo 223,"Cargador Connect, modelo 223, producto para uso general.",491.63,42,1,2026-06-12 09:00:00,2026-06-24 09:00:00
981,SKU-00981,Connect Cable USB Modelo 224,"Cable USB Connect, modelo 224, producto para uso general.",152.98,59,1,2026-06-13 09:00:00,2026-06-26 10:00:00
982,SKU-00982,Connect Smartwatch Modelo 225,"Smartwatch Connect, modelo 225, producto para uso general.",2034.38,76,1,2026-06-14 09:00:00,2026-06-28 11:00:00
983,SKU-00983,Connect Teclado mecánico Modelo 226,"Teclado mecánico Connect, modelo 226, producto para uso general.",2035.75,93,1,2026-06-15 09:00:00,2026-06-30 12:00:00
984,SKU-00984,Connect Silla de oficina Modelo 227,"Silla de oficina Connect, modelo 227, producto para uso general.",3137.12,110,1,2026-06-16 09:00:00,2026-07-02 13:00:00
985,SKU-00985,Connect Mochila Modelo 228,"Mochila Connect, modelo 228, producto para uso general.",1788.49,127,1,2026-06-17 09:00:00,2026-07-04 14:00:00
986,SKU-00986,Connect Cámara Modelo 229,"Cámara Connect, modelo 229, producto para uso general.",4839.86,144,1,2026-06-18 09:00:00,2026-07-06 15:00:00
987,SKU-00987,Connect Micrófono Modelo 230,"Micrófono Connect, modelo 230, producto para uso general.",2241.23,161,1,2026-06-19 09:00:00,2026-07-08 16:00:00
988,SKU-00988,Advance Laptop Modelo 231,"Laptop Advance, modelo 231, producto para uso general.",9842.60,178,1,2026-06-20 09:00:00,2026-07-10 17:00:00
989,SKU-00989,Advance Mouse Modelo 232,"Mouse Advance, modelo 232, producto para uso general.",803.96,195,1,2026-06-21 09:00:00,2026-07-12 18:00:00
990,SKU-00990,Advance Teclado Modelo 233,"Teclado Advance, modelo 233, producto para uso general.",1645.34,11,1,2026-06-22 09:00:00,2026-07-14 19:00:00
991,SKU-00991,Advance Monitor Modelo 234,"Monitor Advance, modelo 234, producto para uso general.",3846.71,28,1,2026-06-23 09:00:00,2026-07-16 20:00:00
992,SKU-00992,Advance Audífonos Modelo 235,"Audífonos Advance, modelo 235, producto para uso general.",1698.08,45,1,2026-06-24 09:00:00,2026-07-18 09:00:00
993,SKU-00993,Advance Webcam Modelo 236,"Webcam Advance, modelo 236, producto para uso general.",1849.45,62,1,2026-06-25 09:00:00,2026-07-20 10:00:00
994,SKU-00994,Advance Memoria USB Modelo 237,"Memoria USB Advance, modelo 237, producto para uso general.",410.80,79,1,2026-06-26 09:00:00,2026-07-22 11:00:00
995,SKU-00995,Advance Disco SSD Modelo 238,"Disco SSD Advance, modelo 238, producto para uso general.",2252.19,96,1,2026-06-27 09:00:00,2026-07-24 12:00:00
996,SKU-00996,Advance Router Modelo 239,"Router Advance, modelo 239, producto para uso general.",1953.56,113,1,2026-06-28 09:00:00,2026-07-26 13:00:00
997,SKU-00997,Advance Impresora Modelo 240,"Impresora Advance, modelo 240, producto para uso general.",3154.93,130,1,2026-06-29 09:00:00,2026-07-28 14:00:00
998,SKU-00998,Advance Bocina Bluetooth Modelo 241,"Bocina Bluetooth Advance, modelo 241, producto para uso general.",1806.30,147,1,2026-06-30 09:00:00,2026-06-30 15:00:00
999,SKU-00999,Advance Tablet Modelo 242,"Tablet Advance, modelo 242, producto para uso general.",3857.67,164,1,2026-07-01 09:00:00,2026-07-02 16:00:00
1000,SKU-01000,Advance Cargador Modelo 243,"Cargador Advance, modelo 243, producto para uso general.",519.03,181,1,2026-07-02 09:00:00,2026-07-04 17:00:00
1001,SKU-01001,Advance Cable USB Modelo 244,"Cable USB Advance, modelo 244, producto para uso general.",180.38,198,1,2026-07-03 09:00:00,2026-07-06 18:00:00
1002,SKU-01002,Advance Smartwatch Modelo 245,"Smartwatch Advance, modelo 245, producto para uso general.",2061.78,14,1,2026-07-04 09:00:00,2026-07-08 19:00:00
1003,SKU-01003,Advance Teclado mecánico Modelo 246,"Teclado mecánico Advance, modelo 246, producto para uso general.",2063.15,31,1,2026-07-05 09:00:00,2026-07-10 20:00:00
1004,SKU-01004,Advance Silla de oficina Modelo 247,"Silla de oficina Advance, modelo 247, producto para uso general.",3164.52,48,1,2026-07-06 09:00:00,2026-07-12 09:00:00
1005,SKU-01005,Advance Mochila Modelo 248,"Mochila Advance, modelo 248, producto para uso general.",1815.89,65,1,2026-07-07 09:00:00,2026-07-14 10:00:00
1006,SKU-01006,Advance Cámara Modelo 249,"Cámara Advance, modelo 249, producto para uso general.",4867.26,82,1,2026-07-08 09:00:00,2026-07-16 11:00:00
1007,SKU-01007,Advance Micrófono Modelo 250,"Micrófono Advance, modelo 250, producto para uso general.",2268.63,99,1,2026-07-09 09:00:00,2026-07-18 12:00:00
1008,SKU-01008,TechPro Laptop Modelo 001,"Laptop TechPro, modelo 001, producto para uso general.",9870.00,116,1,2026-07-10 09:00:00,2026-07-20 13:00:00
1009,SKU-01009,TechPro Mouse Modelo 002,"Mouse TechPro, modelo 002, producto para uso general.",831.36,133,1,2026-07-11 09:00:00,2026-07-22 14:00:00
1010,SKU-01010,TechPro Teclado Modelo 003,"Teclado TechPro, modelo 003, producto para uso general.",1672.74,150,1,2026-07-12 09:00:00,2026-07-24 15:00:00
1011,SKU-01011,TechPro Monitor Modelo 004,"Monitor TechPro, modelo 004, producto para uso general.",3874.11,167,1,2026-07-13 09:00:00,2026-07-26 16:00:00
1012,SKU-01012,TechPro Audífonos Modelo 005,"Audífonos TechPro, modelo 005, producto para uso general.",1725.48,184,1,2026-07-14 09:00:00,2026-07-28 17:00:00
1013,SKU-01013,TechPro Webcam Modelo 006,"Webcam TechPro, modelo 006, producto para uso general.",1876.85,0,0,2026-07-15 09:00:00,2026-07-30 18:00:00
1014,SKU-01014,TechPro Memoria USB Modelo 007,"Memoria USB TechPro, modelo 007, producto para uso general.",438.20,17,1,2026-07-16 09:00:00,2026-08-01 19:00:00
1015,SKU-01015,TechPro Disco SSD Modelo 008,"Disco SSD TechPro, modelo 008, producto para uso general.",2279.59,34,1,2026-07-17 09:00:00,2026-08-03 20:00:00
1016,SKU-01016,TechPro Router Modelo 009,"Router TechPro, modelo 009, producto para uso general.",1980.96,51,1,2026-07-18 09:00:00,2026-08-05 09:00:00
1017,SKU-01017,TechPro Impresora Modelo 010,"Impresora TechPro, modelo 010, producto para uso general.",3182.33,68,1,2026-07-19 09:00:00,2026-08-07 10:00:00
1018,SKU-01018,TechPro Bocina Bluetooth Modelo 011,"Bocina Bluetooth TechPro, modelo 011, producto para uso general.",1833.70,85,1,2026-07-20 09:00:00,2026-08-09 11:00:00
1019,SKU-01019,TechPro Tablet Modelo 012,"Tablet TechPro, modelo 012, producto para uso general.",3885.07,102,1,2026-07-21 09:00:00,2026-08-11 12:00:00
1020,SKU-01020,TechPro Cargador Modelo 013,"Cargador TechPro, modelo 013, producto para uso general.",546.43,119,1,2026-07-22 09:00:00,2026-08-13 13:00:00
1021,SKU-01021,TechPro Cable USB Modelo 014,"Cable USB TechPro, modelo 014, producto para uso general.",207.78,136,1,2026-07-23 09:00:00,2026-08-15 14:00:00
1022,SKU-01022,TechPro Smartwatch Modelo 015,"Smartwatch TechPro, modelo 015, producto para uso general.",2089.18,153,1,2026-07-24 09:00:00,2026-08-17 15:00:00
1023,SKU-01023,TechPro Teclado mecánico Modelo 016,"Teclado mecánico TechPro, modelo 016, producto para uso general.",2090.55,170,1,2026-07-25 09:00:00,2026-08-19 16:00:00
1024,SKU-01024,TechPro Silla de oficina Modelo 017,"Silla de oficina TechPro, modelo 017, producto para uso general.",3191.92,187,1,2026-07-26 09:00:00,2026-08-21 17:00:00
1025,SKU-01025,TechPro Mochila Modelo 018,"Mochila TechPro, modelo 018, producto para uso general.",1843.29,3,1,2026-07-27 09:00:00,2026-08-23 18:00:00
1026,SKU-01026,TechPro Cámara Modelo 019,"Cámara TechPro, modelo 019, producto para uso general.",4894.66,20,1,2026-07-28 09:00:00,2026-08-25 19:00:00
1027,SKU-01027,TechPro Micrófono Modelo 020,"Micrófono TechPro, modelo 020, producto para uso general.",2296.03,37,1,2026-07-29 09:00:00,2026-08-27 20:00:00
1028,SKU-01028,Nova Laptop Modelo 021,"Laptop Nova, modelo 021, producto para uso general.",9897.40,54,1,2026-07-30 09:00:00,2026-07-30 09:00:00
1029,SKU-01029,Nova Mouse Modelo 022,"Mouse Nova, modelo 022, producto para uso general.",858.76,71,1,2026-07-31 09:00:00,2026-08-01 10:00:00
1030,SKU-01030,Nova Teclado Modelo 023,"Teclado Nova, modelo 023, producto para uso general.",1700.14,88,1,2026-08-01 09:00:00,2026-08-03 11:00:00
1031,SKU-01031,Nova Monitor Modelo 024,"Monitor Nova, modelo 024, producto para uso general.",3901.51,105,1,2026-08-02 09:00:00,2026-08-05 12:00:00
1032,SKU-01032,Nova Audífonos Modelo 025,"Audífonos Nova, modelo 025, producto para uso general.",1752.88,122,1,2026-08-03 09:00:00,2026-08-07 13:00:00
1033,SKU-01033,Nova Webcam Modelo 026,"Webcam Nova, modelo 026, producto para uso general.",1904.25,139,1,2026-08-04 09:00:00,2026-08-09 14:00:00
1034,SKU-01034,Nova Memoria USB Modelo 027,"Memoria USB Nova, modelo 027, producto para uso general.",465.60,156,1,2026-08-05 09:00:00,2026-08-11 15:00:00
1035,SKU-01035,Nova Disco SSD Modelo 028,"Disco SSD Nova, modelo 028, producto para uso general.",2306.99,173,1,2026-08-06 09:00:00,2026-08-13 16:00:00
1036,SKU-01036,Nova Router Modelo 029,"Router Nova, modelo 029, producto para uso general.",2008.36,190,1,2026-08-07 09:00:00,2026-08-15 17:00:00
1037,SKU-01037,Nova Impresora Modelo 030,"Impresora Nova, modelo 030, producto para uso general.",3209.73,6,1,2026-08-08 09:00:00,2026-08-17 18:00:00
1038,SKU-01038,Nova Bocina Bluetooth Modelo 031,"Bocina Bluetooth Nova, modelo 031, producto para uso general.",1861.10,23,1,2026-08-09 09:00:00,2026-08-19 19:00:00
1039,SKU-01039,Nova Tablet Modelo 032,"Tablet Nova, modelo 032, producto para uso general.",3912.47,40,1,2026-08-10 09:00:00,2026-08-21 20:00:00
1040,SKU-01040,Nova Cargador Modelo 033,"Cargador Nova, modelo 033, producto para uso general.",573.83,57,1,2026-08-11 09:00:00,2026-08-23 09:00:00
1041,SKU-01041,Nova Cable USB Modelo 034,"Cable USB Nova, modelo 034, producto para uso general.",235.18,74,1,2026-08-12 09:00:00,2026-08-25 10:00:00
1042,SKU-01042,Nova Smartwatch Modelo 035,"Smartwatch Nova, modelo 035, producto para uso general.",2116.58,91,1,2026-08-13 09:00:00,2026-08-27 11:00:00
1043,SKU-01043,Nova Teclado mecánico Modelo 036,"Teclado mecánico Nova, modelo 036, producto para uso general.",2117.95,108,1,2026-08-14 09:00:00,2026-08-29 12:00:00
1044,SKU-01044,Nova Silla de oficina Modelo 037,"Silla de oficina Nova, modelo 037, producto para uso general.",3219.32,125,1,2026-08-15 09:00:00,2026-08-31 13:00:00
1045,SKU-01045,Nova Mochila Modelo 038,"Mochila Nova, modelo 038, producto para uso general.",1870.69,142,1,2026-08-16 09:00:00,2026-09-02 14:00:00
1046,SKU-01046,Nova Cámara Modelo 039,"Cámara Nova, modelo 039, producto para uso general.",4922.06,159,1,2026-08-17 09:00:00,2026-09-04 15:00:00
1047,SKU-01047,Nova Micrófono Modelo 040,"Micrófono Nova, modelo 040, producto para uso general.",2323.43,176,1,2026-08-18 09:00:00,2026-09-06 16:00:00
1048,SKU-01048,MaxiTech Laptop Modelo 041,"Laptop MaxiTech, modelo 041, producto para uso general.",9924.80,193,1,2026-08-19 09:00:00,2026-09-08 17:00:00
1049,SKU-01049,MaxiTech Mouse Modelo 042,"Mouse MaxiTech, modelo 042, producto para uso general.",886.16,9,1,2026-08-20 09:00:00,2026-09-10 18:00:00
1050,SKU-01050,MaxiTech Teclado Modelo 043,"Teclado MaxiTech, modelo 043, producto para uso general.",1727.54,26,1,2026-08-21 09:00:00,2026-09-12 19:00:00
1051,SKU-01051,MaxiTech Monitor Modelo 044,"Monitor MaxiTech, modelo 044, producto para uso general.",3928.91,43,1,2026-08-22 09:00:00,2026-09-14 20:00:00
1052,SKU-01052,MaxiTech Audífonos Modelo 045,"Audífonos MaxiTech, modelo 045, producto para uso general.",1780.28,60,1,2026-08-23 09:00:00,2026-09-16 09:00:00
1053,SKU-01053,MaxiTech Webcam Modelo 046,"Webcam MaxiTech, modelo 046, producto para uso general.",1931.65,77,1,2026-08-24 09:00:00,2026-09-18 10:00:00
1054,SKU-01054,MaxiTech Memoria USB Modelo 047,"Memoria USB MaxiTech, modelo 047, producto para uso general.",493.00,94,1,2026-08-25 09:00:00,2026-09-20 11:00:00
1055,SKU-01055,MaxiTech Disco SSD Modelo 048,"Disco SSD MaxiTech, modelo 048, producto para uso general.",2334.39,111,1,2026-08-26 09:00:00,2026-09-22 12:00:00
1056,SKU-01056,MaxiTech Router Modelo 049,"Router MaxiTech, modelo 049, producto para uso general.",2035.76,128,1,2026-08-27 09:00:00,2026-09-24 13:00:00
1057,SKU-01057,MaxiTech Impresora Modelo 050,"Impresora MaxiTech, modelo 050, producto para uso general.",3237.13,145,1,2026-08-28 09:00:00,2026-09-26 14:00:00
1058,SKU-01058,MaxiTech Bocina Bluetooth Modelo 051,"Bocina Bluetooth MaxiTech, modelo 051, producto para uso general.",1888.50,162,1,2026-08-29 09:00:00,2026-08-29 15:00:00
1059,SKU-01059,MaxiTech Tablet Modelo 052,"Tablet MaxiTech, modelo 052, producto para uso general.",3939.87,179,1,2026-08-30 09:00:00,2026-08-31 16:00:00
1060,SKU-01060,MaxiTech Cargador Modelo 053,"Cargador MaxiTech, modelo 053, producto para uso general.",601.23,196,1,2026-08-31 09:00:00,2026-09-02 17:00:00
1061,SKU-01061,MaxiTech Cable USB Modelo 054,"Cable USB MaxiTech, modelo 054, producto para uso general.",262.58,12,1,2026-09-01 09:00:00,2026-09-04 18:00:00
1062,SKU-01062,MaxiTech Smartwatch Modelo 055,"Smartwatch MaxiTech, modelo 055, producto para uso general.",2143.98,29,1,2026-09-02 09:00:00,2026-09-06 19:00:00
1063,SKU-01063,MaxiTech Teclado mecánico Modelo 056,"Teclado mecánico MaxiTech, modelo 056, producto para uso general.",2145.35,46,1,2026-09-03 09:00:00,2026-09-08 20:00:00
1064,SKU-01064,MaxiTech Silla de oficina Modelo 057,"Silla de oficina MaxiTech, modelo 057, producto para uso general.",3246.72,63,1,2026-09-04 09:00:00,2026-09-10 09:00:00
1065,SKU-01065,MaxiTech Mochila Modelo 058,"Mochila MaxiTech, modelo 058, producto para uso general.",1898.09,80,1,2026-09-05 09:00:00,2026-09-12 10:00:00
1066,SKU-01066,MaxiTech Cámara Modelo 059,"Cámara MaxiTech, modelo 059, producto para uso general.",4949.46,97,1,2026-09-06 09:00:00,2026-09-14 11:00:00
1067,SKU-01067,MaxiTech Micrófono Modelo 060,"Micrófono MaxiTech, modelo 060, producto para uso general.",2350.83,114,1,2026-09-07 09:00:00,2026-09-16 12:00:00
1068,SKU-01068,DigitalX Laptop Modelo 061,"Laptop DigitalX, modelo 061, producto para uso general.",9952.20,131,1,2026-09-08 09:00:00,2026-09-18 13:00:00
1069,SKU-01069,DigitalX Mouse Modelo 062,"Mouse DigitalX, modelo 062, producto para uso general.",193.55,148,1,2026-09-09 09:00:00,2026-09-20 14:00:00
1070,SKU-01070,DigitalX Teclado Modelo 063,"Teclado DigitalX, modelo 063, producto para uso general.",1754.94,165,1,2026-09-10 09:00:00,2026-09-22 15:00:00
1071,SKU-01071,DigitalX Monitor Modelo 064,"Monitor DigitalX, modelo 064, producto para uso general.",3956.31,182,1,2026-09-11 09:00:00,2026-09-24 16:00:00
1072,SKU-01072,DigitalX Audífonos Modelo 065,"Audífonos DigitalX, modelo 065, producto para uso general.",1807.68,199,1,2026-09-12 09:00:00,2026-09-26 17:00:00
1073,SKU-01073,DigitalX Webcam Modelo 066,"Webcam DigitalX, modelo 066, producto para uso general.",1959.05,15,1,2026-09-13 09:00:00,2026-09-28 18:00:00
1074,SKU-01074,DigitalX Memoria USB Modelo 067,"Memoria USB DigitalX, modelo 067, producto para uso general.",520.40,32,1,2026-09-14 09:00:00,2026-09-30 19:00:00
1075,SKU-01075,DigitalX Disco SSD Modelo 068,"Disco SSD DigitalX, modelo 068, producto para uso general.",2361.79,49,1,2026-09-15 09:00:00,2026-10-02 20:00:00
1076,SKU-01076,DigitalX Router Modelo 069,"Router DigitalX, modelo 069, producto para uso general.",2063.16,66,1,2026-09-16 09:00:00,2026-10-04 09:00:00
1077,SKU-01077,DigitalX Impresora Modelo 070,"Impresora DigitalX, modelo 070, producto para uso general.",3264.53,83,1,2026-09-17 09:00:00,2026-10-06 10:00:00
1078,SKU-01078,DigitalX Bocina Bluetooth Modelo 071,"Bocina Bluetooth DigitalX, modelo 071, producto para uso general.",1915.90,100,1,2026-09-18 09:00:00,2026-10-08 11:00:00
1079,SKU-01079,DigitalX Tablet Modelo 072,"Tablet DigitalX, modelo 072, producto para uso general.",3967.27,117,1,2026-09-19 09:00:00,2026-10-10 12:00:00
1080,SKU-01080,DigitalX Cargador Modelo 073,"Cargador DigitalX, modelo 073, producto para uso general.",628.63,134,1,2026-09-20 09:00:00,2026-10-12 13:00:00
1081,SKU-01081,DigitalX Cable USB Modelo 074,"Cable USB DigitalX, modelo 074, producto para uso general.",289.98,151,1,2026-09-21 09:00:00,2026-10-14 14:00:00
1082,SKU-01082,DigitalX Smartwatch Modelo 075,"Smartwatch DigitalX, modelo 075, producto para uso general.",2171.38,168,1,2026-09-22 09:00:00,2026-10-16 15:00:00
1083,SKU-01083,DigitalX Teclado mecánico Modelo 076,"Teclado mecánico DigitalX, modelo 076, producto para uso general.",2172.75,185,1,2026-09-23 09:00:00,2026-10-18 16:00:00
1084,SKU-01084,DigitalX Silla de oficina Modelo 077,"Silla de oficina DigitalX, modelo 077, producto para uso general.",3274.12,1,1,2026-09-24 09:00:00,2026-10-20 17:00:00
1085,SKU-01085,DigitalX Mochila Modelo 078,"Mochila DigitalX, modelo 078, producto para uso general.",1925.49,18,1,2026-09-25 09:00:00,2026-10-22 18:00:00
1086,SKU-01086,DigitalX Cámara Modelo 079,"Cámara DigitalX, modelo 079, producto para uso general.",4976.86,35,1,2026-09-26 09:00:00,2026-10-24 19:00:00
1087,SKU-01087,DigitalX Micrófono Modelo 080,"Micrófono DigitalX, modelo 080, producto para uso general.",2378.23,52,1,2026-09-27 09:00:00,2026-10-26 20:00:00
1088,SKU-01088,SmartOne Laptop Modelo 081,"Laptop SmartOne, modelo 081, producto para uso general.",9979.60,69,1,2026-01-01 09:00:00,2026-01-01 09:00:00
1089,SKU-01089,SmartOne Mouse Modelo 082,"Mouse SmartOne, modelo 082, producto para uso general.",220.95,86,1,2026-01-02 09:00:00,2026-01-03 10:00:00
1090,SKU-01090,SmartOne Teclado Modelo 083,"Teclado SmartOne, modelo 083, producto para uso general.",1782.34,103,1,2026-01-03 09:00:00,2026-01-05 11:00:00
1091,SKU-01091,SmartOne Monitor Modelo 084,"Monitor SmartOne, modelo 084, producto para uso general.",3983.71,120,1,2026-01-04 09:00:00,2026-01-07 12:00:00
1092,SKU-01092,SmartOne Audífonos Modelo 085,"Audífonos SmartOne, modelo 085, producto para uso general.",1835.08,137,1,2026-01-05 09:00:00,2026-01-09 13:00:00
1093,SKU-01093,SmartOne Webcam Modelo 086,"Webcam SmartOne, modelo 086, producto para uso general.",1986.45,154,1,2026-01-06 09:00:00,2026-01-11 14:00:00
1094,SKU-01094,SmartOne Memoria USB Modelo 087,"Memoria USB SmartOne, modelo 087, producto para uso general.",547.80,171,1,2026-01-07 09:00:00,2026-01-13 15:00:00
1095,SKU-01095,SmartOne Disco SSD Modelo 088,"Disco SSD SmartOne, modelo 088, producto para uso general.",2389.19,188,1,2026-01-08 09:00:00,2026-01-15 16:00:00
1096,SKU-01096,SmartOne Router Modelo 089,"Router SmartOne, modelo 089, producto para uso general.",2090.56,4,1,2026-01-09 09:00:00,2026-01-17 17:00:00
1097,SKU-01097,SmartOne Impresora Modelo 090,"Impresora SmartOne, modelo 090, producto para uso general.",3291.93,21,1,2026-01-10 09:00:00,2026-01-19 18:00:00
1098,SKU-01098,SmartOne Bocina Bluetooth Modelo 091,"Bocina Bluetooth SmartOne, modelo 091, producto para uso general.",1943.30,38,1,2026-01-11 09:00:00,2026-01-21 19:00:00
1099,SKU-01099,SmartOne Tablet Modelo 092,"Tablet SmartOne, modelo 092, producto para uso general.",3994.67,55,1,2026-01-12 09:00:00,2026-01-23 20:00:00
1100,SKU-01100,SmartOne Cargador Modelo 093,"Cargador SmartOne, modelo 093, producto para uso general.",656.03,72,1,2026-01-13 09:00:00,2026-01-25 09:00:00
1101,SKU-01101,SmartOne Cable USB Modelo 094,"Cable USB SmartOne, modelo 094, producto para uso general.",317.38,89,1,2026-01-14 09:00:00,2026-01-27 10:00:00
1102,SKU-01102,SmartOne Smartwatch Modelo 095,"Smartwatch SmartOne, modelo 095, producto para uso general.",2198.78,106,1,2026-01-15 09:00:00,2026-01-29 11:00:00
1103,SKU-01103,SmartOne Teclado mecánico Modelo 096,"Teclado mecánico SmartOne, modelo 096, producto para uso general.",2200.15,123,1,2026-01-16 09:00:00,2026-01-31 12:00:00
1104,SKU-01104,SmartOne Silla de oficina Modelo 097,"Silla de oficina SmartOne, modelo 097, producto para uso general.",3301.52,140,1,2026-01-17 09:00:00,2026-02-02 13:00:00
1105,SKU-01105,SmartOne Mochila Modelo 098,"Mochila SmartOne, modelo 098, producto para uso general.",1952.89,157,1,2026-01-18 09:00:00,2026-02-04 14:00:00
1106,SKU-01106,SmartOne Cámara Modelo 099,"Cámara SmartOne, modelo 099, producto para uso general.",5004.26,174,1,2026-01-19 09:00:00,2026-02-06 15:00:00
1107,SKU-01107,SmartOne Micrófono Modelo 100,"Micrófono SmartOne, modelo 100, producto para uso general.",2405.63,191,1,2026-01-20 09:00:00,2026-02-08 16:00:00
1108,SKU-01108,ProLine Laptop Modelo 101,"Laptop ProLine, modelo 101, producto para uso general.",10007.00,7,1,2026-01-21 09:00:00,2026-02-10 17:00:00
1109,SKU-01109,ProLine Mouse Modelo 102,"Mouse ProLine, modelo 102, producto para uso general.",248.35,24,1,2026-01-22 09:00:00,2026-02-12 18:00:00
1110,SKU-01110,ProLine Teclado Modelo 103,"Teclado ProLine, modelo 103, producto para uso general.",309.73,41,1,2026-01-23 09:00:00,2026-02-14 19:00:00
1111,SKU-01111,ProLine Monitor Modelo 104,"Monitor ProLine, modelo 104, producto para uso general.",4011.11,58,1,2026-01-24 09:00:00,2026-02-16 20:00:00
1112,SKU-01112,ProLine Audífonos Modelo 105,"Audífonos ProLine, modelo 105, producto para uso general.",1862.48,75,1,2026-01-25 09:00:00,2026-02-18 09:00:00
1113,SKU-01113,ProLine Webcam Modelo 106,"Webcam ProLine, modelo 106, producto para uso general.",2013.85,92,1,2026-01-26 09:00:00,2026-02-20 10:00:00
1114,SKU-01114,ProLine Memoria USB Modelo 107,"Memoria USB ProLine, modelo 107, producto para uso general.",575.20,109,1,2026-01-27 09:00:00,2026-02-22 11:00:00
1115,SKU-01115,ProLine Disco SSD Modelo 108,"Disco SSD ProLine, modelo 108, producto para uso general.",2416.59,126,1,2026-01-28 09:00:00,2026-02-24 12:00:00
1116,SKU-01116,ProLine Router Modelo 109,"Router ProLine, modelo 109, producto para uso general.",2117.96,143,1,2026-01-29 09:00:00,2026-02-26 13:00:00
1117,SKU-01117,ProLine Impresora Modelo 110,"Impresora ProLine, modelo 110, producto para uso general.",3319.33,160,1,2026-01-30 09:00:00,2026-02-28 14:00:00
1118,SKU-01118,ProLine Bocina Bluetooth Modelo 111,"Bocina Bluetooth ProLine, modelo 111, producto para uso general.",1970.70,177,1,2026-01-31 09:00:00,2026-01-31 15:00:00
1119,SKU-01119,ProLine Tablet Modelo 112,"Tablet ProLine, modelo 112, producto para uso general.",4022.07,194,1,2026-02-01 09:00:00,2026-02-02 16:00:00
1120,SKU-01120,ProLine Cargador Modelo 113,"Cargador ProLine, modelo 113, producto para uso general.",683.43,10,1,2026-02-02 09:00:00,2026-02-04 17:00:00
1121,SKU-01121,ProLine Cable USB Modelo 114,"Cable USB ProLine, modelo 114, producto para uso general.",344.78,27,1,2026-02-03 09:00:00,2026-02-06 18:00:00
1122,SKU-01122,ProLine Smartwatch Modelo 115,"Smartwatch ProLine, modelo 115, producto para uso general.",2226.18,44,1,2026-02-04 09:00:00,2026-02-08 19:00:00
1123,SKU-01123,ProLine Teclado mecánico Modelo 116,"Teclado mecánico ProLine, modelo 116, producto para uso general.",2227.55,61,1,2026-02-05 09:00:00,2026-02-10 20:00:00
1124,SKU-01124,ProLine Silla de oficina Modelo 117,"Silla de oficina ProLine, modelo 117, producto para uso general.",3328.92,78,1,2026-02-06 09:00:00,2026-02-12 09:00:00
1125,SKU-01125,ProLine Mochila Modelo 118,"Mochila ProLine, modelo 118, producto para uso general.",1980.29,95,1,2026-02-07 09:00:00,2026-02-14 10:00:00
1126,SKU-01126,ProLine Cámara Modelo 119,"Cámara ProLine, modelo 119, producto para uso general.",5031.66,112,1,2026-02-08 09:00:00,2026-02-16 11:00:00
1127,SKU-01127,ProLine Micrófono Modelo 120,"Micrófono ProLine, modelo 120, producto para uso general.",2433.03,129,1,2026-02-09 09:00:00,2026-02-18 12:00:00
1128,SKU-01128,Ultra Laptop Modelo 121,"Laptop Ultra, modelo 121, producto para uso general.",10034.40,146,1,2026-02-10 09:00:00,2026-02-20 13:00:00
1129,SKU-01129,Ultra Mouse Modelo 122,"Mouse Ultra, modelo 122, producto para uso general.",275.75,163,1,2026-02-11 09:00:00,2026-02-22 14:00:00
1130,SKU-01130,Ultra Teclado Modelo 123,"Teclado Ultra, modelo 123, producto para uso general.",337.13,180,1,2026-02-12 09:00:00,2026-02-24 15:00:00
1131,SKU-01131,Ultra Monitor Modelo 124,"Monitor Ultra, modelo 124, producto para uso general.",4038.51,197,1,2026-02-13 09:00:00,2026-02-26 16:00:00
1132,SKU-01132,Ultra Audífonos Modelo 125,"Audífonos Ultra, modelo 125, producto para uso general.",1889.88,13,1,2026-02-14 09:00:00,2026-02-28 17:00:00
1133,SKU-01133,Ultra Webcam Modelo 126,"Webcam Ultra, modelo 126, producto para uso general.",2041.25,30,1,2026-02-15 09:00:00,2026-03-02 18:00:00
1134,SKU-01134,Ultra Memoria USB Modelo 127,"Memoria USB Ultra, modelo 127, producto para uso general.",602.60,47,1,2026-02-16 09:00:00,2026-03-04 19:00:00
1135,SKU-01135,Ultra Disco SSD Modelo 128,"Disco SSD Ultra, modelo 128, producto para uso general.",2443.99,64,1,2026-02-17 09:00:00,2026-03-06 20:00:00
1136,SKU-01136,Ultra Router Modelo 129,"Router Ultra, modelo 129, producto para uso general.",2145.36,81,1,2026-02-18 09:00:00,2026-03-08 09:00:00
1137,SKU-01137,Ultra Impresora Modelo 130,"Impresora Ultra, modelo 130, producto para uso general.",3346.73,98,1,2026-02-19 09:00:00,2026-03-10 10:00:00
1138,SKU-01138,Ultra Bocina Bluetooth Modelo 131,"Bocina Bluetooth Ultra, modelo 131, producto para uso general.",1998.10,115,1,2026-02-20 09:00:00,2026-03-12 11:00:00
1139,SKU-01139,Ultra Tablet Modelo 132,"Tablet Ultra, modelo 132, producto para uso general.",4049.47,132,1,2026-02-21 09:00:00,2026-03-14 12:00:00
1140,SKU-01140,Ultra Cargador Modelo 133,"Cargador Ultra, modelo 133, producto para uso general.",710.83,149,1,2026-02-22 09:00:00,2026-03-16 13:00:00
1141,SKU-01141,Ultra Cable USB Modelo 134,"Cable USB Ultra, modelo 134, producto para uso general.",372.18,166,1,2026-02-23 09:00:00,2026-03-18 14:00:00
1142,SKU-01142,Ultra Smartwatch Modelo 135,"Smartwatch Ultra, modelo 135, producto para uso general.",2253.58,183,1,2026-02-24 09:00:00,2026-03-20 15:00:00
1143,SKU-01143,Ultra Teclado mecánico Modelo 136,"Teclado mecánico Ultra, modelo 136, producto para uso general.",2254.95,200,1,2026-02-25 09:00:00,2026-03-22 16:00:00
1144,SKU-01144,Ultra Silla de oficina Modelo 137,"Silla de oficina Ultra, modelo 137, producto para uso general.",3356.32,16,1,2026-02-26 09:00:00,2026-03-24 17:00:00
1145,SKU-01145,Ultra Mochila Modelo 138,"Mochila Ultra, modelo 138, producto para uso general.",2007.69,33,1,2026-02-27 09:00:00,2026-03-26 18:00:00
1146,SKU-01146,Ultra Cámara Modelo 139,"Cámara Ultra, modelo 139, producto para uso general.",5059.06,50,1,2026-02-28 09:00:00,2026-03-28 19:00:00
1147,SKU-01147,Ultra Micrófono Modelo 140,"Micrófono Ultra, modelo 140, producto para uso general.",2460.43,67,1,2026-03-01 09:00:00,2026-03-30 20:00:00
1148,SKU-01148,Vision Laptop Modelo 141,"Laptop Vision, modelo 141, producto para uso general.",10061.80,84,1,2026-03-02 09:00:00,2026-03-02 09:00:00
1149,SKU-01149,Vision Mouse Modelo 142,"Mouse Vision, modelo 142, producto para uso general.",303.15,101,1,2026-03-03 09:00:00,2026-03-04 10:00:00
1150,SKU-01150,Vision Teclado Modelo 143,"Teclado Vision, modelo 143, producto para uso general.",364.53,118,1,2026-03-04 09:00:00,2026-03-06 11:00:00
1151,SKU-01151,Vision Monitor Modelo 144,"Monitor Vision, modelo 144, producto para uso general.",4065.91,135,1,2026-03-05 09:00:00,2026-03-08 12:00:00
1152,SKU-01152,Vision Audífonos Modelo 145,"Audífonos Vision, modelo 145, producto para uso general.",1917.28,152,1,2026-03-06 09:00:00,2026-03-10 13:00:00
1153,SKU-01153,Vision Webcam Modelo 146,"Webcam Vision, modelo 146, producto para uso general.",2068.65,169,1,2026-03-07 09:00:00,2026-03-12 14:00:00
1154,SKU-01154,Vision Memoria USB Modelo 147,"Memoria USB Vision, modelo 147, producto para uso general.",630.00,186,1,2026-03-08 09:00:00,2026-03-14 15:00:00
1155,SKU-01155,Vision Disco SSD Modelo 148,"Disco SSD Vision, modelo 148, producto para uso general.",2471.39,2,1,2026-03-09 09:00:00,2026-03-16 16:00:00
1156,SKU-01156,Vision Router Modelo 149,"Router Vision, modelo 149, producto para uso general.",2172.76,19,1,2026-03-10 09:00:00,2026-03-18 17:00:00
1157,SKU-01157,Vision Impresora Modelo 150,"Impresora Vision, modelo 150, producto para uso general.",3374.13,36,1,2026-03-11 09:00:00,2026-03-20 18:00:00
1158,SKU-01158,Vision Bocina Bluetooth Modelo 151,"Bocina Bluetooth Vision, modelo 151, producto para uso general.",2025.50,53,1,2026-03-12 09:00:00,2026-03-22 19:00:00
1159,SKU-01159,Vision Tablet Modelo 152,"Tablet Vision, modelo 152, producto para uso general.",4076.87,70,1,2026-03-13 09:00:00,2026-03-24 20:00:00
1160,SKU-01160,Vision Cargador Modelo 153,"Cargador Vision, modelo 153, producto para uso general.",738.23,87,1,2026-03-14 09:00:00,2026-03-26 09:00:00
1161,SKU-01161,Vision Cable USB Modelo 154,"Cable USB Vision, modelo 154, producto para uso general.",399.58,104,1,2026-03-15 09:00:00,2026-03-28 10:00:00
1162,SKU-01162,Vision Smartwatch Modelo 155,"Smartwatch Vision, modelo 155, producto para uso general.",2280.98,121,1,2026-03-16 09:00:00,2026-03-30 11:00:00
1163,SKU-01163,Vision Teclado mecánico Modelo 156,"Teclado mecánico Vision, modelo 156, producto para uso general.",2282.35,138,1,2026-03-17 09:00:00,2026-04-01 12:00:00
1164,SKU-01164,Vision Silla de oficina Modelo 157,"Silla de oficina Vision, modelo 157, producto para uso general.",3383.72,155,1,2026-03-18 09:00:00,2026-04-03 13:00:00
1165,SKU-01165,Vision Mochila Modelo 158,"Mochila Vision, modelo 158, producto para uso general.",2035.09,172,1,2026-03-19 09:00:00,2026-04-05 14:00:00
1166,SKU-01166,Vision Cámara Modelo 159,"Cámara Vision, modelo 159, producto para uso general.",5086.46,189,1,2026-03-20 09:00:00,2026-04-07 15:00:00
1167,SKU-01167,Vision Micrófono Modelo 160,"Micrófono Vision, modelo 160, producto para uso general.",2487.83,5,1,2026-03-21 09:00:00,2026-04-09 16:00:00
1168,SKU-01168,Connect Laptop Modelo 161,"Laptop Connect, modelo 161, producto para uso general.",10089.20,22,1,2026-03-22 09:00:00,2026-04-11 17:00:00
1169,SKU-01169,Connect Mouse Modelo 162,"Mouse Connect, modelo 162, producto para uso general.",330.55,39,1,2026-03-23 09:00:00,2026-04-13 18:00:00
1170,SKU-01170,Connect Teclado Modelo 163,"Teclado Connect, modelo 163, producto para uso general.",391.93,56,1,2026-03-24 09:00:00,2026-04-15 19:00:00
1171,SKU-01171,Connect Monitor Modelo 164,"Monitor Connect, modelo 164, producto para uso general.",4093.31,73,1,2026-03-25 09:00:00,2026-04-17 20:00:00
1172,SKU-01172,Connect Audífonos Modelo 165,"Audífonos Connect, modelo 165, producto para uso general.",1944.68,90,1,2026-03-26 09:00:00,2026-04-19 09:00:00
1173,SKU-01173,Connect Webcam Modelo 166,"Webcam Connect, modelo 166, producto para uso general.",2096.05,107,1,2026-03-27 09:00:00,2026-04-21 10:00:00
1174,SKU-01174,Connect Memoria USB Modelo 167,"Memoria USB Connect, modelo 167, producto para uso general.",127.39,124,1,2026-03-28 09:00:00,2026-04-23 11:00:00
1175,SKU-01175,Connect Disco SSD Modelo 168,"Disco SSD Connect, modelo 168, producto para uso general.",2498.79,141,1,2026-03-29 09:00:00,2026-04-25 12:00:00
1176,SKU-01176,Connect Router Modelo 169,"Router Connect, modelo 169, producto para uso general.",2200.16,158,1,2026-03-30 09:00:00,2026-04-27 13:00:00
1177,SKU-01177,Connect Impresora Modelo 170,"Impresora Connect, modelo 170, producto para uso general.",3401.53,175,1,2026-03-31 09:00:00,2026-04-29 14:00:00
1178,SKU-01178,Connect Bocina Bluetooth Modelo 171,"Bocina Bluetooth Connect, modelo 171, producto para uso general.",2052.90,192,1,2026-04-01 09:00:00,2026-04-01 15:00:00
1179,SKU-01179,Connect Tablet Modelo 172,"Tablet Connect, modelo 172, producto para uso general.",4104.27,8,1,2026-04-02 09:00:00,2026-04-03 16:00:00
1180,SKU-01180,Connect Cargador Modelo 173,"Cargador Connect, modelo 173, producto para uso general.",765.63,25,1,2026-04-03 09:00:00,2026-04-05 17:00:00
1181,SKU-01181,Connect Cable USB Modelo 174,"Cable USB Connect, modelo 174, producto para uso general.",426.98,42,1,2026-04-04 09:00:00,2026-04-07 18:00:00
1182,SKU-01182,Connect Smartwatch Modelo 175,"Smartwatch Connect, modelo 175, producto para uso general.",2308.38,59,1,2026-04-05 09:00:00,2026-04-09 19:00:00
1183,SKU-01183,Connect Teclado mecánico Modelo 176,"Teclado mecánico Connect, modelo 176, producto para uso general.",2309.75,76,1,2026-04-06 09:00:00,2026-04-11 20:00:00
1184,SKU-01184,Connect Silla de oficina Modelo 177,"Silla de oficina Connect, modelo 177, producto para uso general.",3411.12,93,1,2026-04-07 09:00:00,2026-04-13 09:00:00
1185,SKU-01185,Connect Mochila Modelo 178,"Mochila Connect, modelo 178, producto para uso general.",2062.49,110,1,2026-04-08 09:00:00,2026-04-15 10:00:00
1186,SKU-01186,Connect Cámara Modelo 179,"Cámara Connect, modelo 179, producto para uso general.",5113.86,127,1,2026-04-09 09:00:00,2026-04-17 11:00:00
1187,SKU-01187,Connect Micrófono Modelo 180,"Micrófono Connect, modelo 180, producto para uso general.",2515.23,144,1,2026-04-10 09:00:00,2026-04-19 12:00:00
1188,SKU-01188,Advance Laptop Modelo 181,"Laptop Advance, modelo 181, producto para uso general.",10116.60,161,1,2026-04-11 09:00:00,2026-04-21 13:00:00
1189,SKU-01189,Advance Mouse Modelo 182,"Mouse Advance, modelo 182, producto para uso general.",357.95,178,1,2026-04-12 09:00:00,2026-04-23 14:00:00
1190,SKU-01190,Advance Teclado Modelo 183,"Teclado Advance, modelo 183, producto para uso general.",419.33,195,1,2026-04-13 09:00:00,2026-04-25 15:00:00
1191,SKU-01191,Advance Monitor Modelo 184,"Monitor Advance, modelo 184, producto para uso general.",4120.71,11,1,2026-04-14 09:00:00,2026-04-27 16:00:00
1192,SKU-01192,Advance Audífonos Modelo 185,"Audífonos Advance, modelo 185, producto para uso general.",1972.08,28,1,2026-04-15 09:00:00,2026-04-29 17:00:00
1193,SKU-01193,Advance Webcam Modelo 186,"Webcam Advance, modelo 186, producto para uso general.",2123.45,45,1,2026-04-16 09:00:00,2026-05-01 18:00:00
1194,SKU-01194,Advance Memoria USB Modelo 187,"Memoria USB Advance, modelo 187, producto para uso general.",154.79,62,1,2026-04-17 09:00:00,2026-05-03 19:00:00
1195,SKU-01195,Advance Disco SSD Modelo 188,"Disco SSD Advance, modelo 188, producto para uso general.",2526.19,79,1,2026-04-18 09:00:00,2026-05-05 20:00:00
1196,SKU-01196,Advance Router Modelo 189,"Router Advance, modelo 189, producto para uso general.",2227.56,96,1,2026-04-19 09:00:00,2026-05-07 09:00:00
1197,SKU-01197,Advance Impresora Modelo 190,"Impresora Advance, modelo 190, producto para uso general.",3428.93,113,1,2026-04-20 09:00:00,2026-05-09 10:00:00
1198,SKU-01198,Advance Bocina Bluetooth Modelo 191,"Bocina Bluetooth Advance, modelo 191, producto para uso general.",2080.30,130,1,2026-04-21 09:00:00,2026-05-11 11:00:00
1199,SKU-01199,Advance Tablet Modelo 192,"Tablet Advance, modelo 192, producto para uso general.",4131.67,147,1,2026-04-22 09:00:00,2026-05-13 12:00:00
1200,SKU-01200,Advance Cargador Modelo 193,"Cargador Advance, modelo 193, producto para uso general.",793.03,164,1,2026-04-23 09:00:00,2026-05-15 13:00:00
1201,SKU-01201,Advance Cable USB Modelo 194,"Cable USB Advance, modelo 194, producto para uso general.",454.38,181,1,2026-04-24 09:00:00,2026-05-17 14:00:00
1202,SKU-01202,Advance Smartwatch Modelo 195,"Smartwatch Advance, modelo 195, producto para uso general.",2335.78,198,1,2026-04-25 09:00:00,2026-05-19 15:00:00
1203,SKU-01203,Advance Teclado mecánico Modelo 196,"Teclado mecánico Advance, modelo 196, producto para uso general.",2337.15,14,1,2026-04-26 09:00:00,2026-05-21 16:00:00
1204,SKU-01204,Advance Silla de oficina Modelo 197,"Silla de oficina Advance, modelo 197, producto para uso general.",3438.52,31,1,2026-04-27 09:00:00,2026-05-23 17:00:00
1205,SKU-01205,Advance Mochila Modelo 198,"Mochila Advance, modelo 198, producto para uso general.",2089.89,48,1,2026-04-28 09:00:00,2026-05-25 18:00:00
1206,SKU-01206,Advance Cámara Modelo 199,"Cámara Advance, modelo 199, producto para uso general.",5141.26,65,1,2026-04-29 09:00:00,2026-05-27 19:00:00
1207,SKU-01207,Advance Micrófono Modelo 200,"Micrófono Advance, modelo 200, producto para uso general.",2542.63,82,1,2026-04-30 09:00:00,2026-05-29 20:00:00
1208,SKU-01208,TechPro Laptop Modelo 201,"Laptop TechPro, modelo 201, producto para uso general.",10144.00,99,1,2026-05-01 09:00:00,2026-05-01 09:00:00
1209,SKU-01209,TechPro Mouse Modelo 202,"Mouse TechPro, modelo 202, producto para uso general.",385.35,116,1,2026-05-02 09:00:00,2026-05-03 10:00:00
1210,SKU-01210,TechPro Teclado Modelo 203,"Teclado TechPro, modelo 203, producto para uso general.",446.73,133,1,2026-05-03 09:00:00,2026-05-05 11:00:00
1211,SKU-01211,TechPro Monitor Modelo 204,"Monitor TechPro, modelo 204, producto para uso general.",4148.11,150,1,2026-05-04 09:00:00,2026-05-07 12:00:00
1212,SKU-01212,TechPro Audífonos Modelo 205,"Audífonos TechPro, modelo 205, producto para uso general.",1999.48,167,1,2026-05-05 09:00:00,2026-05-09 13:00:00
1213,SKU-01213,TechPro Webcam Modelo 206,"Webcam TechPro, modelo 206, producto para uso general.",2150.85,184,1,2026-05-06 09:00:00,2026-05-11 14:00:00
1214,SKU-01214,TechPro Memoria USB Modelo 207,"Memoria USB TechPro, modelo 207, producto para uso general.",182.19,0,0,2026-05-07 09:00:00,2026-05-13 15:00:00
1215,SKU-01215,TechPro Disco SSD Modelo 208,"Disco SSD TechPro, modelo 208, producto para uso general.",2553.59,17,1,2026-05-08 09:00:00,2026-05-15 16:00:00
1216,SKU-01216,TechPro Router Modelo 209,"Router TechPro, modelo 209, producto para uso general.",2254.96,34,1,2026-05-09 09:00:00,2026-05-17 17:00:00
1217,SKU-01217,TechPro Impresora Modelo 210,"Impresora TechPro, modelo 210, producto para uso general.",3456.33,51,1,2026-05-10 09:00:00,2026-05-19 18:00:00
1218,SKU-01218,TechPro Bocina Bluetooth Modelo 211,"Bocina Bluetooth TechPro, modelo 211, producto para uso general.",2107.70,68,1,2026-05-11 09:00:00,2026-05-21 19:00:00
1219,SKU-01219,TechPro Tablet Modelo 212,"Tablet TechPro, modelo 212, producto para uso general.",4159.07,85,1,2026-05-12 09:00:00,2026-05-23 20:00:00
1220,SKU-01220,TechPro Cargador Modelo 213,"Cargador TechPro, modelo 213, producto para uso general.",820.43,102,1,2026-05-13 09:00:00,2026-05-25 09:00:00
1221,SKU-01221,TechPro Cable USB Modelo 214,"Cable USB TechPro, modelo 214, producto para uso general.",481.78,119,1,2026-05-14 09:00:00,2026-05-27 10:00:00
1222,SKU-01222,TechPro Smartwatch Modelo 215,"Smartwatch TechPro, modelo 215, producto para uso general.",2363.18,136,1,2026-05-15 09:00:00,2026-05-29 11:00:00
1223,SKU-01223,TechPro Teclado mecánico Modelo 216,"Teclado mecánico TechPro, modelo 216, producto para uso general.",2364.55,153,1,2026-05-16 09:00:00,2026-05-31 12:00:00
1224,SKU-01224,TechPro Silla de oficina Modelo 217,"Silla de oficina TechPro, modelo 217, producto para uso general.",3465.92,170,1,2026-05-17 09:00:00,2026-06-02 13:00:00
1225,SKU-01225,TechPro Mochila Modelo 218,"Mochila TechPro, modelo 218, producto para uso general.",2117.29,187,1,2026-05-18 09:00:00,2026-06-04 14:00:00
1226,SKU-01226,TechPro Cámara Modelo 219,"Cámara TechPro, modelo 219, producto para uso general.",5168.66,3,1,2026-05-19 09:00:00,2026-06-06 15:00:00
1227,SKU-01227,TechPro Micrófono Modelo 220,"Micrófono TechPro, modelo 220, producto para uso general.",2570.03,20,1,2026-05-20 09:00:00,2026-06-08 16:00:00
1228,SKU-01228,Nova Laptop Modelo 221,"Laptop Nova, modelo 221, producto para uso general.",10171.40,37,1,2026-05-21 09:00:00,2026-06-10 17:00:00
1229,SKU-01229,Nova Mouse Modelo 222,"Mouse Nova, modelo 222, producto para uso general.",412.75,54,1,2026-05-22 09:00:00,2026-06-12 18:00:00
1230,SKU-01230,Nova Teclado Modelo 223,"Teclado Nova, modelo 223, producto para uso general.",474.13,71,1,2026-05-23 09:00:00,2026-06-14 19:00:00
1231,SKU-01231,Nova Monitor Modelo 224,"Monitor Nova, modelo 224, producto para uso general.",4175.51,88,1,2026-05-24 09:00:00,2026-06-16 20:00:00
1232,SKU-01232,Nova Audífonos Modelo 225,"Audífonos Nova, modelo 225, producto para uso general.",2026.88,105,1,2026-05-25 09:00:00,2026-06-18 09:00:00
1233,SKU-01233,Nova Webcam Modelo 226,"Webcam Nova, modelo 226, producto para uso general.",2178.25,122,1,2026-05-26 09:00:00,2026-06-20 10:00:00
1234,SKU-01234,Nova Memoria USB Modelo 227,"Memoria USB Nova, modelo 227, producto para uso general.",209.59,139,1,2026-05-27 09:00:00,2026-06-22 11:00:00
1235,SKU-01235,Nova Disco SSD Modelo 228,"Disco SSD Nova, modelo 228, producto para uso general.",2580.99,156,1,2026-05-28 09:00:00,2026-06-24 12:00:00
1236,SKU-01236,Nova Router Modelo 229,"Router Nova, modelo 229, producto para uso general.",2282.36,173,1,2026-05-29 09:00:00,2026-06-26 13:00:00
1237,SKU-01237,Nova Impresora Modelo 230,"Impresora Nova, modelo 230, producto para uso general.",3483.73,190,1,2026-05-30 09:00:00,2026-06-28 14:00:00
1238,SKU-01238,Nova Bocina Bluetooth Modelo 231,"Bocina Bluetooth Nova, modelo 231, producto para uso general.",2135.10,6,1,2026-05-31 09:00:00,2026-05-31 15:00:00
1239,SKU-01239,Nova Tablet Modelo 232,"Tablet Nova, modelo 232, producto para uso general.",4186.47,23,1,2026-06-01 09:00:00,2026-06-02 16:00:00
1240,SKU-01240,Nova Cargador Modelo 233,"Cargador Nova, modelo 233, producto para uso general.",847.83,40,1,2026-06-02 09:00:00,2026-06-04 17:00:00
1241,SKU-01241,Nova Cable USB Modelo 234,"Cable USB Nova, modelo 234, producto para uso general.",89.17,57,1,2026-06-03 09:00:00,2026-06-06 18:00:00
1242,SKU-01242,Nova Smartwatch Modelo 235,"Smartwatch Nova, modelo 235, producto para uso general.",2390.58,74,1,2026-06-04 09:00:00,2026-06-08 19:00:00
1243,SKU-01243,Nova Teclado mecánico Modelo 236,"Teclado mecánico Nova, modelo 236, producto para uso general.",2391.95,91,1,2026-06-05 09:00:00,2026-06-10 20:00:00
1244,SKU-01244,Nova Silla de oficina Modelo 237,"Silla de oficina Nova, modelo 237, producto para uso general.",3493.32,108,1,2026-06-06 09:00:00,2026-06-12 09:00:00
1245,SKU-01245,Nova Mochila Modelo 238,"Mochila Nova, modelo 238, producto para uso general.",2144.69,125,1,2026-06-07 09:00:00,2026-06-14 10:00:00
1246,SKU-01246,Nova Cámara Modelo 239,"Cámara Nova, modelo 239, producto para uso general.",5196.06,142,1,2026-06-08 09:00:00,2026-06-16 11:00:00
1247,SKU-01247,Nova Micrófono Modelo 240,"Micrófono Nova, modelo 240, producto para uso general.",2597.43,159,1,2026-06-09 09:00:00,2026-06-18 12:00:00
1248,SKU-01248,MaxiTech Laptop Modelo 241,"Laptop MaxiTech, modelo 241, producto para uso general.",10198.80,176,1,2026-06-10 09:00:00,2026-06-20 13:00:00
1249,SKU-01249,MaxiTech Mouse Modelo 242,"Mouse MaxiTech, modelo 242, producto para uso general.",440.15,193,1,2026-06-11 09:00:00,2026-06-22 14:00:00
1250,SKU-01250,MaxiTech Teclado Modelo 243,"Teclado MaxiTech, modelo 243, producto para uso general.",501.53,9,1,2026-06-12 09:00:00,2026-06-24 15:00:00
1251,SKU-01251,MaxiTech Monitor Modelo 244,"Monitor MaxiTech, modelo 244, producto para uso general.",4202.91,26,1,2026-06-13 09:00:00,2026-06-26 16:00:00
1252,SKU-01252,MaxiTech Audífonos Modelo 245,"Audífonos MaxiTech, modelo 245, producto para uso general.",2054.28,43,1,2026-06-14 09:00:00,2026-06-28 17:00:00
1253,SKU-01253,MaxiTech Webcam Modelo 246,"Webcam MaxiTech, modelo 246, producto para uso general.",505.64,60,1,2026-06-15 09:00:00,2026-06-30 18:00:00
1254,SKU-01254,MaxiTech Memoria USB Modelo 247,"Memoria USB MaxiTech, modelo 247, producto para uso general.",236.99,77,1,2026-06-16 09:00:00,2026-07-02 19:00:00
1255,SKU-01255,MaxiTech Disco SSD Modelo 248,"Disco SSD MaxiTech, modelo 248, producto para uso general.",2608.39,94,1,2026-06-17 09:00:00,2026-07-04 20:00:00
1256,SKU-01256,MaxiTech Router Modelo 249,"Router MaxiTech, modelo 249, producto para uso general.",2309.76,111,1,2026-06-18 09:00:00,2026-07-06 09:00:00
1257,SKU-01257,MaxiTech Impresora Modelo 250,"Impresora MaxiTech, modelo 250, producto para uso general.",3511.13,128,1,2026-06-19 09:00:00,2026-07-08 10:00:00
1258,SKU-01258,MaxiTech Bocina Bluetooth Modelo 001,"Bocina Bluetooth MaxiTech, modelo 001, producto para uso general.",2162.50,145,1,2026-06-20 09:00:00,2026-07-10 11:00:00
1259,SKU-01259,MaxiTech Tablet Modelo 002,"Tablet MaxiTech, modelo 002, producto para uso general.",4213.87,162,1,2026-06-21 09:00:00,2026-07-12 12:00:00
1260,SKU-01260,MaxiTech Cargador Modelo 003,"Cargador MaxiTech, modelo 003, producto para uso general.",875.23,179,1,2026-06-22 09:00:00,2026-07-14 13:00:00
1261,SKU-01261,MaxiTech Cable USB Modelo 004,"Cable USB MaxiTech, modelo 004, producto para uso general.",116.57,196,1,2026-06-23 09:00:00,2026-07-16 14:00:00
1262,SKU-01262,MaxiTech Smartwatch Modelo 005,"Smartwatch MaxiTech, modelo 005, producto para uso general.",2417.98,12,1,2026-06-24 09:00:00,2026-07-18 15:00:00
1263,SKU-01263,MaxiTech Teclado mecánico Modelo 006,"Teclado mecánico MaxiTech, modelo 006, producto para uso general.",2419.35,29,1,2026-06-25 09:00:00,2026-07-20 16:00:00
1264,SKU-01264,MaxiTech Silla de oficina Modelo 007,"Silla de oficina MaxiTech, modelo 007, producto para uso general.",3520.72,46,1,2026-06-26 09:00:00,2026-07-22 17:00:00
1265,SKU-01265,MaxiTech Mochila Modelo 008,"Mochila MaxiTech, modelo 008, producto para uso general.",2172.09,63,1,2026-06-27 09:00:00,2026-07-24 18:00:00
1266,SKU-01266,MaxiTech Cámara Modelo 009,"Cámara MaxiTech, modelo 009, producto para uso general.",5223.46,80,1,2026-06-28 09:00:00,2026-07-26 19:00:00
1267,SKU-01267,MaxiTech Micrófono Modelo 010,"Micrófono MaxiTech, modelo 010, producto para uso general.",2624.83,97,1,2026-06-29 09:00:00,2026-07-28 20:00:00
1268,SKU-01268,DigitalX Laptop Modelo 011,"Laptop DigitalX, modelo 011, producto para uso general.",10226.20,114,1,2026-06-30 09:00:00,2026-06-30 09:00:00
1269,SKU-01269,DigitalX Mouse Modelo 012,"Mouse DigitalX, modelo 012, producto para uso general.",467.55,131,1,2026-07-01 09:00:00,2026-07-02 10:00:00
1270,SKU-01270,DigitalX Teclado Modelo 013,"Teclado DigitalX, modelo 013, producto para uso general.",528.93,148,1,2026-07-02 09:00:00,2026-07-04 11:00:00
1271,SKU-01271,DigitalX Monitor Modelo 014,"Monitor DigitalX, modelo 014, producto para uso general.",4230.31,165,1,2026-07-03 09:00:00,2026-07-06 12:00:00
1272,SKU-01272,DigitalX Audífonos Modelo 015,"Audífonos DigitalX, modelo 015, producto para uso general.",2081.68,182,1,2026-07-04 09:00:00,2026-07-08 13:00:00
1273,SKU-01273,DigitalX Webcam Modelo 016,"Webcam DigitalX, modelo 016, producto para uso general.",533.04,199,1,2026-07-05 09:00:00,2026-07-10 14:00:00
1274,SKU-01274,DigitalX Memoria USB Modelo 017,"Memoria USB DigitalX, modelo 017, producto para uso general.",264.39,15,1,2026-07-06 09:00:00,2026-07-12 15:00:00
1275,SKU-01275,DigitalX Disco SSD Modelo 018,"Disco SSD DigitalX, modelo 018, producto para uso general.",2635.79,32,1,2026-07-07 09:00:00,2026-07-14 16:00:00
1276,SKU-01276,DigitalX Router Modelo 019,"Router DigitalX, modelo 019, producto para uso general.",2337.16,49,1,2026-07-08 09:00:00,2026-07-16 17:00:00
1277,SKU-01277,DigitalX Impresora Modelo 020,"Impresora DigitalX, modelo 020, producto para uso general.",3538.53,66,1,2026-07-09 09:00:00,2026-07-18 18:00:00
1278,SKU-01278,DigitalX Bocina Bluetooth Modelo 021,"Bocina Bluetooth DigitalX, modelo 021, producto para uso general.",2189.90,83,1,2026-07-10 09:00:00,2026-07-20 19:00:00
1279,SKU-01279,DigitalX Tablet Modelo 022,"Tablet DigitalX, modelo 022, producto para uso general.",4241.27,100,1,2026-07-11 09:00:00,2026-07-22 20:00:00
1280,SKU-01280,DigitalX Cargador Modelo 023,"Cargador DigitalX, modelo 023, producto para uso general.",902.63,117,1,2026-07-12 09:00:00,2026-07-24 09:00:00
1281,SKU-01281,DigitalX Cable USB Modelo 024,"Cable USB DigitalX, modelo 024, producto para uso general.",143.97,134,1,2026-07-13 09:00:00,2026-07-26 10:00:00
1282,SKU-01282,DigitalX Smartwatch Modelo 025,"Smartwatch DigitalX, modelo 025, producto para uso general.",2445.38,151,1,2026-07-14 09:00:00,2026-07-28 11:00:00
1283,SKU-01283,DigitalX Teclado mecánico Modelo 026,"Teclado mecánico DigitalX, modelo 026, producto para uso general.",2446.75,168,1,2026-07-15 09:00:00,2026-07-30 12:00:00
1284,SKU-01284,DigitalX Silla de oficina Modelo 027,"Silla de oficina DigitalX, modelo 027, producto para uso general.",3548.12,185,1,2026-07-16 09:00:00,2026-08-01 13:00:00
1285,SKU-01285,DigitalX Mochila Modelo 028,"Mochila DigitalX, modelo 028, producto para uso general.",2199.49,1,1,2026-07-17 09:00:00,2026-08-03 14:00:00
1286,SKU-01286,DigitalX Cámara Modelo 029,"Cámara DigitalX, modelo 029, producto para uso general.",5250.86,18,1,2026-07-18 09:00:00,2026-08-05 15:00:00
1287,SKU-01287,DigitalX Micrófono Modelo 030,"Micrófono DigitalX, modelo 030, producto para uso general.",2652.23,35,1,2026-07-19 09:00:00,2026-08-07 16:00:00
1288,SKU-01288,SmartOne Laptop Modelo 031,"Laptop SmartOne, modelo 031, producto para uso general.",10253.60,52,1,2026-07-20 09:00:00,2026-08-09 17:00:00
1289,SKU-01289,SmartOne Mouse Modelo 032,"Mouse SmartOne, modelo 032, producto para uso general.",494.95,69,1,2026-07-21 09:00:00,2026-08-11 18:00:00
1290,SKU-01290,SmartOne Teclado Modelo 033,"Teclado SmartOne, modelo 033, producto para uso general.",556.33,86,1,2026-07-22 09:00:00,2026-08-13 19:00:00
1291,SKU-01291,SmartOne Monitor Modelo 034,"Monitor SmartOne, modelo 034, producto para uso general.",4257.71,103,1,2026-07-23 09:00:00,2026-08-15 20:00:00
1292,SKU-01292,SmartOne Audífonos Modelo 035,"Audífonos SmartOne, modelo 035, producto para uso general.",2109.08,120,1,2026-07-24 09:00:00,2026-08-17 09:00:00
1293,SKU-01293,SmartOne Webcam Modelo 036,"Webcam SmartOne, modelo 036, producto para uso general.",560.44,137,1,2026-07-25 09:00:00,2026-08-19 10:00:00
1294,SKU-01294,SmartOne Memoria USB Modelo 037,"Memoria USB SmartOne, modelo 037, producto para uso general.",291.79,154,1,2026-07-26 09:00:00,2026-08-21 11:00:00
1295,SKU-01295,SmartOne Disco SSD Modelo 038,"Disco SSD SmartOne, modelo 038, producto para uso general.",2663.19,171,1,2026-07-27 09:00:00,2026-08-23 12:00:00
1296,SKU-01296,SmartOne Router Modelo 039,"Router SmartOne, modelo 039, producto para uso general.",2364.56,188,1,2026-07-28 09:00:00,2026-08-25 13:00:00
1297,SKU-01297,SmartOne Impresora Modelo 040,"Impresora SmartOne, modelo 040, producto para uso general.",3565.93,4,1,2026-07-29 09:00:00,2026-08-27 14:00:00
1298,SKU-01298,SmartOne Bocina Bluetooth Modelo 041,"Bocina Bluetooth SmartOne, modelo 041, producto para uso general.",2217.30,21,1,2026-07-30 09:00:00,2026-07-30 15:00:00
1299,SKU-01299,SmartOne Tablet Modelo 042,"Tablet SmartOne, modelo 042, producto para uso general.",4268.67,38,1,2026-07-31 09:00:00,2026-08-01 16:00:00
1300,SKU-01300,SmartOne Cargador Modelo 043,"Cargador SmartOne, modelo 043, producto para uso general.",930.03,55,1,2026-08-01 09:00:00,2026-08-03 17:00:00
1301,SKU-01301,SmartOne Cable USB Modelo 044,"Cable USB SmartOne, modelo 044, producto para uso general.",171.37,72,1,2026-08-02 09:00:00,2026-08-05 18:00:00
1302,SKU-01302,SmartOne Smartwatch Modelo 045,"Smartwatch SmartOne, modelo 045, producto para uso general.",2472.78,89,1,2026-08-03 09:00:00,2026-08-07 19:00:00
1303,SKU-01303,SmartOne Teclado mecánico Modelo 046,"Teclado mecánico SmartOne, modelo 046, producto para uso general.",2474.15,106,1,2026-08-04 09:00:00,2026-08-09 20:00:00
1304,SKU-01304,SmartOne Silla de oficina Modelo 047,"Silla de oficina SmartOne, modelo 047, producto para uso general.",3575.52,123,1,2026-08-05 09:00:00,2026-08-11 09:00:00
1305,SKU-01305,SmartOne Mochila Modelo 048,"Mochila SmartOne, modelo 048, producto para uso general.",476.88,140,1,2026-08-06 09:00:00,2026-08-13 10:00:00
1306,SKU-01306,SmartOne Cámara Modelo 049,"Cámara SmartOne, modelo 049, producto para uso general.",5278.26,157,1,2026-08-07 09:00:00,2026-08-15 11:00:00
1307,SKU-01307,SmartOne Micrófono Modelo 050,"Micrófono SmartOne, modelo 050, producto para uso general.",2679.63,174,1,2026-08-08 09:00:00,2026-08-17 12:00:00
1308,SKU-01308,ProLine Laptop Modelo 051,"Laptop ProLine, modelo 051, producto para uso general.",10281.00,191,1,2026-08-09 09:00:00,2026-08-19 13:00:00
1309,SKU-01309,ProLine Mouse Modelo 052,"Mouse ProLine, modelo 052, producto para uso general.",522.35,7,1,2026-08-10 09:00:00,2026-08-21 14:00:00
1310,SKU-01310,ProLine Teclado Modelo 053,"Teclado ProLine, modelo 053, producto para uso general.",583.73,24,1,2026-08-11 09:00:00,2026-08-23 15:00:00
1311,SKU-01311,ProLine Monitor Modelo 054,"Monitor ProLine, modelo 054, producto para uso general.",4285.11,41,1,2026-08-12 09:00:00,2026-08-25 16:00:00
1312,SKU-01312,ProLine Audífonos Modelo 055,"Audífonos ProLine, modelo 055, producto para uso general.",2136.48,58,1,2026-08-13 09:00:00,2026-08-27 17:00:00
1313,SKU-01313,ProLine Webcam Modelo 056,"Webcam ProLine, modelo 056, producto para uso general.",587.84,75,1,2026-08-14 09:00:00,2026-08-29 18:00:00
1314,SKU-01314,ProLine Memoria USB Modelo 057,"Memoria USB ProLine, modelo 057, producto para uso general.",319.19,92,1,2026-08-15 09:00:00,2026-08-31 19:00:00
1315,SKU-01315,ProLine Disco SSD Modelo 058,"Disco SSD ProLine, modelo 058, producto para uso general.",2690.59,109,1,2026-08-16 09:00:00,2026-09-02 20:00:00
1316,SKU-01316,ProLine Router Modelo 059,"Router ProLine, modelo 059, producto para uso general.",2391.96,126,1,2026-08-17 09:00:00,2026-09-04 09:00:00
1317,SKU-01317,ProLine Impresora Modelo 060,"Impresora ProLine, modelo 060, producto para uso general.",3593.33,143,1,2026-08-18 09:00:00,2026-09-06 10:00:00
1318,SKU-01318,ProLine Bocina Bluetooth Modelo 061,"Bocina Bluetooth ProLine, modelo 061, producto para uso general.",2244.70,160,1,2026-08-19 09:00:00,2026-09-08 11:00:00
1319,SKU-01319,ProLine Tablet Modelo 062,"Tablet ProLine, modelo 062, producto para uso general.",4296.07,177,1,2026-08-20 09:00:00,2026-09-10 12:00:00
1320,SKU-01320,ProLine Cargador Modelo 063,"Cargador ProLine, modelo 063, producto para uso general.",957.43,194,1,2026-08-21 09:00:00,2026-09-12 13:00:00
1321,SKU-01321,ProLine Cable USB Modelo 064,"Cable USB ProLine, modelo 064, producto para uso general.",198.77,10,1,2026-08-22 09:00:00,2026-09-14 14:00:00
1322,SKU-01322,ProLine Smartwatch Modelo 065,"Smartwatch ProLine, modelo 065, producto para uso general.",2500.18,27,1,2026-08-23 09:00:00,2026-09-16 15:00:00
1323,SKU-01323,ProLine Teclado mecánico Modelo 066,"Teclado mecánico ProLine, modelo 066, producto para uso general.",701.54,44,1,2026-08-24 09:00:00,2026-09-18 16:00:00
1324,SKU-01324,ProLine Silla de oficina Modelo 067,"Silla de oficina ProLine, modelo 067, producto para uso general.",3602.92,61,1,2026-08-25 09:00:00,2026-09-20 17:00:00
1325,SKU-01325,ProLine Mochila Modelo 068,"Mochila ProLine, modelo 068, producto para uso general.",504.28,78,1,2026-08-26 09:00:00,2026-09-22 18:00:00
1326,SKU-01326,ProLine Cámara Modelo 069,"Cámara ProLine, modelo 069, producto para uso general.",5305.66,95,1,2026-08-27 09:00:00,2026-09-24 19:00:00
1327,SKU-01327,ProLine Micrófono Modelo 070,"Micrófono ProLine, modelo 070, producto para uso general.",2707.03,112,1,2026-08-28 09:00:00,2026-09-26 20:00:00
1328,SKU-01328,Ultra Laptop Modelo 071,"Laptop Ultra, modelo 071, producto para uso general.",10308.40,129,1,2026-08-29 09:00:00,2026-08-29 09:00:00
1329,SKU-01329,Ultra Mouse Modelo 072,"Mouse Ultra, modelo 072, producto para uso general.",549.75,146,1,2026-08-30 09:00:00,2026-08-31 10:00:00
1330,SKU-01330,Ultra Teclado Modelo 073,"Teclado Ultra, modelo 073, producto para uso general.",611.13,163,1,2026-08-31 09:00:00,2026-09-02 11:00:00
1331,SKU-01331,Ultra Monitor Modelo 074,"Monitor Ultra, modelo 074, producto para uso general.",4312.51,180,1,2026-09-01 09:00:00,2026-09-04 12:00:00
1332,SKU-01332,Ultra Audífonos Modelo 075,"Audífonos Ultra, modelo 075, producto para uso general.",2163.88,197,1,2026-09-02 09:00:00,2026-09-06 13:00:00
1333,SKU-01333,Ultra Webcam Modelo 076,"Webcam Ultra, modelo 076, producto para uso general.",615.24,13,1,2026-09-03 09:00:00,2026-09-08 14:00:00
1334,SKU-01334,Ultra Memoria USB Modelo 077,"Memoria USB Ultra, modelo 077, producto para uso general.",346.59,30,1,2026-09-04 09:00:00,2026-09-10 15:00:00
1335,SKU-01335,Ultra Disco SSD Modelo 078,"Disco SSD Ultra, modelo 078, producto para uso general.",2717.99,47,1,2026-09-05 09:00:00,2026-09-12 16:00:00
1336,SKU-01336,Ultra Router Modelo 079,"Router Ultra, modelo 079, producto para uso general.",2419.36,64,1,2026-09-06 09:00:00,2026-09-14 17:00:00
1337,SKU-01337,Ultra Impresora Modelo 080,"Impresora Ultra, modelo 080, producto para uso general.",3620.73,81,1,2026-09-07 09:00:00,2026-09-16 18:00:00
1338,SKU-01338,Ultra Bocina Bluetooth Modelo 081,"Bocina Bluetooth Ultra, modelo 081, producto para uso general.",2272.10,98,1,2026-09-08 09:00:00,2026-09-18 19:00:00
1339,SKU-01339,Ultra Tablet Modelo 082,"Tablet Ultra, modelo 082, producto para uso general.",4323.47,115,1,2026-09-09 09:00:00,2026-09-20 20:00:00
1340,SKU-01340,Ultra Cargador Modelo 083,"Cargador Ultra, modelo 083, producto para uso general.",984.83,132,1,2026-09-10 09:00:00,2026-09-22 09:00:00
1341,SKU-01341,Ultra Cable USB Modelo 084,"Cable USB Ultra, modelo 084, producto para uso general.",226.17,149,1,2026-09-11 09:00:00,2026-09-24 10:00:00
1342,SKU-01342,Ultra Smartwatch Modelo 085,"Smartwatch Ultra, modelo 085, producto para uso general.",2527.58,166,1,2026-09-12 09:00:00,2026-09-26 11:00:00
1343,SKU-01343,Ultra Teclado mecánico Modelo 086,"Teclado mecánico Ultra, modelo 086, producto para uso general.",728.94,183,1,2026-09-13 09:00:00,2026-09-28 12:00:00
1344,SKU-01344,Ultra Silla de oficina Modelo 087,"Silla de oficina Ultra, modelo 087, producto para uso general.",3630.32,200,1,2026-09-14 09:00:00,2026-09-30 13:00:00
1345,SKU-01345,Ultra Mochila Modelo 088,"Mochila Ultra, modelo 088, producto para uso general.",531.68,16,1,2026-09-15 09:00:00,2026-10-02 14:00:00
1346,SKU-01346,Ultra Cámara Modelo 089,"Cámara Ultra, modelo 089, producto para uso general.",5333.06,33,1,2026-09-16 09:00:00,2026-10-04 15:00:00
1347,SKU-01347,Ultra Micrófono Modelo 090,"Micrófono Ultra, modelo 090, producto para uso general.",2734.43,50,1,2026-09-17 09:00:00,2026-10-06 16:00:00
1348,SKU-01348,Vision Laptop Modelo 091,"Laptop Vision, modelo 091, producto para uso general.",10335.80,67,1,2026-09-18 09:00:00,2026-10-08 17:00:00
1349,SKU-01349,Vision Mouse Modelo 092,"Mouse Vision, modelo 092, producto para uso general.",577.15,84,1,2026-09-19 09:00:00,2026-10-10 18:00:00
1350,SKU-01350,Vision Teclado Modelo 093,"Teclado Vision, modelo 093, producto para uso general.",638.53,101,1,2026-09-20 09:00:00,2026-10-12 19:00:00
1351,SKU-01351,Vision Monitor Modelo 094,"Monitor Vision, modelo 094, producto para uso general.",4339.91,118,1,2026-09-21 09:00:00,2026-10-14 20:00:00
1352,SKU-01352,Vision Audífonos Modelo 095,"Audífonos Vision, modelo 095, producto para uso general.",2191.28,135,1,2026-09-22 09:00:00,2026-10-16 09:00:00
1353,SKU-01353,Vision Webcam Modelo 096,"Webcam Vision, modelo 096, producto para uso general.",642.64,152,1,2026-09-23 09:00:00,2026-10-18 10:00:00
1354,SKU-01354,Vision Memoria USB Modelo 097,"Memoria USB Vision, modelo 097, producto para uso general.",373.99,169,1,2026-09-24 09:00:00,2026-10-20 11:00:00
1355,SKU-01355,Vision Disco SSD Modelo 098,"Disco SSD Vision, modelo 098, producto para uso general.",2745.39,186,1,2026-09-25 09:00:00,2026-10-22 12:00:00
1356,SKU-01356,Vision Router Modelo 099,"Router Vision, modelo 099, producto para uso general.",2446.76,2,1,2026-09-26 09:00:00,2026-10-24 13:00:00
1357,SKU-01357,Vision Impresora Modelo 100,"Impresora Vision, modelo 100, producto para uso general.",3648.13,19,1,2026-09-27 09:00:00,2026-10-26 14:00:00
1358,SKU-01358,Vision Bocina Bluetooth Modelo 101,"Bocina Bluetooth Vision, modelo 101, producto para uso general.",2299.50,36,1,2026-01-01 09:00:00,2026-01-01 15:00:00
1359,SKU-01359,Vision Tablet Modelo 102,"Tablet Vision, modelo 102, producto para uso general.",4350.87,53,1,2026-01-02 09:00:00,2026-01-03 16:00:00
1360,SKU-01360,Vision Cargador Modelo 103,"Cargador Vision, modelo 103, producto para uso general.",1012.23,70,1,2026-01-03 09:00:00,2026-01-05 17:00:00
1361,SKU-01361,Vision Cable USB Modelo 104,"Cable USB Vision, modelo 104, producto para uso general.",253.57,87,1,2026-01-04 09:00:00,2026-01-07 18:00:00
1362,SKU-01362,Vision Smartwatch Modelo 105,"Smartwatch Vision, modelo 105, producto para uso general.",2554.98,104,1,2026-01-05 09:00:00,2026-01-09 19:00:00
1363,SKU-01363,Vision Teclado mecánico Modelo 106,"Teclado mecánico Vision, modelo 106, producto para uso general.",756.34,121,1,2026-01-06 09:00:00,2026-01-11 20:00:00
1364,SKU-01364,Vision Silla de oficina Modelo 107,"Silla de oficina Vision, modelo 107, producto para uso general.",3657.72,138,1,2026-01-07 09:00:00,2026-01-13 09:00:00
1365,SKU-01365,Vision Mochila Modelo 108,"Mochila Vision, modelo 108, producto para uso general.",559.08,155,1,2026-01-08 09:00:00,2026-01-15 10:00:00
1366,SKU-01366,Vision Cámara Modelo 109,"Cámara Vision, modelo 109, producto para uso general.",5360.46,172,1,2026-01-09 09:00:00,2026-01-17 11:00:00
1367,SKU-01367,Vision Micrófono Modelo 110,"Micrófono Vision, modelo 110, producto para uso general.",2761.83,189,1,2026-01-10 09:00:00,2026-01-19 12:00:00
1368,SKU-01368,Connect Laptop Modelo 111,"Laptop Connect, modelo 111, producto para uso general.",10363.20,5,1,2026-01-11 09:00:00,2026-01-21 13:00:00
1369,SKU-01369,Connect Mouse Modelo 112,"Mouse Connect, modelo 112, producto para uso general.",604.55,22,1,2026-01-12 09:00:00,2026-01-23 14:00:00
1370,SKU-01370,Connect Teclado Modelo 113,"Teclado Connect, modelo 113, producto para uso general.",665.93,39,1,2026-01-13 09:00:00,2026-01-25 15:00:00
1371,SKU-01371,Connect Monitor Modelo 114,"Monitor Connect, modelo 114, producto para uso general.",4367.31,56,1,2026-01-14 09:00:00,2026-01-27 16:00:00
1372,SKU-01372,Connect Audífonos Modelo 115,"Audífonos Connect, modelo 115, producto para uso general.",2218.68,73,1,2026-01-15 09:00:00,2026-01-29 17:00:00
1373,SKU-01373,Connect Webcam Modelo 116,"Webcam Connect, modelo 116, producto para uso general.",670.04,90,1,2026-01-16 09:00:00,2026-01-31 18:00:00
1374,SKU-01374,Connect Memoria USB Modelo 117,"Memoria USB Connect, modelo 117, producto para uso general.",401.39,107,1,2026-01-17 09:00:00,2026-02-02 19:00:00
1375,SKU-01375,Connect Disco SSD Modelo 118,"Disco SSD Connect, modelo 118, producto para uso general.",2772.79,124,1,2026-01-18 09:00:00,2026-02-04 20:00:00
1376,SKU-01376,Connect Router Modelo 119,"Router Connect, modelo 119, producto para uso general.",2474.16,141,1,2026-01-19 09:00:00,2026-02-06 09:00:00
1377,SKU-01377,Connect Impresora Modelo 120,"Impresora Connect, modelo 120, producto para uso general.",3675.53,158,1,2026-01-20 09:00:00,2026-02-08 10:00:00
1378,SKU-01378,Connect Bocina Bluetooth Modelo 121,"Bocina Bluetooth Connect, modelo 121, producto para uso general.",2326.90,175,1,2026-01-21 09:00:00,2026-02-10 11:00:00
1379,SKU-01379,Connect Tablet Modelo 122,"Tablet Connect, modelo 122, producto para uso general.",4378.27,192,1,2026-01-22 09:00:00,2026-02-12 12:00:00
1380,SKU-01380,Connect Cargador Modelo 123,"Cargador Connect, modelo 123, producto para uso general.",1039.63,8,1,2026-01-23 09:00:00,2026-02-14 13:00:00
1381,SKU-01381,Connect Cable USB Modelo 124,"Cable USB Connect, modelo 124, producto para uso general.",280.97,25,1,2026-01-24 09:00:00,2026-02-16 14:00:00
1382,SKU-01382,Connect Smartwatch Modelo 125,"Smartwatch Connect, modelo 125, producto para uso general.",2582.38,42,1,2026-01-25 09:00:00,2026-02-18 15:00:00
1383,SKU-01383,Connect Teclado mecánico Modelo 126,"Teclado mecánico Connect, modelo 126, producto para uso general.",783.74,59,1,2026-01-26 09:00:00,2026-02-20 16:00:00
1384,SKU-01384,Connect Silla de oficina Modelo 127,"Silla de oficina Connect, modelo 127, producto para uso general.",3685.12,76,1,2026-01-27 09:00:00,2026-02-22 17:00:00
1385,SKU-01385,Connect Mochila Modelo 128,"Mochila Connect, modelo 128, producto para uso general.",586.48,93,1,2026-01-28 09:00:00,2026-02-24 18:00:00
1386,SKU-01386,Connect Cámara Modelo 129,"Cámara Connect, modelo 129, producto para uso general.",5387.86,110,1,2026-01-29 09:00:00,2026-02-26 19:00:00
1387,SKU-01387,Connect Micrófono Modelo 130,"Micrófono Connect, modelo 130, producto para uso general.",2789.23,127,1,2026-01-30 09:00:00,2026-02-28 20:00:00
1388,SKU-01388,Advance Laptop Modelo 131,"Laptop Advance, modelo 131, producto para uso general.",10390.60,144,1,2026-01-31 09:00:00,2026-01-31 09:00:00
1389,SKU-01389,Advance Mouse Modelo 132,"Mouse Advance, modelo 132, producto para uso general.",631.95,161,1,2026-02-01 09:00:00,2026-02-02 10:00:00
1390,SKU-01390,Advance Teclado Modelo 133,"Teclado Advance, modelo 133, producto para uso general.",693.33,178,1,2026-02-02 09:00:00,2026-02-04 11:00:00
1391,SKU-01391,Advance Monitor Modelo 134,"Monitor Advance, modelo 134, producto para uso general.",4394.71,195,1,2026-02-03 09:00:00,2026-02-06 12:00:00
1392,SKU-01392,Advance Audífonos Modelo 135,"Audífonos Advance, modelo 135, producto para uso general.",2246.08,11,1,2026-02-04 09:00:00,2026-02-08 13:00:00
1393,SKU-01393,Advance Webcam Modelo 136,"Webcam Advance, modelo 136, producto para uso general.",697.44,28,1,2026-02-05 09:00:00,2026-02-10 14:00:00
1394,SKU-01394,Advance Memoria USB Modelo 137,"Memoria USB Advance, modelo 137, producto para uso general.",428.79,45,1,2026-02-06 09:00:00,2026-02-12 15:00:00
1395,SKU-01395,Advance Disco SSD Modelo 138,"Disco SSD Advance, modelo 138, producto para uso general.",2800.19,62,1,2026-02-07 09:00:00,2026-02-14 16:00:00
1396,SKU-01396,Advance Router Modelo 139,"Router Advance, modelo 139, producto para uso general.",2501.56,79,1,2026-02-08 09:00:00,2026-02-16 17:00:00
1397,SKU-01397,Advance Impresora Modelo 140,"Impresora Advance, modelo 140, producto para uso general.",3702.93,96,1,2026-02-09 09:00:00,2026-02-18 18:00:00
1398,SKU-01398,Advance Bocina Bluetooth Modelo 141,"Bocina Bluetooth Advance, modelo 141, producto para uso general.",2354.30,113,1,2026-02-10 09:00:00,2026-02-20 19:00:00
1399,SKU-01399,Advance Tablet Modelo 142,"Tablet Advance, modelo 142, producto para uso general.",4405.67,130,1,2026-02-11 09:00:00,2026-02-22 20:00:00
1400,SKU-01400,Advance Cargador Modelo 143,"Cargador Advance, modelo 143, producto para uso general.",1067.03,147,1,2026-02-12 09:00:00,2026-02-24 09:00:00
1401,SKU-01401,Advance Cable USB Modelo 144,"Cable USB Advance, modelo 144, producto para uso general.",308.37,164,1,2026-02-13 09:00:00,2026-02-26 10:00:00
1402,SKU-01402,Advance Smartwatch Modelo 145,"Smartwatch Advance, modelo 145, producto para uso general.",2609.78,181,1,2026-02-14 09:00:00,2026-02-28 11:00:00
1403,SKU-01403,Advance Teclado mecánico Modelo 146,"Teclado mecánico Advance, modelo 146, producto para uso general.",811.14,198,1,2026-02-15 09:00:00,2026-03-02 12:00:00
1404,SKU-01404,Advance Silla de oficina Modelo 147,"Silla de oficina Advance, modelo 147, producto para uso general.",3712.52,14,1,2026-02-16 09:00:00,2026-03-04 13:00:00
1405,SKU-01405,Advance Mochila Modelo 148,"Mochila Advance, modelo 148, producto para uso general.",613.88,31,1,2026-02-17 09:00:00,2026-03-06 14:00:00
1406,SKU-01406,Advance Cámara Modelo 149,"Cámara Advance, modelo 149, producto para uso general.",5415.26,48,1,2026-02-18 09:00:00,2026-03-08 15:00:00
1407,SKU-01407,Advance Micrófono Modelo 150,"Micrófono Advance, modelo 150, producto para uso general.",2816.63,65,1,2026-02-19 09:00:00,2026-03-10 16:00:00
1408,SKU-01408,TechPro Laptop Modelo 151,"Laptop TechPro, modelo 151, producto para uso general.",10418.00,82,1,2026-02-20 09:00:00,2026-03-12 17:00:00
1409,SKU-01409,TechPro Mouse Modelo 152,"Mouse TechPro, modelo 152, producto para uso general.",659.35,99,1,2026-02-21 09:00:00,2026-03-14 18:00:00
1410,SKU-01410,TechPro Teclado Modelo 153,"Teclado TechPro, modelo 153, producto para uso general.",720.73,116,1,2026-02-22 09:00:00,2026-03-16 19:00:00
1411,SKU-01411,TechPro Monitor Modelo 154,"Monitor TechPro, modelo 154, producto para uso general.",4422.11,133,1,2026-02-23 09:00:00,2026-03-18 20:00:00
1412,SKU-01412,TechPro Audífonos Modelo 155,"Audífonos TechPro, modelo 155, producto para uso general.",2273.48,150,1,2026-02-24 09:00:00,2026-03-20 09:00:00
1413,SKU-01413,TechPro Webcam Modelo 156,"Webcam TechPro, modelo 156, producto para uso general.",724.84,167,1,2026-02-25 09:00:00,2026-03-22 10:00:00
1414,SKU-01414,TechPro Memoria USB Modelo 157,"Memoria USB TechPro, modelo 157, producto para uso general.",456.19,184,1,2026-02-26 09:00:00,2026-03-24 11:00:00
1415,SKU-01415,TechPro Disco SSD Modelo 158,"Disco SSD TechPro, modelo 158, producto para uso general.",2827.59,0,0,2026-02-27 09:00:00,2026-03-26 12:00:00
1416,SKU-01416,TechPro Router Modelo 159,"Router TechPro, modelo 159, producto para uso general.",2528.96,17,1,2026-02-28 09:00:00,2026-03-28 13:00:00
1417,SKU-01417,TechPro Impresora Modelo 160,"Impresora TechPro, modelo 160, producto para uso general.",3730.33,34,1,2026-03-01 09:00:00,2026-03-30 14:00:00
1418,SKU-01418,TechPro Bocina Bluetooth Modelo 161,"Bocina Bluetooth TechPro, modelo 161, producto para uso general.",2381.70,51,1,2026-03-02 09:00:00,2026-03-02 15:00:00
1419,SKU-01419,TechPro Tablet Modelo 162,"Tablet TechPro, modelo 162, producto para uso general.",4433.07,68,1,2026-03-03 09:00:00,2026-03-04 16:00:00
1420,SKU-01420,TechPro Cargador Modelo 163,"Cargador TechPro, modelo 163, producto para uso general.",1094.43,85,1,2026-03-04 09:00:00,2026-03-06 17:00:00
1421,SKU-01421,TechPro Cable USB Modelo 164,"Cable USB TechPro, modelo 164, producto para uso general.",335.77,102,1,2026-03-05 09:00:00,2026-03-08 18:00:00
1422,SKU-01422,TechPro Smartwatch Modelo 165,"Smartwatch TechPro, modelo 165, producto para uso general.",2637.18,119,1,2026-03-06 09:00:00,2026-03-10 19:00:00
1423,SKU-01423,TechPro Teclado mecánico Modelo 166,"Teclado mecánico TechPro, modelo 166, producto para uso general.",838.54,136,1,2026-03-07 09:00:00,2026-03-12 20:00:00
1424,SKU-01424,TechPro Silla de oficina Modelo 167,"Silla de oficina TechPro, modelo 167, producto para uso general.",3739.92,153,1,2026-03-08 09:00:00,2026-03-14 09:00:00
1425,SKU-01425,TechPro Mochila Modelo 168,"Mochila TechPro, modelo 168, producto para uso general.",641.28,170,1,2026-03-09 09:00:00,2026-03-16 10:00:00
1426,SKU-01426,TechPro Cámara Modelo 169,"Cámara TechPro, modelo 169, producto para uso general.",5442.66,187,1,2026-03-10 09:00:00,2026-03-18 11:00:00
1427,SKU-01427,TechPro Micrófono Modelo 170,"Micrófono TechPro, modelo 170, producto para uso general.",2844.03,3,1,2026-03-11 09:00:00,2026-03-20 12:00:00
1428,SKU-01428,Nova Laptop Modelo 171,"Laptop Nova, modelo 171, producto para uso general.",10445.40,20,1,2026-03-12 09:00:00,2026-03-22 13:00:00
1429,SKU-01429,Nova Mouse Modelo 172,"Mouse Nova, modelo 172, producto para uso general.",686.75,37,1,2026-03-13 09:00:00,2026-03-24 14:00:00
1430,SKU-01430,Nova Teclado Modelo 173,"Teclado Nova, modelo 173, producto para uso general.",748.13,54,1,2026-03-14 09:00:00,2026-03-26 15:00:00
1431,SKU-01431,Nova Monitor Modelo 174,"Monitor Nova, modelo 174, producto para uso general.",4449.51,71,1,2026-03-15 09:00:00,2026-03-28 16:00:00
1432,SKU-01432,Nova Audífonos Modelo 175,"Audífonos Nova, modelo 175, producto para uso general.",2300.88,88,1,2026-03-16 09:00:00,2026-03-30 17:00:00
1433,SKU-01433,Nova Webcam Modelo 176,"Webcam Nova, modelo 176, producto para uso general.",752.24,105,1,2026-03-17 09:00:00,2026-04-01 18:00:00
1434,SKU-01434,Nova Memoria USB Modelo 177,"Memoria USB Nova, modelo 177, producto para uso general.",483.59,122,1,2026-03-18 09:00:00,2026-04-03 19:00:00
1435,SKU-01435,Nova Disco SSD Modelo 178,"Disco SSD Nova, modelo 178, producto para uso general.",2854.99,139,1,2026-03-19 09:00:00,2026-04-05 20:00:00
1436,SKU-01436,Nova Router Modelo 179,"Router Nova, modelo 179, producto para uso general.",2556.36,156,1,2026-03-20 09:00:00,2026-04-07 09:00:00
1437,SKU-01437,Nova Impresora Modelo 180,"Impresora Nova, modelo 180, producto para uso general.",3757.73,173,1,2026-03-21 09:00:00,2026-04-09 10:00:00
1438,SKU-01438,Nova Bocina Bluetooth Modelo 181,"Bocina Bluetooth Nova, modelo 181, producto para uso general.",2409.10,190,1,2026-03-22 09:00:00,2026-04-11 11:00:00
1439,SKU-01439,Nova Tablet Modelo 182,"Tablet Nova, modelo 182, producto para uso general.",4460.47,6,1,2026-03-23 09:00:00,2026-04-13 12:00:00
1440,SKU-01440,Nova Cargador Modelo 183,"Cargador Nova, modelo 183, producto para uso general.",1121.83,23,1,2026-03-24 09:00:00,2026-04-15 13:00:00
1441,SKU-01441,Nova Cable USB Modelo 184,"Cable USB Nova, modelo 184, producto para uso general.",363.17,40,1,2026-03-25 09:00:00,2026-04-17 14:00:00
1442,SKU-01442,Nova Smartwatch Modelo 185,"Smartwatch Nova, modelo 185, producto para uso general.",2664.58,57,1,2026-03-26 09:00:00,2026-04-19 15:00:00
1443,SKU-01443,Nova Teclado mecánico Modelo 186,"Teclado mecánico Nova, modelo 186, producto para uso general.",865.94,74,1,2026-03-27 09:00:00,2026-04-21 16:00:00
1444,SKU-01444,Nova Silla de oficina Modelo 187,"Silla de oficina Nova, modelo 187, producto para uso general.",3767.32,91,1,2026-03-28 09:00:00,2026-04-23 17:00:00
1445,SKU-01445,Nova Mochila Modelo 188,"Mochila Nova, modelo 188, producto para uso general.",668.68,108,1,2026-03-29 09:00:00,2026-04-25 18:00:00
1446,SKU-01446,Nova Cámara Modelo 189,"Cámara Nova, modelo 189, producto para uso general.",5470.06,125,1,2026-03-30 09:00:00,2026-04-27 19:00:00
1447,SKU-01447,Nova Micrófono Modelo 190,"Micrófono Nova, modelo 190, producto para uso general.",2871.43,142,1,2026-03-31 09:00:00,2026-04-29 20:00:00
1448,SKU-01448,MaxiTech Laptop Modelo 191,"Laptop MaxiTech, modelo 191, producto para uso general.",10472.80,159,1,2026-04-01 09:00:00,2026-04-01 09:00:00
1449,SKU-01449,MaxiTech Mouse Modelo 192,"Mouse MaxiTech, modelo 192, producto para uso general.",714.15,176,1,2026-04-02 09:00:00,2026-04-03 10:00:00
1450,SKU-01450,MaxiTech Teclado Modelo 193,"Teclado MaxiTech, modelo 193, producto para uso general.",775.53,193,1,2026-04-03 09:00:00,2026-04-05 11:00:00
1451,SKU-01451,MaxiTech Monitor Modelo 194,"Monitor MaxiTech, modelo 194, producto para uso general.",4476.91,9,1,2026-04-04 09:00:00,2026-04-07 12:00:00
1452,SKU-01452,MaxiTech Audífonos Modelo 195,"Audífonos MaxiTech, modelo 195, producto para uso general.",2328.28,26,1,2026-04-05 09:00:00,2026-04-09 13:00:00
1453,SKU-01453,MaxiTech Webcam Modelo 196,"Webcam MaxiTech, modelo 196, producto para uso general.",779.64,43,1,2026-04-06 09:00:00,2026-04-11 14:00:00
1454,SKU-01454,MaxiTech Memoria USB Modelo 197,"Memoria USB MaxiTech, modelo 197, producto para uso general.",510.99,60,1,2026-04-07 09:00:00,2026-04-13 15:00:00
1455,SKU-01455,MaxiTech Disco SSD Modelo 198,"Disco SSD MaxiTech, modelo 198, producto para uso general.",2882.39,77,1,2026-04-08 09:00:00,2026-04-15 16:00:00
1456,SKU-01456,MaxiTech Router Modelo 199,"Router MaxiTech, modelo 199, producto para uso general.",2583.76,94,1,2026-04-09 09:00:00,2026-04-17 17:00:00
1457,SKU-01457,MaxiTech Impresora Modelo 200,"Impresora MaxiTech, modelo 200, producto para uso general.",3785.13,111,1,2026-04-10 09:00:00,2026-04-19 18:00:00
1458,SKU-01458,MaxiTech Bocina Bluetooth Modelo 201,"Bocina Bluetooth MaxiTech, modelo 201, producto para uso general.",2436.50,128,1,2026-04-11 09:00:00,2026-04-21 19:00:00
1459,SKU-01459,MaxiTech Tablet Modelo 202,"Tablet MaxiTech, modelo 202, producto para uso general.",4487.87,145,1,2026-04-12 09:00:00,2026-04-23 20:00:00
1460,SKU-01460,MaxiTech Cargador Modelo 203,"Cargador MaxiTech, modelo 203, producto para uso general.",1149.23,162,1,2026-04-13 09:00:00,2026-04-25 09:00:00
1461,SKU-01461,MaxiTech Cable USB Modelo 204,"Cable USB MaxiTech, modelo 204, producto para uso general.",390.57,179,1,2026-04-14 09:00:00,2026-04-27 10:00:00
1462,SKU-01462,MaxiTech Smartwatch Modelo 205,"Smartwatch MaxiTech, modelo 205, producto para uso general.",2691.98,196,1,2026-04-15 09:00:00,2026-04-29 11:00:00
1463,SKU-01463,MaxiTech Teclado mecánico Modelo 206,"Teclado mecánico MaxiTech, modelo 206, producto para uso general.",893.34,12,1,2026-04-16 09:00:00,2026-05-01 12:00:00
1464,SKU-01464,MaxiTech Silla de oficina Modelo 207,"Silla de oficina MaxiTech, modelo 207, producto para uso general.",3794.72,29,1,2026-04-17 09:00:00,2026-05-03 13:00:00
1465,SKU-01465,MaxiTech Mochila Modelo 208,"Mochila MaxiTech, modelo 208, producto para uso general.",696.08,46,1,2026-04-18 09:00:00,2026-05-05 14:00:00
1466,SKU-01466,MaxiTech Cámara Modelo 209,"Cámara MaxiTech, modelo 209, producto para uso general.",5497.46,63,1,2026-04-19 09:00:00,2026-05-07 15:00:00
1467,SKU-01467,MaxiTech Micrófono Modelo 210,"Micrófono MaxiTech, modelo 210, producto para uso general.",2898.83,80,1,2026-04-20 09:00:00,2026-05-09 16:00:00
1468,SKU-01468,DigitalX Laptop Modelo 211,"Laptop DigitalX, modelo 211, producto para uso general.",10500.20,97,1,2026-04-21 09:00:00,2026-05-11 17:00:00
1469,SKU-01469,DigitalX Mouse Modelo 212,"Mouse DigitalX, modelo 212, producto para uso general.",741.55,114,1,2026-04-22 09:00:00,2026-05-13 18:00:00
1470,SKU-01470,DigitalX Teclado Modelo 213,"Teclado DigitalX, modelo 213, producto para uso general.",802.93,131,1,2026-04-23 09:00:00,2026-05-15 19:00:00
1471,SKU-01471,DigitalX Monitor Modelo 214,"Monitor DigitalX, modelo 214, producto para uso general.",4504.31,148,1,2026-04-24 09:00:00,2026-05-17 20:00:00
1472,SKU-01472,DigitalX Audífonos Modelo 215,"Audífonos DigitalX, modelo 215, producto para uso general.",2355.68,165,1,2026-04-25 09:00:00,2026-05-19 09:00:00
1473,SKU-01473,DigitalX Webcam Modelo 216,"Webcam DigitalX, modelo 216, producto para uso general.",807.04,182,1,2026-04-26 09:00:00,2026-05-21 10:00:00
1474,SKU-01474,DigitalX Memoria USB Modelo 217,"Memoria USB DigitalX, modelo 217, producto para uso general.",538.39,199,1,2026-04-27 09:00:00,2026-05-23 11:00:00
1475,SKU-01475,DigitalX Disco SSD Modelo 218,"Disco SSD DigitalX, modelo 218, producto para uso general.",2909.79,15,1,2026-04-28 09:00:00,2026-05-25 12:00:00
1476,SKU-01476,DigitalX Router Modelo 219,"Router DigitalX, modelo 219, producto para uso general.",2611.16,32,1,2026-04-29 09:00:00,2026-05-27 13:00:00
1477,SKU-01477,DigitalX Impresora Modelo 220,"Impresora DigitalX, modelo 220, producto para uso general.",3812.53,49,1,2026-04-30 09:00:00,2026-05-29 14:00:00
1478,SKU-01478,DigitalX Bocina Bluetooth Modelo 221,"Bocina Bluetooth DigitalX, modelo 221, producto para uso general.",2463.90,66,1,2026-05-01 09:00:00,2026-05-01 15:00:00
1479,SKU-01479,DigitalX Tablet Modelo 222,"Tablet DigitalX, modelo 222, producto para uso general.",4515.27,83,1,2026-05-02 09:00:00,2026-05-03 16:00:00
1480,SKU-01480,DigitalX Cargador Modelo 223,"Cargador DigitalX, modelo 223, producto para uso general.",1176.63,100,1,2026-05-03 09:00:00,2026-05-05 17:00:00
1481,SKU-01481,DigitalX Cable USB Modelo 224,"Cable USB DigitalX, modelo 224, producto para uso general.",417.97,117,1,2026-05-04 09:00:00,2026-05-07 18:00:00
1482,SKU-01482,DigitalX Smartwatch Modelo 225,"Smartwatch DigitalX, modelo 225, producto para uso general.",2719.38,134,1,2026-05-05 09:00:00,2026-05-09 19:00:00
1483,SKU-01483,DigitalX Teclado mecánico Modelo 226,"Teclado mecánico DigitalX, modelo 226, producto para uso general.",920.74,151,1,2026-05-06 09:00:00,2026-05-11 20:00:00
1484,SKU-01484,DigitalX Silla de oficina Modelo 227,"Silla de oficina DigitalX, modelo 227, producto para uso general.",3822.12,168,1,2026-05-07 09:00:00,2026-05-13 09:00:00
1485,SKU-01485,DigitalX Mochila Modelo 228,"Mochila DigitalX, modelo 228, producto para uso general.",723.48,185,1,2026-05-08 09:00:00,2026-05-15 10:00:00
1486,SKU-01486,DigitalX Cámara Modelo 229,"Cámara DigitalX, modelo 229, producto para uso general.",5524.86,1,1,2026-05-09 09:00:00,2026-05-17 11:00:00
1487,SKU-01487,DigitalX Micrófono Modelo 230,"Micrófono DigitalX, modelo 230, producto para uso general.",2926.23,18,1,2026-05-10 09:00:00,2026-05-19 12:00:00
1488,SKU-01488,SmartOne Laptop Modelo 231,"Laptop SmartOne, modelo 231, producto para uso general.",10527.60,35,1,2026-05-11 09:00:00,2026-05-21 13:00:00
1489,SKU-01489,SmartOne Mouse Modelo 232,"Mouse SmartOne, modelo 232, producto para uso general.",768.95,52,1,2026-05-12 09:00:00,2026-05-23 14:00:00
1490,SKU-01490,SmartOne Teclado Modelo 233,"Teclado SmartOne, modelo 233, producto para uso general.",830.33,69,1,2026-05-13 09:00:00,2026-05-25 15:00:00
1491,SKU-01491,SmartOne Monitor Modelo 234,"Monitor SmartOne, modelo 234, producto para uso general.",4531.71,86,1,2026-05-14 09:00:00,2026-05-27 16:00:00
1492,SKU-01492,SmartOne Audífonos Modelo 235,"Audífonos SmartOne, modelo 235, producto para uso general.",2383.08,103,1,2026-05-15 09:00:00,2026-05-29 17:00:00
1493,SKU-01493,SmartOne Webcam Modelo 236,"Webcam SmartOne, modelo 236, producto para uso general.",834.44,120,1,2026-05-16 09:00:00,2026-05-31 18:00:00
1494,SKU-01494,SmartOne Memoria USB Modelo 237,"Memoria USB SmartOne, modelo 237, producto para uso general.",565.79,137,1,2026-05-17 09:00:00,2026-06-02 19:00:00
1495,SKU-01495,SmartOne Disco SSD Modelo 238,"Disco SSD SmartOne, modelo 238, producto para uso general.",2937.19,154,1,2026-05-18 09:00:00,2026-06-04 20:00:00
1496,SKU-01496,SmartOne Router Modelo 239,"Router SmartOne, modelo 239, producto para uso general.",2638.56,171,1,2026-05-19 09:00:00,2026-06-06 09:00:00
1497,SKU-01497,SmartOne Impresora Modelo 240,"Impresora SmartOne, modelo 240, producto para uso general.",3839.93,188,1,2026-05-20 09:00:00,2026-06-08 10:00:00
1498,SKU-01498,SmartOne Bocina Bluetooth Modelo 241,"Bocina Bluetooth SmartOne, modelo 241, producto para uso general.",2491.30,4,1,2026-05-21 09:00:00,2026-06-10 11:00:00
1499,SKU-01499,SmartOne Tablet Modelo 242,"Tablet SmartOne, modelo 242, producto para uso general.",4542.67,21,1,2026-05-22 09:00:00,2026-06-12 12:00:00
1500,SKU-01500,SmartOne Cargador Modelo 243,"Cargador SmartOne, modelo 243, producto para uso general.",184.02,38,1,2026-05-23 09:00:00,2026-06-14 13:00:00
1501,SKU-01501,SmartOne Cable USB Modelo 244,"Cable USB SmartOne, modelo 244, producto para uso general.",445.37,55,1,2026-05-24 09:00:00,2026-06-16 14:00:00
1502,SKU-01502,SmartOne Smartwatch Modelo 245,"Smartwatch SmartOne, modelo 245, producto para uso general.",2746.78,72,1,2026-05-25 09:00:00,2026-06-18 15:00:00
1503,SKU-01503,SmartOne Teclado mecánico Modelo 246,"Teclado mecánico SmartOne, modelo 246, producto para uso general.",948.14,89,1,2026-05-26 09:00:00,2026-06-20 16:00:00
1504,SKU-01504,SmartOne Silla de oficina Modelo 247,"Silla de oficina SmartOne, modelo 247, producto para uso general.",3849.52,106,1,2026-05-27 09:00:00,2026-06-22 17:00:00
1505,SKU-01505,SmartOne Mochila Modelo 248,"Mochila SmartOne, modelo 248, producto para uso general.",750.88,123,1,2026-05-28 09:00:00,2026-06-24 18:00:00
1506,SKU-01506,SmartOne Cámara Modelo 249,"Cámara SmartOne, modelo 249, producto para uso general.",5552.26,140,1,2026-05-29 09:00:00,2026-06-26 19:00:00
1507,SKU-01507,SmartOne Micrófono Modelo 250,"Micrófono SmartOne, modelo 250, producto para uso general.",2953.63,157,1,2026-05-30 09:00:00,2026-06-28 20:00:00
1508,SKU-01508,ProLine Laptop Modelo 001,"Laptop ProLine, modelo 001, producto para uso general.",10555.00,174,1,2026-05-31 09:00:00,2026-05-31 09:00:00
1509,SKU-01509,ProLine Mouse Modelo 002,"Mouse ProLine, modelo 002, producto para uso general.",796.35,191,1,2026-06-01 09:00:00,2026-06-02 10:00:00
1510,SKU-01510,ProLine Teclado Modelo 003,"Teclado ProLine, modelo 003, producto para uso general.",857.73,7,1,2026-06-02 09:00:00,2026-06-04 11:00:00
1511,SKU-01511,ProLine Monitor Modelo 004,"Monitor ProLine, modelo 004, producto para uso general.",4559.11,24,1,2026-06-03 09:00:00,2026-06-06 12:00:00
1512,SKU-01512,ProLine Audífonos Modelo 005,"Audífonos ProLine, modelo 005, producto para uso general.",2410.48,41,1,2026-06-04 09:00:00,2026-06-08 13:00:00
1513,SKU-01513,ProLine Webcam Modelo 006,"Webcam ProLine, modelo 006, producto para uso general.",861.84,58,1,2026-06-05 09:00:00,2026-06-10 14:00:00
1514,SKU-01514,ProLine Memoria USB Modelo 007,"Memoria USB ProLine, modelo 007, producto para uso general.",593.19,75,1,2026-06-06 09:00:00,2026-06-12 15:00:00
1515,SKU-01515,ProLine Disco SSD Modelo 008,"Disco SSD ProLine, modelo 008, producto para uso general.",2964.59,92,1,2026-06-07 09:00:00,2026-06-14 16:00:00
1516,SKU-01516,ProLine Router Modelo 009,"Router ProLine, modelo 009, producto para uso general.",2665.96,109,1,2026-06-08 09:00:00,2026-06-16 17:00:00
1517,SKU-01517,ProLine Impresora Modelo 010,"Impresora ProLine, modelo 010, producto para uso general.",3867.33,126,1,2026-06-09 09:00:00,2026-06-18 18:00:00
1518,SKU-01518,ProLine Bocina Bluetooth Modelo 011,"Bocina Bluetooth ProLine, modelo 011, producto para uso general.",2518.70,143,1,2026-06-10 09:00:00,2026-06-20 19:00:00
1519,SKU-01519,ProLine Tablet Modelo 012,"Tablet ProLine, modelo 012, producto para uso general.",4570.07,160,1,2026-06-11 09:00:00,2026-06-22 20:00:00
1520,SKU-01520,ProLine Cargador Modelo 013,"Cargador ProLine, modelo 013, producto para uso general.",211.42,177,1,2026-06-12 09:00:00,2026-06-24 09:00:00
1521,SKU-01521,ProLine Cable USB Modelo 014,"Cable USB ProLine, modelo 014, producto para uso general.",472.77,194,1,2026-06-13 09:00:00,2026-06-26 10:00:00
1522,SKU-01522,ProLine Smartwatch Modelo 015,"Smartwatch ProLine, modelo 015, producto para uso general.",2774.18,10,1,2026-06-14 09:00:00,2026-06-28 11:00:00
1523,SKU-01523,ProLine Teclado mecánico Modelo 016,"Teclado mecánico ProLine, modelo 016, producto para uso general.",975.54,27,1,2026-06-15 09:00:00,2026-06-30 12:00:00
1524,SKU-01524,ProLine Silla de oficina Modelo 017,"Silla de oficina ProLine, modelo 017, producto para uso general.",3876.92,44,1,2026-06-16 09:00:00,2026-07-02 13:00:00
1525,SKU-01525,ProLine Mochila Modelo 018,"Mochila ProLine, modelo 018, producto para uso general.",778.28,61,1,2026-06-17 09:00:00,2026-07-04 14:00:00
1526,SKU-01526,ProLine Cámara Modelo 019,"Cámara ProLine, modelo 019, producto para uso general.",5579.66,78,1,2026-06-18 09:00:00,2026-07-06 15:00:00
1527,SKU-01527,ProLine Micrófono Modelo 020,"Micrófono ProLine, modelo 020, producto para uso general.",2981.03,95,1,2026-06-19 09:00:00,2026-07-08 16:00:00
1528,SKU-01528,Ultra Laptop Modelo 021,"Laptop Ultra, modelo 021, producto para uso general.",10582.40,112,1,2026-06-20 09:00:00,2026-07-10 17:00:00
1529,SKU-01529,Ultra Mouse Modelo 022,"Mouse Ultra, modelo 022, producto para uso general.",823.75,129,1,2026-06-21 09:00:00,2026-07-12 18:00:00
1530,SKU-01530,Ultra Teclado Modelo 023,"Teclado Ultra, modelo 023, producto para uso general.",885.13,146,1,2026-06-22 09:00:00,2026-07-14 19:00:00
1531,SKU-01531,Ultra Monitor Modelo 024,"Monitor Ultra, modelo 024, producto para uso general.",4586.51,163,1,2026-06-23 09:00:00,2026-07-16 20:00:00
1532,SKU-01532,Ultra Audífonos Modelo 025,"Audífonos Ultra, modelo 025, producto para uso general.",2437.88,180,1,2026-06-24 09:00:00,2026-07-18 09:00:00
1533,SKU-01533,Ultra Webcam Modelo 026,"Webcam Ultra, modelo 026, producto para uso general.",889.24,197,1,2026-06-25 09:00:00,2026-07-20 10:00:00
1534,SKU-01534,Ultra Memoria USB Modelo 027,"Memoria USB Ultra, modelo 027, producto para uso general.",620.59,13,1,2026-06-26 09:00:00,2026-07-22 11:00:00
1535,SKU-01535,Ultra Disco SSD Modelo 028,"Disco SSD Ultra, modelo 028, producto para uso general.",2991.99,30,1,2026-06-27 09:00:00,2026-07-24 12:00:00
1536,SKU-01536,Ultra Router Modelo 029,"Router Ultra, modelo 029, producto para uso general.",2693.36,47,1,2026-06-28 09:00:00,2026-07-26 13:00:00
1537,SKU-01537,Ultra Impresora Modelo 030,"Impresora Ultra, modelo 030, producto para uso general.",3894.73,64,1,2026-06-29 09:00:00,2026-07-28 14:00:00
1538,SKU-01538,Ultra Bocina Bluetooth Modelo 031,"Bocina Bluetooth Ultra, modelo 031, producto para uso general.",2546.10,81,1,2026-06-30 09:00:00,2026-06-30 15:00:00
1539,SKU-01539,Ultra Tablet Modelo 032,"Tablet Ultra, modelo 032, producto para uso general.",4597.47,98,1,2026-07-01 09:00:00,2026-07-02 16:00:00
1540,SKU-01540,Ultra Cargador Modelo 033,"Cargador Ultra, modelo 033, producto para uso general.",238.82,115,1,2026-07-02 09:00:00,2026-07-04 17:00:00
1541,SKU-01541,Ultra Cable USB Modelo 034,"Cable USB Ultra, modelo 034, producto para uso general.",80.16,132,1,2026-07-03 09:00:00,2026-07-06 18:00:00
1542,SKU-01542,Ultra Smartwatch Modelo 035,"Smartwatch Ultra, modelo 035, producto para uso general.",2801.58,149,1,2026-07-04 09:00:00,2026-07-08 19:00:00
1543,SKU-01543,Ultra Teclado mecánico Modelo 036,"Teclado mecánico Ultra, modelo 036, producto para uso general.",1002.94,166,1,2026-07-05 09:00:00,2026-07-10 20:00:00
1544,SKU-01544,Ultra Silla de oficina Modelo 037,"Silla de oficina Ultra, modelo 037, producto para uso general.",3904.32,183,1,2026-07-06 09:00:00,2026-07-12 09:00:00
1545,SKU-01545,Ultra Mochila Modelo 038,"Mochila Ultra, modelo 038, producto para uso general.",805.68,200,1,2026-07-07 09:00:00,2026-07-14 10:00:00
1546,SKU-01546,Ultra Cámara Modelo 039,"Cámara Ultra, modelo 039, producto para uso general.",5607.06,16,1,2026-07-08 09:00:00,2026-07-16 11:00:00
1547,SKU-01547,Ultra Micrófono Modelo 040,"Micrófono Ultra, modelo 040, producto para uso general.",3008.43,33,1,2026-07-09 09:00:00,2026-07-18 12:00:00
1548,SKU-01548,Vision Laptop Modelo 041,"Laptop Vision, modelo 041, producto para uso general.",10609.80,50,1,2026-07-10 09:00:00,2026-07-20 13:00:00
1549,SKU-01549,Vision Mouse Modelo 042,"Mouse Vision, modelo 042, producto para uso general.",851.15,67,1,2026-07-11 09:00:00,2026-07-22 14:00:00
1550,SKU-01550,Vision Teclado Modelo 043,"Teclado Vision, modelo 043, producto para uso general.",912.53,84,1,2026-07-12 09:00:00,2026-07-24 15:00:00
1551,SKU-01551,Vision Monitor Modelo 044,"Monitor Vision, modelo 044, producto para uso general.",4613.91,101,1,2026-07-13 09:00:00,2026-07-26 16:00:00
1552,SKU-01552,Vision Audífonos Modelo 045,"Audífonos Vision, modelo 045, producto para uso general.",2465.28,118,1,2026-07-14 09:00:00,2026-07-28 17:00:00
1553,SKU-01553,Vision Webcam Modelo 046,"Webcam Vision, modelo 046, producto para uso general.",916.64,135,1,2026-07-15 09:00:00,2026-07-30 18:00:00
1554,SKU-01554,Vision Memoria USB Modelo 047,"Memoria USB Vision, modelo 047, producto para uso general.",647.99,152,1,2026-07-16 09:00:00,2026-08-01 19:00:00
1555,SKU-01555,Vision Disco SSD Modelo 048,"Disco SSD Vision, modelo 048, producto para uso general.",3019.39,169,1,2026-07-17 09:00:00,2026-08-03 20:00:00
1556,SKU-01556,Vision Router Modelo 049,"Router Vision, modelo 049, producto para uso general.",2720.76,186,1,2026-07-18 09:00:00,2026-08-05 09:00:00
1557,SKU-01557,Vision Impresora Modelo 050,"Impresora Vision, modelo 050, producto para uso general.",3922.13,2,1,2026-07-19 09:00:00,2026-08-07 10:00:00
1558,SKU-01558,Vision Bocina Bluetooth Modelo 051,"Bocina Bluetooth Vision, modelo 051, producto para uso general.",2573.50,19,1,2026-07-20 09:00:00,2026-08-09 11:00:00
1559,SKU-01559,Vision Tablet Modelo 052,"Tablet Vision, modelo 052, producto para uso general.",4624.87,36,1,2026-07-21 09:00:00,2026-08-11 12:00:00
1560,SKU-01560,Vision Cargador Modelo 053,"Cargador Vision, modelo 053, producto para uso general.",266.22,53,1,2026-07-22 09:00:00,2026-08-13 13:00:00
1561,SKU-01561,Vision Cable USB Modelo 054,"Cable USB Vision, modelo 054, producto para uso general.",107.56,70,1,2026-07-23 09:00:00,2026-08-15 14:00:00
1562,SKU-01562,Vision Smartwatch Modelo 055,"Smartwatch Vision, modelo 055, producto para uso general.",2828.98,87,1,2026-07-24 09:00:00,2026-08-17 15:00:00
1563,SKU-01563,Vision Teclado mecánico Modelo 056,"Teclado mecánico Vision, modelo 056, producto para uso general.",1030.34,104,1,2026-07-25 09:00:00,2026-08-19 16:00:00
1564,SKU-01564,Vision Silla de oficina Modelo 057,"Silla de oficina Vision, modelo 057, producto para uso general.",3931.72,121,1,2026-07-26 09:00:00,2026-08-21 17:00:00
1565,SKU-01565,Vision Mochila Modelo 058,"Mochila Vision, modelo 058, producto para uso general.",833.08,138,1,2026-07-27 09:00:00,2026-08-23 18:00:00
1566,SKU-01566,Vision Cámara Modelo 059,"Cámara Vision, modelo 059, producto para uso general.",5634.46,155,1,2026-07-28 09:00:00,2026-08-25 19:00:00
1567,SKU-01567,Vision Micrófono Modelo 060,"Micrófono Vision, modelo 060, producto para uso general.",3035.83,172,1,2026-07-29 09:00:00,2026-08-27 20:00:00
1568,SKU-01568,Connect Laptop Modelo 061,"Laptop Connect, modelo 061, producto para uso general.",10637.20,189,1,2026-07-30 09:00:00,2026-07-30 09:00:00
1569,SKU-01569,Connect Mouse Modelo 062,"Mouse Connect, modelo 062, producto para uso general.",878.55,5,1,2026-07-31 09:00:00,2026-08-01 10:00:00
1570,SKU-01570,Connect Teclado Modelo 063,"Teclado Connect, modelo 063, producto para uso general.",939.93,22,1,2026-08-01 09:00:00,2026-08-03 11:00:00
1571,SKU-01571,Connect Monitor Modelo 064,"Monitor Connect, modelo 064, producto para uso general.",4641.31,39,1,2026-08-02 09:00:00,2026-08-05 12:00:00
1572,SKU-01572,Connect Audífonos Modelo 065,"Audífonos Connect, modelo 065, producto para uso general.",2492.68,56,1,2026-08-03 09:00:00,2026-08-07 13:00:00
1573,SKU-01573,Connect Webcam Modelo 066,"Webcam Connect, modelo 066, producto para uso general.",944.04,73,1,2026-08-04 09:00:00,2026-08-09 14:00:00
1574,SKU-01574,Connect Memoria USB Modelo 067,"Memoria USB Connect, modelo 067, producto para uso general.",145.38,90,1,2026-08-05 09:00:00,2026-08-11 15:00:00
1575,SKU-01575,Connect Disco SSD Modelo 068,"Disco SSD Connect, modelo 068, producto para uso general.",3046.79,107,1,2026-08-06 09:00:00,2026-08-13 16:00:00
1576,SKU-01576,Connect Router Modelo 069,"Router Connect, modelo 069, producto para uso general.",2748.16,124,1,2026-08-07 09:00:00,2026-08-15 17:00:00
1577,SKU-01577,Connect Impresora Modelo 070,"Impresora Connect, modelo 070, producto para uso general.",3949.53,141,1,2026-08-08 09:00:00,2026-08-17 18:00:00
1578,SKU-01578,Connect Bocina Bluetooth Modelo 071,"Bocina Bluetooth Connect, modelo 071, producto para uso general.",2600.90,158,1,2026-08-09 09:00:00,2026-08-19 19:00:00
1579,SKU-01579,Connect Tablet Modelo 072,"Tablet Connect, modelo 072, producto para uso general.",4652.27,175,1,2026-08-10 09:00:00,2026-08-21 20:00:00
1580,SKU-01580,Connect Cargador Modelo 073,"Cargador Connect, modelo 073, producto para uso general.",293.62,192,1,2026-08-11 09:00:00,2026-08-23 09:00:00
1581,SKU-01581,Connect Cable USB Modelo 074,"Cable USB Connect, modelo 074, producto para uso general.",134.96,8,1,2026-08-12 09:00:00,2026-08-25 10:00:00
1582,SKU-01582,Connect Smartwatch Modelo 075,"Smartwatch Connect, modelo 075, producto para uso general.",2856.38,25,1,2026-08-13 09:00:00,2026-08-27 11:00:00
1583,SKU-01583,Connect Teclado mecánico Modelo 076,"Teclado mecánico Connect, modelo 076, producto para uso general.",1057.74,42,1,2026-08-14 09:00:00,2026-08-29 12:00:00
1584,SKU-01584,Connect Silla de oficina Modelo 077,"Silla de oficina Connect, modelo 077, producto para uso general.",3959.12,59,1,2026-08-15 09:00:00,2026-08-31 13:00:00
1585,SKU-01585,Connect Mochila Modelo 078,"Mochila Connect, modelo 078, producto para uso general.",860.48,76,1,2026-08-16 09:00:00,2026-09-02 14:00:00
1586,SKU-01586,Connect Cámara Modelo 079,"Cámara Connect, modelo 079, producto para uso general.",5661.86,93,1,2026-08-17 09:00:00,2026-09-04 15:00:00
1587,SKU-01587,Connect Micrófono Modelo 080,"Micrófono Connect, modelo 080, producto para uso general.",3063.23,110,1,2026-08-18 09:00:00,2026-09-06 16:00:00
1588,SKU-01588,Advance Laptop Modelo 081,"Laptop Advance, modelo 081, producto para uso general.",10664.60,127,1,2026-08-19 09:00:00,2026-09-08 17:00:00
1589,SKU-01589,Advance Mouse Modelo 082,"Mouse Advance, modelo 082, producto para uso general.",185.94,144,1,2026-08-20 09:00:00,2026-09-10 18:00:00
1590,SKU-01590,Advance Teclado Modelo 083,"Teclado Advance, modelo 083, producto para uso general.",967.33,161,1,2026-08-21 09:00:00,2026-09-12 19:00:00
1591,SKU-01591,Advance Monitor Modelo 084,"Monitor Advance, modelo 084, producto para uso general.",4668.71,178,1,2026-08-22 09:00:00,2026-09-14 20:00:00
1592,SKU-01592,Advance Audífonos Modelo 085,"Audífonos Advance, modelo 085, producto para uso general.",370.07,195,1,2026-08-23 09:00:00,2026-09-16 09:00:00
1593,SKU-01593,Advance Webcam Modelo 086,"Webcam Advance, modelo 086, producto para uso general.",971.44,11,1,2026-08-24 09:00:00,2026-09-18 10:00:00
1594,SKU-01594,Advance Memoria USB Modelo 087,"Memoria USB Advance, modelo 087, producto para uso general.",172.78,28,1,2026-08-25 09:00:00,2026-09-20 11:00:00
1595,SKU-01595,Advance Disco SSD Modelo 088,"Disco SSD Advance, modelo 088, producto para uso general.",3074.19,45,1,2026-08-26 09:00:00,2026-09-22 12:00:00
1596,SKU-01596,Advance Router Modelo 089,"Router Advance, modelo 089, producto para uso general.",2775.56,62,1,2026-08-27 09:00:00,2026-09-24 13:00:00
1597,SKU-01597,Advance Impresora Modelo 090,"Impresora Advance, modelo 090, producto para uso general.",3976.93,79,1,2026-08-28 09:00:00,2026-09-26 14:00:00
1598,SKU-01598,Advance Bocina Bluetooth Modelo 091,"Bocina Bluetooth Advance, modelo 091, producto para uso general.",2628.30,96,1,2026-08-29 09:00:00,2026-08-29 15:00:00
1599,SKU-01599,Advance Tablet Modelo 092,"Tablet Advance, modelo 092, producto para uso general.",4679.67,113,1,2026-08-30 09:00:00,2026-08-31 16:00:00
1600,SKU-01600,Advance Cargador Modelo 093,"Cargador Advance, modelo 093, producto para uso general.",321.02,130,1,2026-08-31 09:00:00,2026-09-02 17:00:00
1601,SKU-01601,Advance Cable USB Modelo 094,"Cable USB Advance, modelo 094, producto para uso general.",162.36,147,1,2026-09-01 09:00:00,2026-09-04 18:00:00
1602,SKU-01602,Advance Smartwatch Modelo 095,"Smartwatch Advance, modelo 095, producto para uso general.",2883.78,164,1,2026-09-02 09:00:00,2026-09-06 19:00:00
1603,SKU-01603,Advance Teclado mecánico Modelo 096,"Teclado mecánico Advance, modelo 096, producto para uso general.",1085.14,181,1,2026-09-03 09:00:00,2026-09-08 20:00:00
1604,SKU-01604,Advance Silla de oficina Modelo 097,"Silla de oficina Advance, modelo 097, producto para uso general.",3986.52,198,1,2026-09-04 09:00:00,2026-09-10 09:00:00
1605,SKU-01605,Advance Mochila Modelo 098,"Mochila Advance, modelo 098, producto para uso general.",887.88,14,1,2026-09-05 09:00:00,2026-09-12 10:00:00
1606,SKU-01606,Advance Cámara Modelo 099,"Cámara Advance, modelo 099, producto para uso general.",5689.26,31,1,2026-09-06 09:00:00,2026-09-14 11:00:00
1607,SKU-01607,Advance Micrófono Modelo 100,"Micrófono Advance, modelo 100, producto para uso general.",3090.63,48,1,2026-09-07 09:00:00,2026-09-16 12:00:00
1608,SKU-01608,TechPro Laptop Modelo 101,"Laptop TechPro, modelo 101, producto para uso general.",10692.00,65,1,2026-09-08 09:00:00,2026-09-18 13:00:00
1609,SKU-01609,TechPro Mouse Modelo 102,"Mouse TechPro, modelo 102, producto para uso general.",213.34,82,1,2026-09-09 09:00:00,2026-09-20 14:00:00
1610,SKU-01610,TechPro Teclado Modelo 103,"Teclado TechPro, modelo 103, producto para uso general.",994.73,99,1,2026-09-10 09:00:00,2026-09-22 15:00:00
1611,SKU-01611,TechPro Monitor Modelo 104,"Monitor TechPro, modelo 104, producto para uso general.",4696.11,116,1,2026-09-11 09:00:00,2026-09-24 16:00:00
1612,SKU-01612,TechPro Audífonos Modelo 105,"Audífonos TechPro, modelo 105, producto para uso general.",397.47,133,1,2026-09-12 09:00:00,2026-09-26 17:00:00
1613,SKU-01613,TechPro Webcam Modelo 106,"Webcam TechPro, modelo 106, producto para uso general.",998.84,150,1,2026-09-13 09:00:00,2026-09-28 18:00:00
1614,SKU-01614,TechPro Memoria USB Modelo 107,"Memoria USB TechPro, modelo 107, producto para uso general.",200.18,167,1,2026-09-14 09:00:00,2026-09-30 19:00:00
1615,SKU-01615,TechPro Disco SSD Modelo 108,"Disco SSD TechPro, modelo 108, producto para uso general.",3101.59,184,1,2026-09-15 09:00:00,2026-10-02 20:00:00
1616,SKU-01616,TechPro Router Modelo 109,"Router TechPro, modelo 109, producto para uso general.",2802.96,0,0,2026-09-16 09:00:00,2026-10-04 09:00:00
1617,SKU-01617,TechPro Impresora Modelo 110,"Impresora TechPro, modelo 110, producto para uso general.",4004.33,17,1,2026-09-17 09:00:00,2026-10-06 10:00:00
1618,SKU-01618,TechPro Bocina Bluetooth Modelo 111,"Bocina Bluetooth TechPro, modelo 111, producto para uso general.",2655.70,34,1,2026-09-18 09:00:00,2026-10-08 11:00:00
1619,SKU-01619,TechPro Tablet Modelo 112,"Tablet TechPro, modelo 112, producto para uso general.",4707.07,51,1,2026-09-19 09:00:00,2026-10-10 12:00:00
1620,SKU-01620,TechPro Cargador Modelo 113,"Cargador TechPro, modelo 113, producto para uso general.",348.42,68,1,2026-09-20 09:00:00,2026-10-12 13:00:00
1621,SKU-01621,TechPro Cable USB Modelo 114,"Cable USB TechPro, modelo 114, producto para uso general.",189.76,85,1,2026-09-21 09:00:00,2026-10-14 14:00:00
1622,SKU-01622,TechPro Smartwatch Modelo 115,"Smartwatch TechPro, modelo 115, producto para uso general.",2911.18,102,1,2026-09-22 09:00:00,2026-10-16 15:00:00
1623,SKU-01623,TechPro Teclado mecánico Modelo 116,"Teclado mecánico TechPro, modelo 116, producto para uso general.",1112.54,119,1,2026-09-23 09:00:00,2026-10-18 16:00:00
1624,SKU-01624,TechPro Silla de oficina Modelo 117,"Silla de oficina TechPro, modelo 117, producto para uso general.",4013.92,136,1,2026-09-24 09:00:00,2026-10-20 17:00:00
1625,SKU-01625,TechPro Mochila Modelo 118,"Mochila TechPro, modelo 118, producto para uso general.",915.28,153,1,2026-09-25 09:00:00,2026-10-22 18:00:00
1626,SKU-01626,TechPro Cámara Modelo 119,"Cámara TechPro, modelo 119, producto para uso general.",5716.66,170,1,2026-09-26 09:00:00,2026-10-24 19:00:00
1627,SKU-01627,TechPro Micrófono Modelo 120,"Micrófono TechPro, modelo 120, producto para uso general.",3118.03,187,1,2026-09-27 09:00:00,2026-10-26 20:00:00
1628,SKU-01628,Nova Laptop Modelo 121,"Laptop Nova, modelo 121, producto para uso general.",10719.40,3,1,2026-01-01 09:00:00,2026-01-01 09:00:00
1629,SKU-01629,Nova Mouse Modelo 122,"Mouse Nova, modelo 122, producto para uso general.",240.74,20,1,2026-01-02 09:00:00,2026-01-03 10:00:00
1630,SKU-01630,Nova Teclado Modelo 123,"Teclado Nova, modelo 123, producto para uso general.",1022.13,37,1,2026-01-03 09:00:00,2026-01-05 11:00:00
1631,SKU-01631,Nova Monitor Modelo 124,"Monitor Nova, modelo 124, producto para uso general.",4723.51,54,1,2026-01-04 09:00:00,2026-01-07 12:00:00
1632,SKU-01632,Nova Audífonos Modelo 125,"Audífonos Nova, modelo 125, producto para uso general.",424.87,71,1,2026-01-05 09:00:00,2026-01-09 13:00:00
1633,SKU-01633,Nova Webcam Modelo 126,"Webcam Nova, modelo 126, producto para uso general.",1026.24,88,1,2026-01-06 09:00:00,2026-01-11 14:00:00
1634,SKU-01634,Nova Memoria USB Modelo 127,"Memoria USB Nova, modelo 127, producto para uso general.",227.58,105,1,2026-01-07 09:00:00,2026-01-13 15:00:00
1635,SKU-01635,Nova Disco SSD Modelo 128,"Disco SSD Nova, modelo 128, producto para uso general.",3128.99,122,1,2026-01-08 09:00:00,2026-01-15 16:00:00
1636,SKU-01636,Nova Router Modelo 129,"Router Nova, modelo 129, producto para uso general.",2830.36,139,1,2026-01-09 09:00:00,2026-01-17 17:00:00
1637,SKU-01637,Nova Impresora Modelo 130,"Impresora Nova, modelo 130, producto para uso general.",4031.73,156,1,2026-01-10 09:00:00,2026-01-19 18:00:00
1638,SKU-01638,Nova Bocina Bluetooth Modelo 131,"Bocina Bluetooth Nova, modelo 131, producto para uso general.",2683.10,173,1,2026-01-11 09:00:00,2026-01-21 19:00:00
1639,SKU-01639,Nova Tablet Modelo 132,"Tablet Nova, modelo 132, producto para uso general.",4734.47,190,1,2026-01-12 09:00:00,2026-01-23 20:00:00
1640,SKU-01640,Nova Cargador Modelo 133,"Cargador Nova, modelo 133, producto para uso general.",375.82,6,1,2026-01-13 09:00:00,2026-01-25 09:00:00
1641,SKU-01641,Nova Cable USB Modelo 134,"Cable USB Nova, modelo 134, producto para uso general.",217.16,23,1,2026-01-14 09:00:00,2026-01-27 10:00:00
1642,SKU-01642,Nova Smartwatch Modelo 135,"Smartwatch Nova, modelo 135, producto para uso general.",2938.58,40,1,2026-01-15 09:00:00,2026-01-29 11:00:00
1643,SKU-01643,Nova Teclado mecánico Modelo 136,"Teclado mecánico Nova, modelo 136, producto para uso general.",1139.94,57,1,2026-01-16 09:00:00,2026-01-31 12:00:00
1644,SKU-01644,Nova Silla de oficina Modelo 137,"Silla de oficina Nova, modelo 137, producto para uso general.",4041.32,74,1,2026-01-17 09:00:00,2026-02-02 13:00:00
1645,SKU-01645,Nova Mochila Modelo 138,"Mochila Nova, modelo 138, producto para uso general.",942.68,91,1,2026-01-18 09:00:00,2026-02-04 14:00:00
1646,SKU-01646,Nova Cámara Modelo 139,"Cámara Nova, modelo 139, producto para uso general.",5744.06,108,1,2026-01-19 09:00:00,2026-02-06 15:00:00
1647,SKU-01647,Nova Micrófono Modelo 140,"Micrófono Nova, modelo 140, producto para uso general.",3145.43,125,1,2026-01-20 09:00:00,2026-02-08 16:00:00
1648,SKU-01648,MaxiTech Laptop Modelo 141,"Laptop MaxiTech, modelo 141, producto para uso general.",10746.80,142,1,2026-01-21 09:00:00,2026-02-10 17:00:00
1649,SKU-01649,MaxiTech Mouse Modelo 142,"Mouse MaxiTech, modelo 142, producto para uso general.",268.14,159,1,2026-01-22 09:00:00,2026-02-12 18:00:00
1650,SKU-01650,MaxiTech Teclado Modelo 143,"Teclado MaxiTech, modelo 143, producto para uso general.",1049.53,176,1,2026-01-23 09:00:00,2026-02-14 19:00:00
1651,SKU-01651,MaxiTech Monitor Modelo 144,"Monitor MaxiTech, modelo 144, producto para uso general.",4750.91,193,1,2026-01-24 09:00:00,2026-02-16 20:00:00
1652,SKU-01652,MaxiTech Audífonos Modelo 145,"Audífonos MaxiTech, modelo 145, producto para uso general.",452.27,9,1,2026-01-25 09:00:00,2026-02-18 09:00:00
1653,SKU-01653,MaxiTech Webcam Modelo 146,"Webcam MaxiTech, modelo 146, producto para uso general.",1053.64,26,1,2026-01-26 09:00:00,2026-02-20 10:00:00
1654,SKU-01654,MaxiTech Memoria USB Modelo 147,"Memoria USB MaxiTech, modelo 147, producto para uso general.",254.98,43,1,2026-01-27 09:00:00,2026-02-22 11:00:00
1655,SKU-01655,MaxiTech Disco SSD Modelo 148,"Disco SSD MaxiTech, modelo 148, producto para uso general.",3156.39,60,1,2026-01-28 09:00:00,2026-02-24 12:00:00
1656,SKU-01656,MaxiTech Router Modelo 149,"Router MaxiTech, modelo 149, producto para uso general.",2857.76,77,1,2026-01-29 09:00:00,2026-02-26 13:00:00
1657,SKU-01657,MaxiTech Impresora Modelo 150,"Impresora MaxiTech, modelo 150, producto para uso general.",4059.13,94,1,2026-01-30 09:00:00,2026-02-28 14:00:00
1658,SKU-01658,MaxiTech Bocina Bluetooth Modelo 151,"Bocina Bluetooth MaxiTech, modelo 151, producto para uso general.",2710.50,111,1,2026-01-31 09:00:00,2026-01-31 15:00:00
1659,SKU-01659,MaxiTech Tablet Modelo 152,"Tablet MaxiTech, modelo 152, producto para uso general.",4761.87,128,1,2026-02-01 09:00:00,2026-02-02 16:00:00
1660,SKU-01660,MaxiTech Cargador Modelo 153,"Cargador MaxiTech, modelo 153, producto para uso general.",403.22,145,1,2026-02-02 09:00:00,2026-02-04 17:00:00
1661,SKU-01661,MaxiTech Cable USB Modelo 154,"Cable USB MaxiTech, modelo 154, producto para uso general.",244.56,162,1,2026-02-03 09:00:00,2026-02-06 18:00:00
1662,SKU-01662,MaxiTech Smartwatch Modelo 155,"Smartwatch MaxiTech, modelo 155, producto para uso general.",2965.98,179,1,2026-02-04 09:00:00,2026-02-08 19:00:00
1663,SKU-01663,MaxiTech Teclado mecánico Modelo 156,"Teclado mecánico MaxiTech, modelo 156, producto para uso general.",1167.34,196,1,2026-02-05 09:00:00,2026-02-10 20:00:00
1664,SKU-01664,MaxiTech Silla de oficina Modelo 157,"Silla de oficina MaxiTech, modelo 157, producto para uso general.",4068.72,12,1,2026-02-06 09:00:00,2026-02-12 09:00:00
1665,SKU-01665,MaxiTech Mochila Modelo 158,"Mochila MaxiTech, modelo 158, producto para uso general.",970.08,29,1,2026-02-07 09:00:00,2026-02-14 10:00:00
1666,SKU-01666,MaxiTech Cámara Modelo 159,"Cámara MaxiTech, modelo 159, producto para uso general.",5771.46,46,1,2026-02-08 09:00:00,2026-02-16 11:00:00
1667,SKU-01667,MaxiTech Micrófono Modelo 160,"Micrófono MaxiTech, modelo 160, producto para uso general.",3172.83,63,1,2026-02-09 09:00:00,2026-02-18 12:00:00
1668,SKU-01668,DigitalX Laptop Modelo 161,"Laptop DigitalX, modelo 161, producto para uso general.",10774.20,80,1,2026-02-10 09:00:00,2026-02-20 13:00:00
1669,SKU-01669,DigitalX Mouse Modelo 162,"Mouse DigitalX, modelo 162, producto para uso general.",295.54,97,1,2026-02-11 09:00:00,2026-02-22 14:00:00
1670,SKU-01670,DigitalX Teclado Modelo 163,"Teclado DigitalX, modelo 163, producto para uso general.",1076.93,114,1,2026-02-12 09:00:00,2026-02-24 15:00:00
1671,SKU-01671,DigitalX Monitor Modelo 164,"Monitor DigitalX, modelo 164, producto para uso general.",4778.31,131,1,2026-02-13 09:00:00,2026-02-26 16:00:00
1672,SKU-01672,DigitalX Audífonos Modelo 165,"Audífonos DigitalX, modelo 165, producto para uso general.",479.67,148,1,2026-02-14 09:00:00,2026-02-28 17:00:00
1673,SKU-01673,DigitalX Webcam Modelo 166,"Webcam DigitalX, modelo 166, producto para uso general.",1081.04,165,1,2026-02-15 09:00:00,2026-03-02 18:00:00
1674,SKU-01674,DigitalX Memoria USB Modelo 167,"Memoria USB DigitalX, modelo 167, producto para uso general.",282.38,182,1,2026-02-16 09:00:00,2026-03-04 19:00:00
1675,SKU-01675,DigitalX Disco SSD Modelo 168,"Disco SSD DigitalX, modelo 168, producto para uso general.",3183.79,199,1,2026-02-17 09:00:00,2026-03-06 20:00:00
1676,SKU-01676,DigitalX Router Modelo 169,"Router DigitalX, modelo 169, producto para uso general.",2885.16,15,1,2026-02-18 09:00:00,2026-03-08 09:00:00
1677,SKU-01677,DigitalX Impresora Modelo 170,"Impresora DigitalX, modelo 170, producto para uso general.",4086.53,32,1,2026-02-19 09:00:00,2026-03-10 10:00:00
1678,SKU-01678,DigitalX Bocina Bluetooth Modelo 171,"Bocina Bluetooth DigitalX, modelo 171, producto para uso general.",2737.90,49,1,2026-02-20 09:00:00,2026-03-12 11:00:00
1679,SKU-01679,DigitalX Tablet Modelo 172,"Tablet DigitalX, modelo 172, producto para uso general.",4789.27,66,1,2026-02-21 09:00:00,2026-03-14 12:00:00
1680,SKU-01680,DigitalX Cargador Modelo 173,"Cargador DigitalX, modelo 173, producto para uso general.",430.62,83,1,2026-02-22 09:00:00,2026-03-16 13:00:00
1681,SKU-01681,DigitalX Cable USB Modelo 174,"Cable USB DigitalX, modelo 174, producto para uso general.",271.96,100,1,2026-02-23 09:00:00,2026-03-18 14:00:00
1682,SKU-01682,DigitalX Smartwatch Modelo 175,"Smartwatch DigitalX, modelo 175, producto para uso general.",2993.38,117,1,2026-02-24 09:00:00,2026-03-20 15:00:00
1683,SKU-01683,DigitalX Teclado mecánico Modelo 176,"Teclado mecánico DigitalX, modelo 176, producto para uso general.",1194.74,134,1,2026-02-25 09:00:00,2026-03-22 16:00:00
1684,SKU-01684,DigitalX Silla de oficina Modelo 177,"Silla de oficina DigitalX, modelo 177, producto para uso general.",4096.12,151,1,2026-02-26 09:00:00,2026-03-24 17:00:00
1685,SKU-01685,DigitalX Mochila Modelo 178,"Mochila DigitalX, modelo 178, producto para uso general.",997.48,168,1,2026-02-27 09:00:00,2026-03-26 18:00:00
1686,SKU-01686,DigitalX Cámara Modelo 179,"Cámara DigitalX, modelo 179, producto para uso general.",5798.86,185,1,2026-02-28 09:00:00,2026-03-28 19:00:00
1687,SKU-01687,DigitalX Micrófono Modelo 180,"Micrófono DigitalX, modelo 180, producto para uso general.",3200.23,1,1,2026-03-01 09:00:00,2026-03-30 20:00:00
1688,SKU-01688,SmartOne Laptop Modelo 181,"Laptop SmartOne, modelo 181, producto para uso general.",10801.60,18,1,2026-03-02 09:00:00,2026-03-02 09:00:00
1689,SKU-01689,SmartOne Mouse Modelo 182,"Mouse SmartOne, modelo 182, producto para uso general.",322.94,35,1,2026-03-03 09:00:00,2026-03-04 10:00:00
1690,SKU-01690,SmartOne Teclado Modelo 183,"Teclado SmartOne, modelo 183, producto para uso general.",1104.33,52,1,2026-03-04 09:00:00,2026-03-06 11:00:00
1691,SKU-01691,SmartOne Monitor Modelo 184,"Monitor SmartOne, modelo 184, producto para uso general.",4805.71,69,1,2026-03-05 09:00:00,2026-03-08 12:00:00
1692,SKU-01692,SmartOne Audífonos Modelo 185,"Audífonos SmartOne, modelo 185, producto para uso general.",507.07,86,1,2026-03-06 09:00:00,2026-03-10 13:00:00
1693,SKU-01693,SmartOne Webcam Modelo 186,"Webcam SmartOne, modelo 186, producto para uso general.",1108.44,103,1,2026-03-07 09:00:00,2026-03-12 14:00:00
1694,SKU-01694,SmartOne Memoria USB Modelo 187,"Memoria USB SmartOne, modelo 187, producto para uso general.",309.78,120,1,2026-03-08 09:00:00,2026-03-14 15:00:00
1695,SKU-01695,SmartOne Disco SSD Modelo 188,"Disco SSD SmartOne, modelo 188, producto para uso general.",3211.19,137,1,2026-03-09 09:00:00,2026-03-16 16:00:00
1696,SKU-01696,SmartOne Router Modelo 189,"Router SmartOne, modelo 189, producto para uso general.",2912.56,154,1,2026-03-10 09:00:00,2026-03-18 17:00:00
1697,SKU-01697,SmartOne Impresora Modelo 190,"Impresora SmartOne, modelo 190, producto para uso general.",4113.93,171,1,2026-03-11 09:00:00,2026-03-20 18:00:00
1698,SKU-01698,SmartOne Bocina Bluetooth Modelo 191,"Bocina Bluetooth SmartOne, modelo 191, producto para uso general.",2765.30,188,1,2026-03-12 09:00:00,2026-03-22 19:00:00
1699,SKU-01699,SmartOne Tablet Modelo 192,"Tablet SmartOne, modelo 192, producto para uso general.",4816.67,4,1,2026-03-13 09:00:00,2026-03-24 20:00:00
1700,SKU-01700,SmartOne Cargador Modelo 193,"Cargador SmartOne, modelo 193, producto para uso general.",458.02,21,1,2026-03-14 09:00:00,2026-03-26 09:00:00
1701,SKU-01701,SmartOne Cable USB Modelo 194,"Cable USB SmartOne, modelo 194, producto para uso general.",299.36,38,1,2026-03-15 09:00:00,2026-03-28 10:00:00
1702,SKU-01702,SmartOne Smartwatch Modelo 195,"Smartwatch SmartOne, modelo 195, producto para uso general.",3020.78,55,1,2026-03-16 09:00:00,2026-03-30 11:00:00
1703,SKU-01703,SmartOne Teclado mecánico Modelo 196,"Teclado mecánico SmartOne, modelo 196, producto para uso general.",1222.14,72,1,2026-03-17 09:00:00,2026-04-01 12:00:00
1704,SKU-01704,SmartOne Silla de oficina Modelo 197,"Silla de oficina SmartOne, modelo 197, producto para uso general.",4123.52,89,1,2026-03-18 09:00:00,2026-04-03 13:00:00
1705,SKU-01705,SmartOne Mochila Modelo 198,"Mochila SmartOne, modelo 198, producto para uso general.",1024.88,106,1,2026-03-19 09:00:00,2026-04-05 14:00:00
1706,SKU-01706,SmartOne Cámara Modelo 199,"Cámara SmartOne, modelo 199, producto para uso general.",5826.26,123,1,2026-03-20 09:00:00,2026-04-07 15:00:00
1707,SKU-01707,SmartOne Micrófono Modelo 200,"Micrófono SmartOne, modelo 200, producto para uso general.",3227.63,140,1,2026-03-21 09:00:00,2026-04-09 16:00:00
1708,SKU-01708,ProLine Laptop Modelo 201,"Laptop ProLine, modelo 201, producto para uso general.",10829.00,157,1,2026-03-22 09:00:00,2026-04-11 17:00:00
1709,SKU-01709,ProLine Mouse Modelo 202,"Mouse ProLine, modelo 202, producto para uso general.",350.34,174,1,2026-03-23 09:00:00,2026-04-13 18:00:00
1710,SKU-01710,ProLine Teclado Modelo 203,"Teclado ProLine, modelo 203, producto para uso general.",1131.73,191,1,2026-03-24 09:00:00,2026-04-15 19:00:00
1711,SKU-01711,ProLine Monitor Modelo 204,"Monitor ProLine, modelo 204, producto para uso general.",4833.11,7,1,2026-03-25 09:00:00,2026-04-17 20:00:00
1712,SKU-01712,ProLine Audífonos Modelo 205,"Audífonos ProLine, modelo 205, producto para uso general.",534.47,24,1,2026-03-26 09:00:00,2026-04-19 09:00:00
1713,SKU-01713,ProLine Webcam Modelo 206,"Webcam ProLine, modelo 206, producto para uso general.",1135.84,41,1,2026-03-27 09:00:00,2026-04-21 10:00:00
1714,SKU-01714,ProLine Memoria USB Modelo 207,"Memoria USB ProLine, modelo 207, producto para uso general.",337.18,58,1,2026-03-28 09:00:00,2026-04-23 11:00:00
1715,SKU-01715,ProLine Disco SSD Modelo 208,"Disco SSD ProLine, modelo 208, producto para uso general.",3238.59,75,1,2026-03-29 09:00:00,2026-04-25 12:00:00
1716,SKU-01716,ProLine Router Modelo 209,"Router ProLine, modelo 209, producto para uso general.",2939.96,92,1,2026-03-30 09:00:00,2026-04-27 13:00:00
1717,SKU-01717,ProLine Impresora Modelo 210,"Impresora ProLine, modelo 210, producto para uso general.",4141.33,109,1,2026-03-31 09:00:00,2026-04-29 14:00:00
1718,SKU-01718,ProLine Bocina Bluetooth Modelo 211,"Bocina Bluetooth ProLine, modelo 211, producto para uso general.",2792.70,126,1,2026-04-01 09:00:00,2026-04-01 15:00:00
1719,SKU-01719,ProLine Tablet Modelo 212,"Tablet ProLine, modelo 212, producto para uso general.",4844.07,143,1,2026-04-02 09:00:00,2026-04-03 16:00:00
1720,SKU-01720,ProLine Cargador Modelo 213,"Cargador ProLine, modelo 213, producto para uso general.",485.42,160,1,2026-04-03 09:00:00,2026-04-05 17:00:00
1721,SKU-01721,ProLine Cable USB Modelo 214,"Cable USB ProLine, modelo 214, producto para uso general.",326.76,177,1,2026-04-04 09:00:00,2026-04-07 18:00:00
1722,SKU-01722,ProLine Smartwatch Modelo 215,"Smartwatch ProLine, modelo 215, producto para uso general.",3048.18,194,1,2026-04-05 09:00:00,2026-04-09 19:00:00
1723,SKU-01723,ProLine Teclado mecánico Modelo 216,"Teclado mecánico ProLine, modelo 216, producto para uso general.",1249.54,10,1,2026-04-06 09:00:00,2026-04-11 20:00:00
1724,SKU-01724,ProLine Silla de oficina Modelo 217,"Silla de oficina ProLine, modelo 217, producto para uso general.",4150.92,27,1,2026-04-07 09:00:00,2026-04-13 09:00:00
1725,SKU-01725,ProLine Mochila Modelo 218,"Mochila ProLine, modelo 218, producto para uso general.",1052.28,44,1,2026-04-08 09:00:00,2026-04-15 10:00:00
1726,SKU-01726,ProLine Cámara Modelo 219,"Cámara ProLine, modelo 219, producto para uso general.",5853.66,61,1,2026-04-09 09:00:00,2026-04-17 11:00:00
1727,SKU-01727,ProLine Micrófono Modelo 220,"Micrófono ProLine, modelo 220, producto para uso general.",3255.03,78,1,2026-04-10 09:00:00,2026-04-19 12:00:00
1728,SKU-01728,Ultra Laptop Modelo 221,"Laptop Ultra, modelo 221, producto para uso general.",10856.40,95,1,2026-04-11 09:00:00,2026-04-21 13:00:00
1729,SKU-01729,Ultra Mouse Modelo 222,"Mouse Ultra, modelo 222, producto para uso general.",377.74,112,1,2026-04-12 09:00:00,2026-04-23 14:00:00
1730,SKU-01730,Ultra Teclado Modelo 223,"Teclado Ultra, modelo 223, producto para uso general.",1159.13,129,1,2026-04-13 09:00:00,2026-04-25 15:00:00
1731,SKU-01731,Ultra Monitor Modelo 224,"Monitor Ultra, modelo 224, producto para uso general.",4860.51,146,1,2026-04-14 09:00:00,2026-04-27 16:00:00
1732,SKU-01732,Ultra Audífonos Modelo 225,"Audífonos Ultra, modelo 225, producto para uso general.",561.87,163,1,2026-04-15 09:00:00,2026-04-29 17:00:00
1733,SKU-01733,Ultra Webcam Modelo 226,"Webcam Ultra, modelo 226, producto para uso general.",1163.24,180,1,2026-04-16 09:00:00,2026-05-01 18:00:00
1734,SKU-01734,Ultra Memoria USB Modelo 227,"Memoria USB Ultra, modelo 227, producto para uso general.",364.58,197,1,2026-04-17 09:00:00,2026-05-03 19:00:00
1735,SKU-01735,Ultra Disco SSD Modelo 228,"Disco SSD Ultra, modelo 228, producto para uso general.",3265.99,13,1,2026-04-18 09:00:00,2026-05-05 20:00:00
1736,SKU-01736,Ultra Router Modelo 229,"Router Ultra, modelo 229, producto para uso general.",2967.36,30,1,2026-04-19 09:00:00,2026-05-07 09:00:00
1737,SKU-01737,Ultra Impresora Modelo 230,"Impresora Ultra, modelo 230, producto para uso general.",4168.73,47,1,2026-04-20 09:00:00,2026-05-09 10:00:00
1738,SKU-01738,Ultra Bocina Bluetooth Modelo 231,"Bocina Bluetooth Ultra, modelo 231, producto para uso general.",470.09,64,1,2026-04-21 09:00:00,2026-05-11 11:00:00
1739,SKU-01739,Ultra Tablet Modelo 232,"Tablet Ultra, modelo 232, producto para uso general.",4871.47,81,1,2026-04-22 09:00:00,2026-05-13 12:00:00
1740,SKU-01740,Ultra Cargador Modelo 233,"Cargador Ultra, modelo 233, producto para uso general.",512.82,98,1,2026-04-23 09:00:00,2026-05-15 13:00:00
1741,SKU-01741,Ultra Cable USB Modelo 234,"Cable USB Ultra, modelo 234, producto para uso general.",354.16,115,1,2026-04-24 09:00:00,2026-05-17 14:00:00
1742,SKU-01742,Ultra Smartwatch Modelo 235,"Smartwatch Ultra, modelo 235, producto para uso general.",3075.58,132,1,2026-04-25 09:00:00,2026-05-19 15:00:00
1743,SKU-01743,Ultra Teclado mecánico Modelo 236,"Teclado mecánico Ultra, modelo 236, producto para uso general.",1276.94,149,1,2026-04-26 09:00:00,2026-05-21 16:00:00
1744,SKU-01744,Ultra Silla de oficina Modelo 237,"Silla de oficina Ultra, modelo 237, producto para uso general.",4178.32,166,1,2026-04-27 09:00:00,2026-05-23 17:00:00
1745,SKU-01745,Ultra Mochila Modelo 238,"Mochila Ultra, modelo 238, producto para uso general.",1079.68,183,1,2026-04-28 09:00:00,2026-05-25 18:00:00
1746,SKU-01746,Ultra Cámara Modelo 239,"Cámara Ultra, modelo 239, producto para uso general.",5881.06,200,1,2026-04-29 09:00:00,2026-05-27 19:00:00
1747,SKU-01747,Ultra Micrófono Modelo 240,"Micrófono Ultra, modelo 240, producto para uso general.",3282.43,16,1,2026-04-30 09:00:00,2026-05-29 20:00:00
1748,SKU-01748,Vision Laptop Modelo 241,"Laptop Vision, modelo 241, producto para uso general.",10883.80,33,1,2026-05-01 09:00:00,2026-05-01 09:00:00
1749,SKU-01749,Vision Mouse Modelo 242,"Mouse Vision, modelo 242, producto para uso general.",405.14,50,1,2026-05-02 09:00:00,2026-05-03 10:00:00
1750,SKU-01750,Vision Teclado Modelo 243,"Teclado Vision, modelo 243, producto para uso general.",1186.53,67,1,2026-05-03 09:00:00,2026-05-05 11:00:00
1751,SKU-01751,Vision Monitor Modelo 244,"Monitor Vision, modelo 244, producto para uso general.",4887.91,84,1,2026-05-04 09:00:00,2026-05-07 12:00:00
1752,SKU-01752,Vision Audífonos Modelo 245,"Audífonos Vision, modelo 245, producto para uso general.",589.27,101,1,2026-05-05 09:00:00,2026-05-09 13:00:00
1753,SKU-01753,Vision Webcam Modelo 246,"Webcam Vision, modelo 246, producto para uso general.",1190.64,118,1,2026-05-06 09:00:00,2026-05-11 14:00:00
1754,SKU-01754,Vision Memoria USB Modelo 247,"Memoria USB Vision, modelo 247, producto para uso general.",391.98,135,1,2026-05-07 09:00:00,2026-05-13 15:00:00
1755,SKU-01755,Vision Disco SSD Modelo 248,"Disco SSD Vision, modelo 248, producto para uso general.",3293.39,152,1,2026-05-08 09:00:00,2026-05-15 16:00:00
1756,SKU-01756,Vision Router Modelo 249,"Router Vision, modelo 249, producto para uso general.",2994.76,169,1,2026-05-09 09:00:00,2026-05-17 17:00:00
1757,SKU-01757,Vision Impresora Modelo 250,"Impresora Vision, modelo 250, producto para uso general.",4196.13,186,1,2026-05-10 09:00:00,2026-05-19 18:00:00
1758,SKU-01758,Vision Bocina Bluetooth Modelo 001,"Bocina Bluetooth Vision, modelo 001, producto para uso general.",497.49,2,1,2026-05-11 09:00:00,2026-05-21 19:00:00
1759,SKU-01759,Vision Tablet Modelo 002,"Tablet Vision, modelo 002, producto para uso general.",4898.87,19,1,2026-05-12 09:00:00,2026-05-23 20:00:00
1760,SKU-01760,Vision Cargador Modelo 003,"Cargador Vision, modelo 003, producto para uso general.",540.22,36,1,2026-05-13 09:00:00,2026-05-25 09:00:00
1761,SKU-01761,Vision Cable USB Modelo 004,"Cable USB Vision, modelo 004, producto para uso general.",381.56,53,1,2026-05-14 09:00:00,2026-05-27 10:00:00
1762,SKU-01762,Vision Smartwatch Modelo 005,"Smartwatch Vision, modelo 005, producto para uso general.",3102.98,70,1,2026-05-15 09:00:00,2026-05-29 11:00:00
1763,SKU-01763,Vision Teclado mecánico Modelo 006,"Teclado mecánico Vision, modelo 006, producto para uso general.",1304.34,87,1,2026-05-16 09:00:00,2026-05-31 12:00:00
1764,SKU-01764,Vision Silla de oficina Modelo 007,"Silla de oficina Vision, modelo 007, producto para uso general.",4205.72,104,1,2026-05-17 09:00:00,2026-06-02 13:00:00
1765,SKU-01765,Vision Mochila Modelo 008,"Mochila Vision, modelo 008, producto para uso general.",1107.08,121,1,2026-05-18 09:00:00,2026-06-04 14:00:00
1766,SKU-01766,Vision Cámara Modelo 009,"Cámara Vision, modelo 009, producto para uso general.",5908.46,138,1,2026-05-19 09:00:00,2026-06-06 15:00:00
1767,SKU-01767,Vision Micrófono Modelo 010,"Micrófono Vision, modelo 010, producto para uso general.",3309.83,155,1,2026-05-20 09:00:00,2026-06-08 16:00:00
1768,SKU-01768,Connect Laptop Modelo 011,"Laptop Connect, modelo 011, producto para uso general.",10911.20,172,1,2026-05-21 09:00:00,2026-06-10 17:00:00
1769,SKU-01769,Connect Mouse Modelo 012,"Mouse Connect, modelo 012, producto para uso general.",432.54,189,1,2026-05-22 09:00:00,2026-06-12 18:00:00
1770,SKU-01770,Connect Teclado Modelo 013,"Teclado Connect, modelo 013, producto para uso general.",1213.93,5,1,2026-05-23 09:00:00,2026-06-14 19:00:00
1771,SKU-01771,Connect Monitor Modelo 014,"Monitor Connect, modelo 014, producto para uso general.",4915.31,22,1,2026-05-24 09:00:00,2026-06-16 20:00:00
1772,SKU-01772,Connect Audífonos Modelo 015,"Audífonos Connect, modelo 015, producto para uso general.",616.67,39,1,2026-05-25 09:00:00,2026-06-18 09:00:00
1773,SKU-01773,Connect Webcam Modelo 016,"Webcam Connect, modelo 016, producto para uso general.",1218.04,56,1,2026-05-26 09:00:00,2026-06-20 10:00:00
1774,SKU-01774,Connect Memoria USB Modelo 017,"Memoria USB Connect, modelo 017, producto para uso general.",419.38,73,1,2026-05-27 09:00:00,2026-06-22 11:00:00
1775,SKU-01775,Connect Disco SSD Modelo 018,"Disco SSD Connect, modelo 018, producto para uso general.",3320.79,90,1,2026-05-28 09:00:00,2026-06-24 12:00:00
1776,SKU-01776,Connect Router Modelo 019,"Router Connect, modelo 019, producto para uso general.",3022.16,107,1,2026-05-29 09:00:00,2026-06-26 13:00:00
1777,SKU-01777,Connect Impresora Modelo 020,"Impresora Connect, modelo 020, producto para uso general.",4223.53,124,1,2026-05-30 09:00:00,2026-06-28 14:00:00
1778,SKU-01778,Connect Bocina Bluetooth Modelo 021,"Bocina Bluetooth Connect, modelo 021, producto para uso general.",524.89,141,1,2026-05-31 09:00:00,2026-05-31 15:00:00
1779,SKU-01779,Connect Tablet Modelo 022,"Tablet Connect, modelo 022, producto para uso general.",4926.27,158,1,2026-06-01 09:00:00,2026-06-02 16:00:00
1780,SKU-01780,Connect Cargador Modelo 023,"Cargador Connect, modelo 023, producto para uso general.",567.62,175,1,2026-06-02 09:00:00,2026-06-04 17:00:00
1781,SKU-01781,Connect Cable USB Modelo 024,"Cable USB Connect, modelo 024, producto para uso general.",408.96,192,1,2026-06-03 09:00:00,2026-06-06 18:00:00
1782,SKU-01782,Connect Smartwatch Modelo 025,"Smartwatch Connect, modelo 025, producto para uso general.",3130.38,8,1,2026-06-04 09:00:00,2026-06-08 19:00:00
1783,SKU-01783,Connect Teclado mecánico Modelo 026,"Teclado mecánico Connect, modelo 026, producto para uso general.",1331.74,25,1,2026-06-05 09:00:00,2026-06-10 20:00:00
1784,SKU-01784,Connect Silla de oficina Modelo 027,"Silla de oficina Connect, modelo 027, producto para uso general.",4233.12,42,1,2026-06-06 09:00:00,2026-06-12 09:00:00
1785,SKU-01785,Connect Mochila Modelo 028,"Mochila Connect, modelo 028, producto para uso general.",1134.48,59,1,2026-06-07 09:00:00,2026-06-14 10:00:00
1786,SKU-01786,Connect Cámara Modelo 029,"Cámara Connect, modelo 029, producto para uso general.",5935.86,76,1,2026-06-08 09:00:00,2026-06-16 11:00:00
1787,SKU-01787,Connect Micrófono Modelo 030,"Micrófono Connect, modelo 030, producto para uso general.",3337.23,93,1,2026-06-09 09:00:00,2026-06-18 12:00:00
1788,SKU-01788,Advance Laptop Modelo 031,"Laptop Advance, modelo 031, producto para uso general.",10938.60,110,1,2026-06-10 09:00:00,2026-06-20 13:00:00
1789,SKU-01789,Advance Mouse Modelo 032,"Mouse Advance, modelo 032, producto para uso general.",459.94,127,1,2026-06-11 09:00:00,2026-06-22 14:00:00
1790,SKU-01790,Advance Teclado Modelo 033,"Teclado Advance, modelo 033, producto para uso general.",1241.33,144,1,2026-06-12 09:00:00,2026-06-24 15:00:00
1791,SKU-01791,Advance Monitor Modelo 034,"Monitor Advance, modelo 034, producto para uso general.",4942.71,161,1,2026-06-13 09:00:00,2026-06-26 16:00:00
1792,SKU-01792,Advance Audífonos Modelo 035,"Audífonos Advance, modelo 035, producto para uso general.",644.07,178,1,2026-06-14 09:00:00,2026-06-28 17:00:00
1793,SKU-01793,Advance Webcam Modelo 036,"Webcam Advance, modelo 036, producto para uso general.",1245.44,195,1,2026-06-15 09:00:00,2026-06-30 18:00:00
1794,SKU-01794,Advance Memoria USB Modelo 037,"Memoria USB Advance, modelo 037, producto para uso general.",446.78,11,1,2026-06-16 09:00:00,2026-07-02 19:00:00
1795,SKU-01795,Advance Disco SSD Modelo 038,"Disco SSD Advance, modelo 038, producto para uso general.",3348.19,28,1,2026-06-17 09:00:00,2026-07-04 20:00:00
1796,SKU-01796,Advance Router Modelo 039,"Router Advance, modelo 039, producto para uso general.",3049.56,45,1,2026-06-18 09:00:00,2026-07-06 09:00:00
1797,SKU-01797,Advance Impresora Modelo 040,"Impresora Advance, modelo 040, producto para uso general.",4250.93,62,1,2026-06-19 09:00:00,2026-07-08 10:00:00
1798,SKU-01798,Advance Bocina Bluetooth Modelo 041,"Bocina Bluetooth Advance, modelo 041, producto para uso general.",552.29,79,1,2026-06-20 09:00:00,2026-07-10 11:00:00
1799,SKU-01799,Advance Tablet Modelo 042,"Tablet Advance, modelo 042, producto para uso general.",4953.67,96,1,2026-06-21 09:00:00,2026-07-12 12:00:00
1800,SKU-01800,Advance Cargador Modelo 043,"Cargador Advance, modelo 043, producto para uso general.",595.02,113,1,2026-06-22 09:00:00,2026-07-14 13:00:00
1801,SKU-01801,Advance Cable USB Modelo 044,"Cable USB Advance, modelo 044, producto para uso general.",436.36,130,1,2026-06-23 09:00:00,2026-07-16 14:00:00
1802,SKU-01802,Advance Smartwatch Modelo 045,"Smartwatch Advance, modelo 045, producto para uso general.",3157.78,147,1,2026-06-24 09:00:00,2026-07-18 15:00:00
1803,SKU-01803,Advance Teclado mecánico Modelo 046,"Teclado mecánico Advance, modelo 046, producto para uso general.",1359.14,164,1,2026-06-25 09:00:00,2026-07-20 16:00:00
1804,SKU-01804,Advance Silla de oficina Modelo 047,"Silla de oficina Advance, modelo 047, producto para uso general.",4260.52,181,1,2026-06-26 09:00:00,2026-07-22 17:00:00
1805,SKU-01805,Advance Mochila Modelo 048,"Mochila Advance, modelo 048, producto para uso general.",1161.88,198,1,2026-06-27 09:00:00,2026-07-24 18:00:00
1806,SKU-01806,Advance Cámara Modelo 049,"Cámara Advance, modelo 049, producto para uso general.",5963.26,14,1,2026-06-28 09:00:00,2026-07-26 19:00:00
1807,SKU-01807,Advance Micrófono Modelo 050,"Micrófono Advance, modelo 050, producto para uso general.",3364.63,31,1,2026-06-29 09:00:00,2026-07-28 20:00:00
1808,SKU-01808,TechPro Laptop Modelo 051,"Laptop TechPro, modelo 051, producto para uso general.",10966.00,48,1,2026-06-30 09:00:00,2026-06-30 09:00:00
1809,SKU-01809,TechPro Mouse Modelo 052,"Mouse TechPro, modelo 052, producto para uso general.",487.34,65,1,2026-07-01 09:00:00,2026-07-02 10:00:00
1810,SKU-01810,TechPro Teclado Modelo 053,"Teclado TechPro, modelo 053, producto para uso general.",1268.73,82,1,2026-07-02 09:00:00,2026-07-04 11:00:00
1811,SKU-01811,TechPro Monitor Modelo 054,"Monitor TechPro, modelo 054, producto para uso general.",4970.11,99,1,2026-07-03 09:00:00,2026-07-06 12:00:00
1812,SKU-01812,TechPro Audífonos Modelo 055,"Audífonos TechPro, modelo 055, producto para uso general.",671.47,116,1,2026-07-04 09:00:00,2026-07-08 13:00:00
1813,SKU-01813,TechPro Webcam Modelo 056,"Webcam TechPro, modelo 056, producto para uso general.",1272.84,133,1,2026-07-05 09:00:00,2026-07-10 14:00:00
1814,SKU-01814,TechPro Memoria USB Modelo 057,"Memoria USB TechPro, modelo 057, producto para uso general.",474.18,150,1,2026-07-06 09:00:00,2026-07-12 15:00:00
1815,SKU-01815,TechPro Disco SSD Modelo 058,"Disco SSD TechPro, modelo 058, producto para uso general.",3375.59,167,1,2026-07-07 09:00:00,2026-07-14 16:00:00
1816,SKU-01816,TechPro Router Modelo 059,"Router TechPro, modelo 059, producto para uso general.",3076.96,184,1,2026-07-08 09:00:00,2026-07-16 17:00:00
1817,SKU-01817,TechPro Impresora Modelo 060,"Impresora TechPro, modelo 060, producto para uso general.",4278.33,0,0,2026-07-09 09:00:00,2026-07-18 18:00:00
1818,SKU-01818,TechPro Bocina Bluetooth Modelo 061,"Bocina Bluetooth TechPro, modelo 061, producto para uso general.",579.69,17,1,2026-07-10 09:00:00,2026-07-20 19:00:00
1819,SKU-01819,TechPro Tablet Modelo 062,"Tablet TechPro, modelo 062, producto para uso general.",4981.07,34,1,2026-07-11 09:00:00,2026-07-22 20:00:00
1820,SKU-01820,TechPro Cargador Modelo 063,"Cargador TechPro, modelo 063, producto para uso general.",622.42,51,1,2026-07-12 09:00:00,2026-07-24 09:00:00
1821,SKU-01821,TechPro Cable USB Modelo 064,"Cable USB TechPro, modelo 064, producto para uso general.",463.76,68,1,2026-07-13 09:00:00,2026-07-26 10:00:00
1822,SKU-01822,TechPro Smartwatch Modelo 065,"Smartwatch TechPro, modelo 065, producto para uso general.",3185.18,85,1,2026-07-14 09:00:00,2026-07-28 11:00:00
1823,SKU-01823,TechPro Teclado mecánico Modelo 066,"Teclado mecánico TechPro, modelo 066, producto para uso general.",1386.54,102,1,2026-07-15 09:00:00,2026-07-30 12:00:00
1824,SKU-01824,TechPro Silla de oficina Modelo 067,"Silla de oficina TechPro, modelo 067, producto para uso general.",4287.92,119,1,2026-07-16 09:00:00,2026-08-01 13:00:00
1825,SKU-01825,TechPro Mochila Modelo 068,"Mochila TechPro, modelo 068, producto para uso general.",1189.28,136,1,2026-07-17 09:00:00,2026-08-03 14:00:00
1826,SKU-01826,TechPro Cámara Modelo 069,"Cámara TechPro, modelo 069, producto para uso general.",5990.66,153,1,2026-07-18 09:00:00,2026-08-05 15:00:00
1827,SKU-01827,TechPro Micrófono Modelo 070,"Micrófono TechPro, modelo 070, producto para uso general.",3392.03,170,1,2026-07-19 09:00:00,2026-08-07 16:00:00
1828,SKU-01828,Nova Laptop Modelo 071,"Laptop Nova, modelo 071, producto para uso general.",10993.40,187,1,2026-07-20 09:00:00,2026-08-09 17:00:00
1829,SKU-01829,Nova Mouse Modelo 072,"Mouse Nova, modelo 072, producto para uso general.",514.74,3,1,2026-07-21 09:00:00,2026-08-11 18:00:00
1830,SKU-01830,Nova Teclado Modelo 073,"Teclado Nova, modelo 073, producto para uso general.",1296.13,20,1,2026-07-22 09:00:00,2026-08-13 19:00:00
1831,SKU-01831,Nova Monitor Modelo 074,"Monitor Nova, modelo 074, producto para uso general.",4997.51,37,1,2026-07-23 09:00:00,2026-08-15 20:00:00
1832,SKU-01832,Nova Audífonos Modelo 075,"Audífonos Nova, modelo 075, producto para uso general.",698.87,54,1,2026-07-24 09:00:00,2026-08-17 09:00:00
1833,SKU-01833,Nova Webcam Modelo 076,"Webcam Nova, modelo 076, producto para uso general.",1300.24,71,1,2026-07-25 09:00:00,2026-08-19 10:00:00
1834,SKU-01834,Nova Memoria USB Modelo 077,"Memoria USB Nova, modelo 077, producto para uso general.",501.58,88,1,2026-07-26 09:00:00,2026-08-21 11:00:00
1835,SKU-01835,Nova Disco SSD Modelo 078,"Disco SSD Nova, modelo 078, producto para uso general.",3402.99,105,1,2026-07-27 09:00:00,2026-08-23 12:00:00
1836,SKU-01836,Nova Router Modelo 079,"Router Nova, modelo 079, producto para uso general.",3104.36,122,1,2026-07-28 09:00:00,2026-08-25 13:00:00
1837,SKU-01837,Nova Impresora Modelo 080,"Impresora Nova, modelo 080, producto para uso general.",4305.73,139,1,2026-07-29 09:00:00,2026-08-27 14:00:00
1838,SKU-01838,Nova Bocina Bluetooth Modelo 081,"Bocina Bluetooth Nova, modelo 081, producto para uso general.",607.09,156,1,2026-07-30 09:00:00,2026-07-30 15:00:00
1839,SKU-01839,Nova Tablet Modelo 082,"Tablet Nova, modelo 082, producto para uso general.",5008.47,173,1,2026-07-31 09:00:00,2026-08-01 16:00:00
1840,SKU-01840,Nova Cargador Modelo 083,"Cargador Nova, modelo 083, producto para uso general.",649.82,190,1,2026-08-01 09:00:00,2026-08-03 17:00:00
1841,SKU-01841,Nova Cable USB Modelo 084,"Cable USB Nova, modelo 084, producto para uso general.",491.16,6,1,2026-08-02 09:00:00,2026-08-05 18:00:00
1842,SKU-01842,Nova Smartwatch Modelo 085,"Smartwatch Nova, modelo 085, producto para uso general.",3212.58,23,1,2026-08-03 09:00:00,2026-08-07 19:00:00
1843,SKU-01843,Nova Teclado mecánico Modelo 086,"Teclado mecánico Nova, modelo 086, producto para uso general.",1413.94,40,1,2026-08-04 09:00:00,2026-08-09 20:00:00
1844,SKU-01844,Nova Silla de oficina Modelo 087,"Silla de oficina Nova, modelo 087, producto para uso general.",4315.32,57,1,2026-08-05 09:00:00,2026-08-11 09:00:00
1845,SKU-01845,Nova Mochila Modelo 088,"Mochila Nova, modelo 088, producto para uso general.",1216.68,74,1,2026-08-06 09:00:00,2026-08-13 10:00:00
1846,SKU-01846,Nova Cámara Modelo 089,"Cámara Nova, modelo 089, producto para uso general.",6018.06,91,1,2026-08-07 09:00:00,2026-08-15 11:00:00
1847,SKU-01847,Nova Micrófono Modelo 090,"Micrófono Nova, modelo 090, producto para uso general.",3419.43,108,1,2026-08-08 09:00:00,2026-08-17 12:00:00
1848,SKU-01848,MaxiTech Laptop Modelo 091,"Laptop MaxiTech, modelo 091, producto para uso general.",11020.80,125,1,2026-08-09 09:00:00,2026-08-19 13:00:00
1849,SKU-01849,MaxiTech Mouse Modelo 092,"Mouse MaxiTech, modelo 092, producto para uso general.",542.14,142,1,2026-08-10 09:00:00,2026-08-21 14:00:00
1850,SKU-01850,MaxiTech Teclado Modelo 093,"Teclado MaxiTech, modelo 093, producto para uso general.",1323.53,159,1,2026-08-11 09:00:00,2026-08-23 15:00:00
1851,SKU-01851,MaxiTech Monitor Modelo 094,"Monitor MaxiTech, modelo 094, producto para uso general.",5024.91,176,1,2026-08-12 09:00:00,2026-08-25 16:00:00
1852,SKU-01852,MaxiTech Audífonos Modelo 095,"Audífonos MaxiTech, modelo 095, producto para uso general.",726.27,193,1,2026-08-13 09:00:00,2026-08-27 17:00:00
1853,SKU-01853,MaxiTech Webcam Modelo 096,"Webcam MaxiTech, modelo 096, producto para uso general.",1327.64,9,1,2026-08-14 09:00:00,2026-08-29 18:00:00
1854,SKU-01854,MaxiTech Memoria USB Modelo 097,"Memoria USB MaxiTech, modelo 097, producto para uso general.",528.98,26,1,2026-08-15 09:00:00,2026-08-31 19:00:00
1855,SKU-01855,MaxiTech Disco SSD Modelo 098,"Disco SSD MaxiTech, modelo 098, producto para uso general.",3430.39,43,1,2026-08-16 09:00:00,2026-09-02 20:00:00
1856,SKU-01856,MaxiTech Router Modelo 099,"Router MaxiTech, modelo 099, producto para uso general.",3131.76,60,1,2026-08-17 09:00:00,2026-09-04 09:00:00
1857,SKU-01857,MaxiTech Impresora Modelo 100,"Impresora MaxiTech, modelo 100, producto para uso general.",4333.13,77,1,2026-08-18 09:00:00,2026-09-06 10:00:00
1858,SKU-01858,MaxiTech Bocina Bluetooth Modelo 101,"Bocina Bluetooth MaxiTech, modelo 101, producto para uso general.",634.49,94,1,2026-08-19 09:00:00,2026-09-08 11:00:00
1859,SKU-01859,MaxiTech Tablet Modelo 102,"Tablet MaxiTech, modelo 102, producto para uso general.",5035.87,111,1,2026-08-20 09:00:00,2026-09-10 12:00:00
1860,SKU-01860,MaxiTech Cargador Modelo 103,"Cargador MaxiTech, modelo 103, producto para uso general.",677.22,128,1,2026-08-21 09:00:00,2026-09-12 13:00:00
1861,SKU-01861,MaxiTech Cable USB Modelo 104,"Cable USB MaxiTech, modelo 104, producto para uso general.",98.55,145,1,2026-08-22 09:00:00,2026-09-14 14:00:00
1862,SKU-01862,MaxiTech Smartwatch Modelo 105,"Smartwatch MaxiTech, modelo 105, producto para uso general.",3239.98,162,1,2026-08-23 09:00:00,2026-09-16 15:00:00
1863,SKU-01863,MaxiTech Teclado mecánico Modelo 106,"Teclado mecánico MaxiTech, modelo 106, producto para uso general.",1441.34,179,1,2026-08-24 09:00:00,2026-09-18 16:00:00
1864,SKU-01864,MaxiTech Silla de oficina Modelo 107,"Silla de oficina MaxiTech, modelo 107, producto para uso general.",4342.72,196,1,2026-08-25 09:00:00,2026-09-20 17:00:00
1865,SKU-01865,MaxiTech Mochila Modelo 108,"Mochila MaxiTech, modelo 108, producto para uso general.",1244.08,12,1,2026-08-26 09:00:00,2026-09-22 18:00:00
1866,SKU-01866,MaxiTech Cámara Modelo 109,"Cámara MaxiTech, modelo 109, producto para uso general.",6045.46,29,1,2026-08-27 09:00:00,2026-09-24 19:00:00
1867,SKU-01867,MaxiTech Micrófono Modelo 110,"Micrófono MaxiTech, modelo 110, producto para uso general.",3446.83,46,1,2026-08-28 09:00:00,2026-09-26 20:00:00
1868,SKU-01868,DigitalX Laptop Modelo 111,"Laptop DigitalX, modelo 111, producto para uso general.",11048.20,63,1,2026-08-29 09:00:00,2026-08-29 09:00:00
1869,SKU-01869,DigitalX Mouse Modelo 112,"Mouse DigitalX, modelo 112, producto para uso general.",569.54,80,1,2026-08-30 09:00:00,2026-08-31 10:00:00
1870,SKU-01870,DigitalX Teclado Modelo 113,"Teclado DigitalX, modelo 113, producto para uso general.",1350.93,97,1,2026-08-31 09:00:00,2026-09-02 11:00:00
1871,SKU-01871,DigitalX Monitor Modelo 114,"Monitor DigitalX, modelo 114, producto para uso general.",5052.31,114,1,2026-09-01 09:00:00,2026-09-04 12:00:00
1872,SKU-01872,DigitalX Audífonos Modelo 115,"Audífonos DigitalX, modelo 115, producto para uso general.",753.67,131,1,2026-09-02 09:00:00,2026-09-06 13:00:00
1873,SKU-01873,DigitalX Webcam Modelo 116,"Webcam DigitalX, modelo 116, producto para uso general.",1355.04,148,1,2026-09-03 09:00:00,2026-09-08 14:00:00
1874,SKU-01874,DigitalX Memoria USB Modelo 117,"Memoria USB DigitalX, modelo 117, producto para uso general.",556.38,165,1,2026-09-04 09:00:00,2026-09-10 15:00:00
1875,SKU-01875,DigitalX Disco SSD Modelo 118,"Disco SSD DigitalX, modelo 118, producto para uso general.",3457.79,182,1,2026-09-05 09:00:00,2026-09-12 16:00:00
1876,SKU-01876,DigitalX Router Modelo 119,"Router DigitalX, modelo 119, producto para uso general.",3159.16,199,1,2026-09-06 09:00:00,2026-09-14 17:00:00
1877,SKU-01877,DigitalX Impresora Modelo 120,"Impresora DigitalX, modelo 120, producto para uso general.",4360.53,15,1,2026-09-07 09:00:00,2026-09-16 18:00:00
1878,SKU-01878,DigitalX Bocina Bluetooth Modelo 121,"Bocina Bluetooth DigitalX, modelo 121, producto para uso general.",661.89,32,1,2026-09-08 09:00:00,2026-09-18 19:00:00
1879,SKU-01879,DigitalX Tablet Modelo 122,"Tablet DigitalX, modelo 122, producto para uso general.",5063.27,49,1,2026-09-09 09:00:00,2026-09-20 20:00:00
1880,SKU-01880,DigitalX Cargador Modelo 123,"Cargador DigitalX, modelo 123, producto para uso general.",704.62,66,1,2026-09-10 09:00:00,2026-09-22 09:00:00
1881,SKU-01881,DigitalX Cable USB Modelo 124,"Cable USB DigitalX, modelo 124, producto para uso general.",125.95,83,1,2026-09-11 09:00:00,2026-09-24 10:00:00
1882,SKU-01882,DigitalX Smartwatch Modelo 125,"Smartwatch DigitalX, modelo 125, producto para uso general.",3267.38,100,1,2026-09-12 09:00:00,2026-09-26 11:00:00
1883,SKU-01883,DigitalX Teclado mecánico Modelo 126,"Teclado mecánico DigitalX, modelo 126, producto para uso general.",1468.74,117,1,2026-09-13 09:00:00,2026-09-28 12:00:00
1884,SKU-01884,DigitalX Silla de oficina Modelo 127,"Silla de oficina DigitalX, modelo 127, producto para uso general.",4370.12,134,1,2026-09-14 09:00:00,2026-09-30 13:00:00
1885,SKU-01885,DigitalX Mochila Modelo 128,"Mochila DigitalX, modelo 128, producto para uso general.",1271.48,151,1,2026-09-15 09:00:00,2026-10-02 14:00:00
1886,SKU-01886,DigitalX Cámara Modelo 129,"Cámara DigitalX, modelo 129, producto para uso general.",6072.86,168,1,2026-09-16 09:00:00,2026-10-04 15:00:00
1887,SKU-01887,DigitalX Micrófono Modelo 130,"Micrófono DigitalX, modelo 130, producto para uso general.",3474.23,185,1,2026-09-17 09:00:00,2026-10-06 16:00:00
1888,SKU-01888,SmartOne Laptop Modelo 131,"Laptop SmartOne, modelo 131, producto para uso general.",11075.60,1,1,2026-09-18 09:00:00,2026-10-08 17:00:00
1889,SKU-01889,SmartOne Mouse Modelo 132,"Mouse SmartOne, modelo 132, producto para uso general.",596.94,18,1,2026-09-19 09:00:00,2026-10-10 18:00:00
1890,SKU-01890,SmartOne Teclado Modelo 133,"Teclado SmartOne, modelo 133, producto para uso general.",1378.33,35,1,2026-09-20 09:00:00,2026-10-12 19:00:00
1891,SKU-01891,SmartOne Monitor Modelo 134,"Monitor SmartOne, modelo 134, producto para uso general.",5079.71,52,1,2026-09-21 09:00:00,2026-10-14 20:00:00
1892,SKU-01892,SmartOne Audífonos Modelo 135,"Audífonos SmartOne, modelo 135, producto para uso general.",781.07,69,1,2026-09-22 09:00:00,2026-10-16 09:00:00
1893,SKU-01893,SmartOne Webcam Modelo 136,"Webcam SmartOne, modelo 136, producto para uso general.",1382.44,86,1,2026-09-23 09:00:00,2026-10-18 10:00:00
1894,SKU-01894,SmartOne Memoria USB Modelo 137,"Memoria USB SmartOne, modelo 137, producto para uso general.",583.78,103,1,2026-09-24 09:00:00,2026-10-20 11:00:00
1895,SKU-01895,SmartOne Disco SSD Modelo 138,"Disco SSD SmartOne, modelo 138, producto para uso general.",3485.19,120,1,2026-09-25 09:00:00,2026-10-22 12:00:00
1896,SKU-01896,SmartOne Router Modelo 139,"Router SmartOne, modelo 139, producto para uso general.",3186.56,137,1,2026-09-26 09:00:00,2026-10-24 13:00:00
1897,SKU-01897,SmartOne Impresora Modelo 140,"Impresora SmartOne, modelo 140, producto para uso general.",4387.93,154,1,2026-09-27 09:00:00,2026-10-26 14:00:00
1898,SKU-01898,SmartOne Bocina Bluetooth Modelo 141,"Bocina Bluetooth SmartOne, modelo 141, producto para uso general.",689.29,171,1,2026-01-01 09:00:00,2026-01-01 15:00:00
1899,SKU-01899,SmartOne Tablet Modelo 142,"Tablet SmartOne, modelo 142, producto para uso general.",5090.67,188,1,2026-01-02 09:00:00,2026-01-03 16:00:00
1900,SKU-01900,SmartOne Cargador Modelo 143,"Cargador SmartOne, modelo 143, producto para uso general.",732.02,4,1,2026-01-03 09:00:00,2026-01-05 17:00:00
1901,SKU-01901,SmartOne Cable USB Modelo 144,"Cable USB SmartOne, modelo 144, producto para uso general.",153.35,21,1,2026-01-04 09:00:00,2026-01-07 18:00:00
1902,SKU-01902,SmartOne Smartwatch Modelo 145,"Smartwatch SmartOne, modelo 145, producto para uso general.",3294.78,38,1,2026-01-05 09:00:00,2026-01-09 19:00:00
1903,SKU-01903,SmartOne Teclado mecánico Modelo 146,"Teclado mecánico SmartOne, modelo 146, producto para uso general.",1496.14,55,1,2026-01-06 09:00:00,2026-01-11 20:00:00
1904,SKU-01904,SmartOne Silla de oficina Modelo 147,"Silla de oficina SmartOne, modelo 147, producto para uso general.",4397.52,72,1,2026-01-07 09:00:00,2026-01-13 09:00:00
1905,SKU-01905,SmartOne Mochila Modelo 148,"Mochila SmartOne, modelo 148, producto para uso general.",1298.88,89,1,2026-01-08 09:00:00,2026-01-15 10:00:00
1906,SKU-01906,SmartOne Cámara Modelo 149,"Cámara SmartOne, modelo 149, producto para uso general.",6100.26,106,1,2026-01-09 09:00:00,2026-01-17 11:00:00
1907,SKU-01907,SmartOne Micrófono Modelo 150,"Micrófono SmartOne, modelo 150, producto para uso general.",3501.63,123,1,2026-01-10 09:00:00,2026-01-19 12:00:00
1908,SKU-01908,ProLine Laptop Modelo 151,"Laptop ProLine, modelo 151, producto para uso general.",11103.00,140,1,2026-01-11 09:00:00,2026-01-21 13:00:00
1909,SKU-01909,ProLine Mouse Modelo 152,"Mouse ProLine, modelo 152, producto para uso general.",624.34,157,1,2026-01-12 09:00:00,2026-01-23 14:00:00
1910,SKU-01910,ProLine Teclado Modelo 153,"Teclado ProLine, modelo 153, producto para uso general.",1405.73,174,1,2026-01-13 09:00:00,2026-01-25 15:00:00
1911,SKU-01911,ProLine Monitor Modelo 154,"Monitor ProLine, modelo 154, producto para uso general.",5107.11,191,1,2026-01-14 09:00:00,2026-01-27 16:00:00
1912,SKU-01912,ProLine Audífonos Modelo 155,"Audífonos ProLine, modelo 155, producto para uso general.",808.47,7,1,2026-01-15 09:00:00,2026-01-29 17:00:00
1913,SKU-01913,ProLine Webcam Modelo 156,"Webcam ProLine, modelo 156, producto para uso general.",1409.84,24,1,2026-01-16 09:00:00,2026-01-31 18:00:00
1914,SKU-01914,ProLine Memoria USB Modelo 157,"Memoria USB ProLine, modelo 157, producto para uso general.",611.18,41,1,2026-01-17 09:00:00,2026-02-02 19:00:00
1915,SKU-01915,ProLine Disco SSD Modelo 158,"Disco SSD ProLine, modelo 158, producto para uso general.",3512.59,58,1,2026-01-18 09:00:00,2026-02-04 20:00:00
1916,SKU-01916,ProLine Router Modelo 159,"Router ProLine, modelo 159, producto para uso general.",3213.96,75,1,2026-01-19 09:00:00,2026-02-06 09:00:00
1917,SKU-01917,ProLine Impresora Modelo 160,"Impresora ProLine, modelo 160, producto para uso general.",4415.33,92,1,2026-01-20 09:00:00,2026-02-08 10:00:00
1918,SKU-01918,ProLine Bocina Bluetooth Modelo 161,"Bocina Bluetooth ProLine, modelo 161, producto para uso general.",716.69,109,1,2026-01-21 09:00:00,2026-02-10 11:00:00
1919,SKU-01919,ProLine Tablet Modelo 162,"Tablet ProLine, modelo 162, producto para uso general.",5118.07,126,1,2026-01-22 09:00:00,2026-02-12 12:00:00
1920,SKU-01920,ProLine Cargador Modelo 163,"Cargador ProLine, modelo 163, producto para uso general.",759.42,143,1,2026-01-23 09:00:00,2026-02-14 13:00:00
1921,SKU-01921,ProLine Cable USB Modelo 164,"Cable USB ProLine, modelo 164, producto para uso general.",180.75,160,1,2026-01-24 09:00:00,2026-02-16 14:00:00
1922,SKU-01922,ProLine Smartwatch Modelo 165,"Smartwatch ProLine, modelo 165, producto para uso general.",3322.18,177,1,2026-01-25 09:00:00,2026-02-18 15:00:00
1923,SKU-01923,ProLine Teclado mecánico Modelo 166,"Teclado mecánico ProLine, modelo 166, producto para uso general.",1523.54,194,1,2026-01-26 09:00:00,2026-02-20 16:00:00
1924,SKU-01924,ProLine Silla de oficina Modelo 167,"Silla de oficina ProLine, modelo 167, producto para uso general.",4424.92,10,1,2026-01-27 09:00:00,2026-02-22 17:00:00
1925,SKU-01925,ProLine Mochila Modelo 168,"Mochila ProLine, modelo 168, producto para uso general.",1326.28,27,1,2026-01-28 09:00:00,2026-02-24 18:00:00
1926,SKU-01926,ProLine Cámara Modelo 169,"Cámara ProLine, modelo 169, producto para uso general.",6127.66,44,1,2026-01-29 09:00:00,2026-02-26 19:00:00
1927,SKU-01927,ProLine Micrófono Modelo 170,"Micrófono ProLine, modelo 170, producto para uso general.",3529.03,61,1,2026-01-30 09:00:00,2026-02-28 20:00:00
1928,SKU-01928,Ultra Laptop Modelo 171,"Laptop Ultra, modelo 171, producto para uso general.",11130.40,78,1,2026-01-31 09:00:00,2026-01-31 09:00:00
1929,SKU-01929,Ultra Mouse Modelo 172,"Mouse Ultra, modelo 172, producto para uso general.",651.74,95,1,2026-02-01 09:00:00,2026-02-02 10:00:00
1930,SKU-01930,Ultra Teclado Modelo 173,"Teclado Ultra, modelo 173, producto para uso general.",1433.13,112,1,2026-02-02 09:00:00,2026-02-04 11:00:00
1931,SKU-01931,Ultra Monitor Modelo 174,"Monitor Ultra, modelo 174, producto para uso general.",5134.51,129,1,2026-02-03 09:00:00,2026-02-06 12:00:00
1932,SKU-01932,Ultra Audífonos Modelo 175,"Audífonos Ultra, modelo 175, producto para uso general.",835.87,146,1,2026-02-04 09:00:00,2026-02-08 13:00:00
1933,SKU-01933,Ultra Webcam Modelo 176,"Webcam Ultra, modelo 176, producto para uso general.",1437.24,163,1,2026-02-05 09:00:00,2026-02-10 14:00:00
1934,SKU-01934,Ultra Memoria USB Modelo 177,"Memoria USB Ultra, modelo 177, producto para uso general.",638.58,180,1,2026-02-06 09:00:00,2026-02-12 15:00:00
1935,SKU-01935,Ultra Disco SSD Modelo 178,"Disco SSD Ultra, modelo 178, producto para uso general.",3539.99,197,1,2026-02-07 09:00:00,2026-02-14 16:00:00
1936,SKU-01936,Ultra Router Modelo 179,"Router Ultra, modelo 179, producto para uso general.",3241.36,13,1,2026-02-08 09:00:00,2026-02-16 17:00:00
1937,SKU-01937,Ultra Impresora Modelo 180,"Impresora Ultra, modelo 180, producto para uso general.",4442.73,30,1,2026-02-09 09:00:00,2026-02-18 18:00:00
1938,SKU-01938,Ultra Bocina Bluetooth Modelo 181,"Bocina Bluetooth Ultra, modelo 181, producto para uso general.",744.09,47,1,2026-02-10 09:00:00,2026-02-20 19:00:00
1939,SKU-01939,Ultra Tablet Modelo 182,"Tablet Ultra, modelo 182, producto para uso general.",5145.47,64,1,2026-02-11 09:00:00,2026-02-22 20:00:00
1940,SKU-01940,Ultra Cargador Modelo 183,"Cargador Ultra, modelo 183, producto para uso general.",786.82,81,1,2026-02-12 09:00:00,2026-02-24 09:00:00
1941,SKU-01941,Ultra Cable USB Modelo 184,"Cable USB Ultra, modelo 184, producto para uso general.",208.15,98,1,2026-02-13 09:00:00,2026-02-26 10:00:00
1942,SKU-01942,Ultra Smartwatch Modelo 185,"Smartwatch Ultra, modelo 185, producto para uso general.",3349.58,115,1,2026-02-14 09:00:00,2026-02-28 11:00:00
1943,SKU-01943,Ultra Teclado mecánico Modelo 186,"Teclado mecánico Ultra, modelo 186, producto para uso general.",1550.94,132,1,2026-02-15 09:00:00,2026-03-02 12:00:00
1944,SKU-01944,Ultra Silla de oficina Modelo 187,"Silla de oficina Ultra, modelo 187, producto para uso general.",4452.32,149,1,2026-02-16 09:00:00,2026-03-04 13:00:00
1945,SKU-01945,Ultra Mochila Modelo 188,"Mochila Ultra, modelo 188, producto para uso general.",1353.68,166,1,2026-02-17 09:00:00,2026-03-06 14:00:00
1946,SKU-01946,Ultra Cámara Modelo 189,"Cámara Ultra, modelo 189, producto para uso general.",6155.06,183,1,2026-02-18 09:00:00,2026-03-08 15:00:00
1947,SKU-01947,Ultra Micrófono Modelo 190,"Micrófono Ultra, modelo 190, producto para uso general.",3556.43,200,1,2026-02-19 09:00:00,2026-03-10 16:00:00
1948,SKU-01948,Vision Laptop Modelo 191,"Laptop Vision, modelo 191, producto para uso general.",11157.80,16,1,2026-02-20 09:00:00,2026-03-12 17:00:00
1949,SKU-01949,Vision Mouse Modelo 192,"Mouse Vision, modelo 192, producto para uso general.",679.14,33,1,2026-02-21 09:00:00,2026-03-14 18:00:00
1950,SKU-01950,Vision Teclado Modelo 193,"Teclado Vision, modelo 193, producto para uso general.",1460.53,50,1,2026-02-22 09:00:00,2026-03-16 19:00:00
1951,SKU-01951,Vision Monitor Modelo 194,"Monitor Vision, modelo 194, producto para uso general.",5161.91,67,1,2026-02-23 09:00:00,2026-03-18 20:00:00
1952,SKU-01952,Vision Audífonos Modelo 195,"Audífonos Vision, modelo 195, producto para uso general.",863.27,84,1,2026-02-24 09:00:00,2026-03-20 09:00:00
1953,SKU-01953,Vision Webcam Modelo 196,"Webcam Vision, modelo 196, producto para uso general.",1464.64,101,1,2026-02-25 09:00:00,2026-03-22 10:00:00
1954,SKU-01954,Vision Memoria USB Modelo 197,"Memoria USB Vision, modelo 197, producto para uso general.",135.97,118,1,2026-02-26 09:00:00,2026-03-24 11:00:00
1955,SKU-01955,Vision Disco SSD Modelo 198,"Disco SSD Vision, modelo 198, producto para uso general.",3567.39,135,1,2026-02-27 09:00:00,2026-03-26 12:00:00
1956,SKU-01956,Vision Router Modelo 199,"Router Vision, modelo 199, producto para uso general.",3268.76,152,1,2026-02-28 09:00:00,2026-03-28 13:00:00
1957,SKU-01957,Vision Impresora Modelo 200,"Impresora Vision, modelo 200, producto para uso general.",4470.13,169,1,2026-03-01 09:00:00,2026-03-30 14:00:00
1958,SKU-01958,Vision Bocina Bluetooth Modelo 201,"Bocina Bluetooth Vision, modelo 201, producto para uso general.",771.49,186,1,2026-03-02 09:00:00,2026-03-02 15:00:00
1959,SKU-01959,Vision Tablet Modelo 202,"Tablet Vision, modelo 202, producto para uso general.",5172.87,2,1,2026-03-03 09:00:00,2026-03-04 16:00:00
1960,SKU-01960,Vision Cargador Modelo 203,"Cargador Vision, modelo 203, producto para uso general.",814.22,19,1,2026-03-04 09:00:00,2026-03-06 17:00:00
1961,SKU-01961,Vision Cable USB Modelo 204,"Cable USB Vision, modelo 204, producto para uso general.",235.55,36,1,2026-03-05 09:00:00,2026-03-08 18:00:00
1962,SKU-01962,Vision Smartwatch Modelo 205,"Smartwatch Vision, modelo 205, producto para uso general.",3376.98,53,1,2026-03-06 09:00:00,2026-03-10 19:00:00
1963,SKU-01963,Vision Teclado mecánico Modelo 206,"Teclado mecánico Vision, modelo 206, producto para uso general.",1578.34,70,1,2026-03-07 09:00:00,2026-03-12 20:00:00
1964,SKU-01964,Vision Silla de oficina Modelo 207,"Silla de oficina Vision, modelo 207, producto para uso general.",4479.72,87,1,2026-03-08 09:00:00,2026-03-14 09:00:00
1965,SKU-01965,Vision Mochila Modelo 208,"Mochila Vision, modelo 208, producto para uso general.",1381.08,104,1,2026-03-09 09:00:00,2026-03-16 10:00:00
1966,SKU-01966,Vision Cámara Modelo 209,"Cámara Vision, modelo 209, producto para uso general.",6182.46,121,1,2026-03-10 09:00:00,2026-03-18 11:00:00
1967,SKU-01967,Vision Micrófono Modelo 210,"Micrófono Vision, modelo 210, producto para uso general.",3583.83,138,1,2026-03-11 09:00:00,2026-03-20 12:00:00
1968,SKU-01968,Connect Laptop Modelo 211,"Laptop Connect, modelo 211, producto para uso general.",11185.20,155,1,2026-03-12 09:00:00,2026-03-22 13:00:00
1969,SKU-01969,Connect Mouse Modelo 212,"Mouse Connect, modelo 212, producto para uso general.",706.54,172,1,2026-03-13 09:00:00,2026-03-24 14:00:00
1970,SKU-01970,Connect Teclado Modelo 213,"Teclado Connect, modelo 213, producto para uso general.",1487.93,189,1,2026-03-14 09:00:00,2026-03-26 15:00:00
1971,SKU-01971,Connect Monitor Modelo 214,"Monitor Connect, modelo 214, producto para uso general.",5189.31,5,1,2026-03-15 09:00:00,2026-03-28 16:00:00
1972,SKU-01972,Connect Audífonos Modelo 215,"Audífonos Connect, modelo 215, producto para uso general.",890.67,22,1,2026-03-16 09:00:00,2026-03-30 17:00:00
1973,SKU-01973,Connect Webcam Modelo 216,"Webcam Connect, modelo 216, producto para uso general.",1492.04,39,1,2026-03-17 09:00:00,2026-04-01 18:00:00
1974,SKU-01974,Connect Memoria USB Modelo 217,"Memoria USB Connect, modelo 217, producto para uso general.",163.37,56,1,2026-03-18 09:00:00,2026-04-03 19:00:00
1975,SKU-01975,Connect Disco SSD Modelo 218,"Disco SSD Connect, modelo 218, producto para uso general.",3594.79,73,1,2026-03-19 09:00:00,2026-04-05 20:00:00
1976,SKU-01976,Connect Router Modelo 219,"Router Connect, modelo 219, producto para uso general.",3296.16,90,1,2026-03-20 09:00:00,2026-04-07 09:00:00
1977,SKU-01977,Connect Impresora Modelo 220,"Impresora Connect, modelo 220, producto para uso general.",4497.53,107,1,2026-03-21 09:00:00,2026-04-09 10:00:00
1978,SKU-01978,Connect Bocina Bluetooth Modelo 221,"Bocina Bluetooth Connect, modelo 221, producto para uso general.",798.89,124,1,2026-03-22 09:00:00,2026-04-11 11:00:00
1979,SKU-01979,Connect Tablet Modelo 222,"Tablet Connect, modelo 222, producto para uso general.",5200.27,141,1,2026-03-23 09:00:00,2026-04-13 12:00:00
1980,SKU-01980,Connect Cargador Modelo 223,"Cargador Connect, modelo 223, producto para uso general.",841.62,158,1,2026-03-24 09:00:00,2026-04-15 13:00:00
1981,SKU-01981,Connect Cable USB Modelo 224,"Cable USB Connect, modelo 224, producto para uso general.",262.95,175,1,2026-03-25 09:00:00,2026-04-17 14:00:00
1982,SKU-01982,Connect Smartwatch Modelo 225,"Smartwatch Connect, modelo 225, producto para uso general.",3404.38,192,1,2026-03-26 09:00:00,2026-04-19 15:00:00
1983,SKU-01983,Connect Teclado mecánico Modelo 226,"Teclado mecánico Connect, modelo 226, producto para uso general.",1605.74,8,1,2026-03-27 09:00:00,2026-04-21 16:00:00
1984,SKU-01984,Connect Silla de oficina Modelo 227,"Silla de oficina Connect, modelo 227, producto para uso general.",4507.12,25,1,2026-03-28 09:00:00,2026-04-23 17:00:00
1985,SKU-01985,Connect Mochila Modelo 228,"Mochila Connect, modelo 228, producto para uso general.",1408.48,42,1,2026-03-29 09:00:00,2026-04-25 18:00:00
1986,SKU-01986,Connect Cámara Modelo 229,"Cámara Connect, modelo 229, producto para uso general.",6209.86,59,1,2026-03-30 09:00:00,2026-04-27 19:00:00
1987,SKU-01987,Connect Micrófono Modelo 230,"Micrófono Connect, modelo 230, producto para uso general.",3611.23,76,1,2026-03-31 09:00:00,2026-04-29 20:00:00
1988,SKU-01988,Advance Laptop Modelo 231,"Laptop Advance, modelo 231, producto para uso general.",11212.60,93,1,2026-04-01 09:00:00,2026-04-01 09:00:00
1989,SKU-01989,Advance Mouse Modelo 232,"Mouse Advance, modelo 232, producto para uso general.",733.94,110,1,2026-04-02 09:00:00,2026-04-03 10:00:00
1990,SKU-01990,Advance Teclado Modelo 233,"Teclado Advance, modelo 233, producto para uso general.",1515.33,127,1,2026-04-03 09:00:00,2026-04-05 11:00:00
1991,SKU-01991,Advance Monitor Modelo 234,"Monitor Advance, modelo 234, producto para uso general.",5216.71,144,1,2026-04-04 09:00:00,2026-04-07 12:00:00
1992,SKU-01992,Advance Audífonos Modelo 235,"Audífonos Advance, modelo 235, producto para uso general.",918.07,161,1,2026-04-05 09:00:00,2026-04-09 13:00:00
1993,SKU-01993,Advance Webcam Modelo 236,"Webcam Advance, modelo 236, producto para uso general.",1519.44,178,1,2026-04-06 09:00:00,2026-04-11 14:00:00
1994,SKU-01994,Advance Memoria USB Modelo 237,"Memoria USB Advance, modelo 237, producto para uso general.",190.77,195,1,2026-04-07 09:00:00,2026-04-13 15:00:00
1995,SKU-01995,Advance Disco SSD Modelo 238,"Disco SSD Advance, modelo 238, producto para uso general.",3622.19,11,1,2026-04-08 09:00:00,2026-04-15 16:00:00
1996,SKU-01996,Advance Router Modelo 239,"Router Advance, modelo 239, producto para uso general.",3323.56,28,1,2026-04-09 09:00:00,2026-04-17 17:00:00
1997,SKU-01997,Advance Impresora Modelo 240,"Impresora Advance, modelo 240, producto para uso general.",4524.93,45,1,2026-04-10 09:00:00,2026-04-19 18:00:00
1998,SKU-01998,Advance Bocina Bluetooth Modelo 241,"Bocina Bluetooth Advance, modelo 241, producto para uso general.",826.29,62,1,2026-04-11 09:00:00,2026-04-21 19:00:00
1999,SKU-01999,Advance Tablet Modelo 242,"Tablet Advance, modelo 242, producto para uso general.",5227.67,79,1,2026-04-12 09:00:00,2026-04-23 20:00:00
2000,SKU-02000,Advance Cargador Modelo 243,"Cargador Advance, modelo 243, producto para uso general.",869.02,96,1,2026-04-13 09:00:00,2026-04-25 09:00:00
2001,SKU-02001,Advance Cable USB Modelo 244,"Cable USB Advance, modelo 244, producto para uso general.",290.35,113,1,2026-04-14 09:00:00,2026-04-27 10:00:00
2002,SKU-02002,Advance Smartwatch Modelo 245,"Smartwatch Advance, modelo 245, producto para uso general.",3431.78,130,1,2026-04-15 09:00:00,2026-04-29 11:00:00
2003,SKU-02003,Advance Teclado mecánico Modelo 246,"Teclado mecánico Advance, modelo 246, producto para uso general.",1633.14,147,1,2026-04-16 09:00:00,2026-05-01 12:00:00
2004,SKU-02004,Advance Silla de oficina Modelo 247,"Silla de oficina Advance, modelo 247, producto para uso general.",4534.52,164,1,2026-04-17 09:00:00,2026-05-03 13:00:00
2005,SKU-02005,Advance Mochila Modelo 248,"Mochila Advance, modelo 248, producto para uso general.",1435.88,181,1,2026-04-18 09:00:00,2026-05-05 14:00:00
2006,SKU-02006,Advance Cámara Modelo 249,"Cámara Advance, modelo 249, producto para uso general.",6237.26,198,1,2026-04-19 09:00:00,2026-05-07 15:00:00
2007,SKU-02007,Advance Micrófono Modelo 250,"Micrófono Advance, modelo 250, producto para uso general.",3638.63,14,1,2026-04-20 09:00:00,2026-05-09 16:00:00
2008,SKU-02008,TechPro Laptop Modelo 001,"Laptop TechPro, modelo 001, producto para uso general.",11240.00,31,1,2026-04-21 09:00:00,2026-05-11 17:00:00
2009,SKU-02009,TechPro Mouse Modelo 002,"Mouse TechPro, modelo 002, producto para uso general.",761.34,48,1,2026-04-22 09:00:00,2026-05-13 18:00:00
2010,SKU-02010,TechPro Teclado Modelo 003,"Teclado TechPro, modelo 003, producto para uso general.",1542.73,65,1,2026-04-23 09:00:00,2026-05-15 19:00:00
2011,SKU-02011,TechPro Monitor Modelo 004,"Monitor TechPro, modelo 004, producto para uso general.",5244.11,82,1,2026-04-24 09:00:00,2026-05-17 20:00:00
2012,SKU-02012,TechPro Audífonos Modelo 005,"Audífonos TechPro, modelo 005, producto para uso general.",945.47,99,1,2026-04-25 09:00:00,2026-05-19 09:00:00
2013,SKU-02013,TechPro Webcam Modelo 006,"Webcam TechPro, modelo 006, producto para uso general.",1546.84,116,1,2026-04-26 09:00:00,2026-05-21 10:00:00
2014,SKU-02014,TechPro Memoria USB Modelo 007,"Memoria USB TechPro, modelo 007, producto para uso general.",218.17,133,1,2026-04-27 09:00:00,2026-05-23 11:00:00
2015,SKU-02015,TechPro Disco SSD Modelo 008,"Disco SSD TechPro, modelo 008, producto para uso general.",3649.59,150,1,2026-04-28 09:00:00,2026-05-25 12:00:00
2016,SKU-02016,TechPro Router Modelo 009,"Router TechPro, modelo 009, producto para uso general.",3350.96,167,1,2026-04-29 09:00:00,2026-05-27 13:00:00
2017,SKU-02017,TechPro Impresora Modelo 010,"Impresora TechPro, modelo 010, producto para uso general.",4552.33,184,1,2026-04-30 09:00:00,2026-05-29 14:00:00
2018,SKU-02018,TechPro Bocina Bluetooth Modelo 011,"Bocina Bluetooth TechPro, modelo 011, producto para uso general.",853.69,0,0,2026-05-01 09:00:00,2026-05-01 15:00:00
2019,SKU-02019,TechPro Tablet Modelo 012,"Tablet TechPro, modelo 012, producto para uso general.",5255.07,17,1,2026-05-02 09:00:00,2026-05-03 16:00:00
2020,SKU-02020,TechPro Cargador Modelo 013,"Cargador TechPro, modelo 013, producto para uso general.",896.42,34,1,2026-05-03 09:00:00,2026-05-05 17:00:00
2021,SKU-02021,TechPro Cable USB Modelo 014,"Cable USB TechPro, modelo 014, producto para uso general.",317.75,51,1,2026-05-04 09:00:00,2026-05-07 18:00:00
2022,SKU-02022,TechPro Smartwatch Modelo 015,"Smartwatch TechPro, modelo 015, producto para uso general.",3459.18,68,1,2026-05-05 09:00:00,2026-05-09 19:00:00
2023,SKU-02023,TechPro Teclado mecánico Modelo 016,"Teclado mecánico TechPro, modelo 016, producto para uso general.",1660.54,85,1,2026-05-06 09:00:00,2026-05-11 20:00:00
2024,SKU-02024,TechPro Silla de oficina Modelo 017,"Silla de oficina TechPro, modelo 017, producto para uso general.",4561.92,102,1,2026-05-07 09:00:00,2026-05-13 09:00:00
2025,SKU-02025,TechPro Mochila Modelo 018,"Mochila TechPro, modelo 018, producto para uso general.",1463.28,119,1,2026-05-08 09:00:00,2026-05-15 10:00:00
2026,SKU-02026,TechPro Cámara Modelo 019,"Cámara TechPro, modelo 019, producto para uso general.",6264.66,136,1,2026-05-09 09:00:00,2026-05-17 11:00:00
2027,SKU-02027,TechPro Micrófono Modelo 020,"Micrófono TechPro, modelo 020, producto para uso general.",3666.03,153,1,2026-05-10 09:00:00,2026-05-19 12:00:00
2028,SKU-02028,Nova Laptop Modelo 021,"Laptop Nova, modelo 021, producto para uso general.",11267.40,170,1,2026-05-11 09:00:00,2026-05-21 13:00:00
2029,SKU-02029,Nova Mouse Modelo 022,"Mouse Nova, modelo 022, producto para uso general.",788.74,187,1,2026-05-12 09:00:00,2026-05-23 14:00:00
2030,SKU-02030,Nova Teclado Modelo 023,"Teclado Nova, modelo 023, producto para uso general.",1570.13,3,1,2026-05-13 09:00:00,2026-05-25 15:00:00
2031,SKU-02031,Nova Monitor Modelo 024,"Monitor Nova, modelo 024, producto para uso general.",5271.51,20,1,2026-05-14 09:00:00,2026-05-27 16:00:00
2032,SKU-02032,Nova Audífonos Modelo 025,"Audífonos Nova, modelo 025, producto para uso general.",972.87,37,1,2026-05-15 09:00:00,2026-05-29 17:00:00
2033,SKU-02033,Nova Webcam Modelo 026,"Webcam Nova, modelo 026, producto para uso general.",1574.24,54,1,2026-05-16 09:00:00,2026-05-31 18:00:00
2034,SKU-02034,Nova Memoria USB Modelo 027,"Memoria USB Nova, modelo 027, producto para uso general.",245.57,71,1,2026-05-17 09:00:00,2026-06-02 19:00:00
2035,SKU-02035,Nova Disco SSD Modelo 028,"Disco SSD Nova, modelo 028, producto para uso general.",3676.99,88,1,2026-05-18 09:00:00,2026-06-04 20:00:00
2036,SKU-02036,Nova Router Modelo 029,"Router Nova, modelo 029, producto para uso general.",3378.36,105,1,2026-05-19 09:00:00,2026-06-06 09:00:00
2037,SKU-02037,Nova Impresora Modelo 030,"Impresora Nova, modelo 030, producto para uso general.",4579.73,122,1,2026-05-20 09:00:00,2026-06-08 10:00:00
2038,SKU-02038,Nova Bocina Bluetooth Modelo 031,"Bocina Bluetooth Nova, modelo 031, producto para uso general.",881.09,139,1,2026-05-21 09:00:00,2026-06-10 11:00:00
2039,SKU-02039,Nova Tablet Modelo 032,"Tablet Nova, modelo 032, producto para uso general.",5282.47,156,1,2026-05-22 09:00:00,2026-06-12 12:00:00
2040,SKU-02040,Nova Cargador Modelo 033,"Cargador Nova, modelo 033, producto para uso general.",923.82,173,1,2026-05-23 09:00:00,2026-06-14 13:00:00
2041,SKU-02041,Nova Cable USB Modelo 034,"Cable USB Nova, modelo 034, producto para uso general.",345.15,190,1,2026-05-24 09:00:00,2026-06-16 14:00:00
2042,SKU-02042,Nova Smartwatch Modelo 035,"Smartwatch Nova, modelo 035, producto para uso general.",3486.58,6,1,2026-05-25 09:00:00,2026-06-18 15:00:00
2043,SKU-02043,Nova Teclado mecánico Modelo 036,"Teclado mecánico Nova, modelo 036, producto para uso general.",1687.94,23,1,2026-05-26 09:00:00,2026-06-20 16:00:00
2044,SKU-02044,Nova Silla de oficina Modelo 037,"Silla de oficina Nova, modelo 037, producto para uso general.",4589.32,40,1,2026-05-27 09:00:00,2026-06-22 17:00:00
2045,SKU-02045,Nova Mochila Modelo 038,"Mochila Nova, modelo 038, producto para uso general.",1490.68,57,1,2026-05-28 09:00:00,2026-06-24 18:00:00
2046,SKU-02046,Nova Cámara Modelo 039,"Cámara Nova, modelo 039, producto para uso general.",6292.06,74,1,2026-05-29 09:00:00,2026-06-26 19:00:00
2047,SKU-02047,Nova Micrófono Modelo 040,"Micrófono Nova, modelo 040, producto para uso general.",3693.43,91,1,2026-05-30 09:00:00,2026-06-28 20:00:00
2048,SKU-02048,MaxiTech Laptop Modelo 041,"Laptop MaxiTech, modelo 041, producto para uso general.",11294.80,108,1,2026-05-31 09:00:00,2026-05-31 09:00:00
2049,SKU-02049,MaxiTech Mouse Modelo 042,"Mouse MaxiTech, modelo 042, producto para uso general.",816.14,125,1,2026-06-01 09:00:00,2026-06-02 10:00:00
2050,SKU-02050,MaxiTech Teclado Modelo 043,"Teclado MaxiTech, modelo 043, producto para uso general.",1597.53,142,1,2026-06-02 09:00:00,2026-06-04 11:00:00
2051,SKU-02051,MaxiTech Monitor Modelo 044,"Monitor MaxiTech, modelo 044, producto para uso general.",5298.91,159,1,2026-06-03 09:00:00,2026-06-06 12:00:00
2052,SKU-02052,MaxiTech Audífonos Modelo 045,"Audífonos MaxiTech, modelo 045, producto para uso general.",1000.27,176,1,2026-06-04 09:00:00,2026-06-08 13:00:00
2053,SKU-02053,MaxiTech Webcam Modelo 046,"Webcam MaxiTech, modelo 046, producto para uso general.",1601.64,193,1,2026-06-05 09:00:00,2026-06-10 14:00:00
2054,SKU-02054,MaxiTech Memoria USB Modelo 047,"Memoria USB MaxiTech, modelo 047, producto para uso general.",272.97,9,1,2026-06-06 09:00:00,2026-06-12 15:00:00
2055,SKU-02055,MaxiTech Disco SSD Modelo 048,"Disco SSD MaxiTech, modelo 048, producto para uso general.",3704.39,26,1,2026-06-07 09:00:00,2026-06-14 16:00:00
2056,SKU-02056,MaxiTech Router Modelo 049,"Router MaxiTech, modelo 049, producto para uso general.",3405.76,43,1,2026-06-08 09:00:00,2026-06-16 17:00:00
2057,SKU-02057,MaxiTech Impresora Modelo 050,"Impresora MaxiTech, modelo 050, producto para uso general.",4607.13,60,1,2026-06-09 09:00:00,2026-06-18 18:00:00
2058,SKU-02058,MaxiTech Bocina Bluetooth Modelo 051,"Bocina Bluetooth MaxiTech, modelo 051, producto para uso general.",908.49,77,1,2026-06-10 09:00:00,2026-06-20 19:00:00
2059,SKU-02059,MaxiTech Tablet Modelo 052,"Tablet MaxiTech, modelo 052, producto para uso general.",5309.87,94,1,2026-06-11 09:00:00,2026-06-22 20:00:00
2060,SKU-02060,MaxiTech Cargador Modelo 053,"Cargador MaxiTech, modelo 053, producto para uso general.",951.22,111,1,2026-06-12 09:00:00,2026-06-24 09:00:00
2061,SKU-02061,MaxiTech Cable USB Modelo 054,"Cable USB MaxiTech, modelo 054, producto para uso general.",372.55,128,1,2026-06-13 09:00:00,2026-06-26 10:00:00
2062,SKU-02062,MaxiTech Smartwatch Modelo 055,"Smartwatch MaxiTech, modelo 055, producto para uso general.",3513.98,145,1,2026-06-14 09:00:00,2026-06-28 11:00:00
2063,SKU-02063,MaxiTech Teclado mecánico Modelo 056,"Teclado mecánico MaxiTech, modelo 056, producto para uso general.",1715.34,162,1,2026-06-15 09:00:00,2026-06-30 12:00:00
2064,SKU-02064,MaxiTech Silla de oficina Modelo 057,"Silla de oficina MaxiTech, modelo 057, producto para uso general.",4616.72,179,1,2026-06-16 09:00:00,2026-07-02 13:00:00
2065,SKU-02065,MaxiTech Mochila Modelo 058,"Mochila MaxiTech, modelo 058, producto para uso general.",1518.08,196,1,2026-06-17 09:00:00,2026-07-04 14:00:00
2066,SKU-02066,MaxiTech Cámara Modelo 059,"Cámara MaxiTech, modelo 059, producto para uso general.",6319.46,12,1,2026-06-18 09:00:00,2026-07-06 15:00:00
2067,SKU-02067,MaxiTech Micrófono Modelo 060,"Micrófono MaxiTech, modelo 060, producto para uso general.",3720.83,29,1,2026-06-19 09:00:00,2026-07-08 16:00:00
2068,SKU-02068,DigitalX Laptop Modelo 061,"Laptop DigitalX, modelo 061, producto para uso general.",11322.20,46,1,2026-06-20 09:00:00,2026-07-10 17:00:00
2069,SKU-02069,DigitalX Mouse Modelo 062,"Mouse DigitalX, modelo 062, producto para uso general.",843.54,63,1,2026-06-21 09:00:00,2026-07-12 18:00:00
2070,SKU-02070,DigitalX Teclado Modelo 063,"Teclado DigitalX, modelo 063, producto para uso general.",1624.93,80,1,2026-06-22 09:00:00,2026-07-14 19:00:00
2071,SKU-02071,DigitalX Monitor Modelo 064,"Monitor DigitalX, modelo 064, producto para uso general.",5326.31,97,1,2026-06-23 09:00:00,2026-07-16 20:00:00
2072,SKU-02072,DigitalX Audífonos Modelo 065,"Audífonos DigitalX, modelo 065, producto para uso general.",1027.67,114,1,2026-06-24 09:00:00,2026-07-18 09:00:00
2073,SKU-02073,DigitalX Webcam Modelo 066,"Webcam DigitalX, modelo 066, producto para uso general.",1629.04,131,1,2026-06-25 09:00:00,2026-07-20 10:00:00
2074,SKU-02074,DigitalX Memoria USB Modelo 067,"Memoria USB DigitalX, modelo 067, producto para uso general.",300.37,148,1,2026-06-26 09:00:00,2026-07-22 11:00:00
2075,SKU-02075,DigitalX Disco SSD Modelo 068,"Disco SSD DigitalX, modelo 068, producto para uso general.",3731.79,165,1,2026-06-27 09:00:00,2026-07-24 12:00:00
2076,SKU-02076,DigitalX Router Modelo 069,"Router DigitalX, modelo 069, producto para uso general.",3433.16,182,1,2026-06-28 09:00:00,2026-07-26 13:00:00
2077,SKU-02077,DigitalX Impresora Modelo 070,"Impresora DigitalX, modelo 070, producto para uso general.",4634.53,199,1,2026-06-29 09:00:00,2026-07-28 14:00:00
2078,SKU-02078,DigitalX Bocina Bluetooth Modelo 071,"Bocina Bluetooth DigitalX, modelo 071, producto para uso general.",935.89,15,1,2026-06-30 09:00:00,2026-06-30 15:00:00
2079,SKU-02079,DigitalX Tablet Modelo 072,"Tablet DigitalX, modelo 072, producto para uso general.",5337.27,32,1,2026-07-01 09:00:00,2026-07-02 16:00:00
2080,SKU-02080,DigitalX Cargador Modelo 073,"Cargador DigitalX, modelo 073, producto para uso general.",978.62,49,1,2026-07-02 09:00:00,2026-07-04 17:00:00
2081,SKU-02081,DigitalX Cable USB Modelo 074,"Cable USB DigitalX, modelo 074, producto para uso general.",399.95,66,1,2026-07-03 09:00:00,2026-07-06 18:00:00
2082,SKU-02082,DigitalX Smartwatch Modelo 075,"Smartwatch DigitalX, modelo 075, producto para uso general.",3541.38,83,1,2026-07-04 09:00:00,2026-07-08 19:00:00
2083,SKU-02083,DigitalX Teclado mecánico Modelo 076,"Teclado mecánico DigitalX, modelo 076, producto para uso general.",1742.74,100,1,2026-07-05 09:00:00,2026-07-10 20:00:00
2084,SKU-02084,DigitalX Silla de oficina Modelo 077,"Silla de oficina DigitalX, modelo 077, producto para uso general.",4644.12,117,1,2026-07-06 09:00:00,2026-07-12 09:00:00
2085,SKU-02085,DigitalX Mochila Modelo 078,"Mochila DigitalX, modelo 078, producto para uso general.",1545.48,134,1,2026-07-07 09:00:00,2026-07-14 10:00:00
2086,SKU-02086,DigitalX Cámara Modelo 079,"Cámara DigitalX, modelo 079, producto para uso general.",6346.86,151,1,2026-07-08 09:00:00,2026-07-16 11:00:00
2087,SKU-02087,DigitalX Micrófono Modelo 080,"Micrófono DigitalX, modelo 080, producto para uso general.",3748.23,168,1,2026-07-09 09:00:00,2026-07-18 12:00:00
2088,SKU-02088,SmartOne Laptop Modelo 081,"Laptop SmartOne, modelo 081, producto para uso general.",11349.60,185,1,2026-07-10 09:00:00,2026-07-20 13:00:00
2089,SKU-02089,SmartOne Mouse Modelo 082,"Mouse SmartOne, modelo 082, producto para uso general.",870.94,1,1,2026-07-11 09:00:00,2026-07-22 14:00:00
2090,SKU-02090,SmartOne Teclado Modelo 083,"Teclado SmartOne, modelo 083, producto para uso general.",1652.33,18,1,2026-07-12 09:00:00,2026-07-24 15:00:00
2091,SKU-02091,SmartOne Monitor Modelo 084,"Monitor SmartOne, modelo 084, producto para uso general.",5353.71,35,1,2026-07-13 09:00:00,2026-07-26 16:00:00
2092,SKU-02092,SmartOne Audífonos Modelo 085,"Audífonos SmartOne, modelo 085, producto para uso general.",1055.07,52,1,2026-07-14 09:00:00,2026-07-28 17:00:00
2093,SKU-02093,SmartOne Webcam Modelo 086,"Webcam SmartOne, modelo 086, producto para uso general.",1656.44,69,1,2026-07-15 09:00:00,2026-07-30 18:00:00
2094,SKU-02094,SmartOne Memoria USB Modelo 087,"Memoria USB SmartOne, modelo 087, producto para uso general.",327.77,86,1,2026-07-16 09:00:00,2026-08-01 19:00:00
2095,SKU-02095,SmartOne Disco SSD Modelo 088,"Disco SSD SmartOne, modelo 088, producto para uso general.",3759.19,103,1,2026-07-17 09:00:00,2026-08-03 20:00:00
2096,SKU-02096,SmartOne Router Modelo 089,"Router SmartOne, modelo 089, producto para uso general.",3460.56,120,1,2026-07-18 09:00:00,2026-08-05 09:00:00
2097,SKU-02097,SmartOne Impresora Modelo 090,"Impresora SmartOne, modelo 090, producto para uso general.",4661.93,137,1,2026-07-19 09:00:00,2026-08-07 10:00:00
2098,SKU-02098,SmartOne Bocina Bluetooth Modelo 091,"Bocina Bluetooth SmartOne, modelo 091, producto para uso general.",963.29,154,1,2026-07-20 09:00:00,2026-08-09 11:00:00
2099,SKU-02099,SmartOne Tablet Modelo 092,"Tablet SmartOne, modelo 092, producto para uso general.",5364.67,171,1,2026-07-21 09:00:00,2026-08-11 12:00:00
2100,SKU-02100,SmartOne Cargador Modelo 093,"Cargador SmartOne, modelo 093, producto para uso general.",1006.02,188,1,2026-07-22 09:00:00,2026-08-13 13:00:00
2101,SKU-02101,SmartOne Cable USB Modelo 094,"Cable USB SmartOne, modelo 094, producto para uso general.",427.35,4,1,2026-07-23 09:00:00,2026-08-15 14:00:00
2102,SKU-02102,SmartOne Smartwatch Modelo 095,"Smartwatch SmartOne, modelo 095, producto para uso general.",3568.78,21,1,2026-07-24 09:00:00,2026-08-17 15:00:00
2103,SKU-02103,SmartOne Teclado mecánico Modelo 096,"Teclado mecánico SmartOne, modelo 096, producto para uso general.",1770.14,38,1,2026-07-25 09:00:00,2026-08-19 16:00:00
2104,SKU-02104,SmartOne Silla de oficina Modelo 097,"Silla de oficina SmartOne, modelo 097, producto para uso general.",4671.52,55,1,2026-07-26 09:00:00,2026-08-21 17:00:00
2105,SKU-02105,SmartOne Mochila Modelo 098,"Mochila SmartOne, modelo 098, producto para uso general.",1572.88,72,1,2026-07-27 09:00:00,2026-08-23 18:00:00
2106,SKU-02106,SmartOne Cámara Modelo 099,"Cámara SmartOne, modelo 099, producto para uso general.",6374.26,89,1,2026-07-28 09:00:00,2026-08-25 19:00:00
2107,SKU-02107,SmartOne Micrófono Modelo 100,"Micrófono SmartOne, modelo 100, producto para uso general.",3775.63,106,1,2026-07-29 09:00:00,2026-08-27 20:00:00
2108,SKU-02108,ProLine Laptop Modelo 101,"Laptop ProLine, modelo 101, producto para uso general.",11377.00,123,1,2026-07-30 09:00:00,2026-07-30 09:00:00
2109,SKU-02109,ProLine Mouse Modelo 102,"Mouse ProLine, modelo 102, producto para uso general.",898.34,140,1,2026-07-31 09:00:00,2026-08-01 10:00:00
2110,SKU-02110,ProLine Teclado Modelo 103,"Teclado ProLine, modelo 103, producto para uso general.",1679.73,157,1,2026-08-01 09:00:00,2026-08-03 11:00:00
2111,SKU-02111,ProLine Monitor Modelo 104,"Monitor ProLine, modelo 104, producto para uso general.",5381.11,174,1,2026-08-02 09:00:00,2026-08-05 12:00:00
2112,SKU-02112,ProLine Audífonos Modelo 105,"Audífonos ProLine, modelo 105, producto para uso general.",1082.47,191,1,2026-08-03 09:00:00,2026-08-07 13:00:00
2113,SKU-02113,ProLine Webcam Modelo 106,"Webcam ProLine, modelo 106, producto para uso general.",1683.84,7,1,2026-08-04 09:00:00,2026-08-09 14:00:00
2114,SKU-02114,ProLine Memoria USB Modelo 107,"Memoria USB ProLine, modelo 107, producto para uso general.",355.17,24,1,2026-08-05 09:00:00,2026-08-11 15:00:00
2115,SKU-02115,ProLine Disco SSD Modelo 108,"Disco SSD ProLine, modelo 108, producto para uso general.",3786.59,41,1,2026-08-06 09:00:00,2026-08-13 16:00:00
2116,SKU-02116,ProLine Router Modelo 109,"Router ProLine, modelo 109, producto para uso general.",3487.96,58,1,2026-08-07 09:00:00,2026-08-15 17:00:00
2117,SKU-02117,ProLine Impresora Modelo 110,"Impresora ProLine, modelo 110, producto para uso general.",4689.33,75,1,2026-08-08 09:00:00,2026-08-17 18:00:00
2118,SKU-02118,ProLine Bocina Bluetooth Modelo 111,"Bocina Bluetooth ProLine, modelo 111, producto para uso general.",990.69,92,1,2026-08-09 09:00:00,2026-08-19 19:00:00
2119,SKU-02119,ProLine Tablet Modelo 112,"Tablet ProLine, modelo 112, producto para uso general.",5392.07,109,1,2026-08-10 09:00:00,2026-08-21 20:00:00
2120,SKU-02120,ProLine Cargador Modelo 113,"Cargador ProLine, modelo 113, producto para uso general.",1033.42,126,1,2026-08-11 09:00:00,2026-08-23 09:00:00
2121,SKU-02121,ProLine Cable USB Modelo 114,"Cable USB ProLine, modelo 114, producto para uso general.",454.75,143,1,2026-08-12 09:00:00,2026-08-25 10:00:00
2122,SKU-02122,ProLine Smartwatch Modelo 115,"Smartwatch ProLine, modelo 115, producto para uso general.",3596.18,160,1,2026-08-13 09:00:00,2026-08-27 11:00:00
2123,SKU-02123,ProLine Teclado mecánico Modelo 116,"Teclado mecánico ProLine, modelo 116, producto para uso general.",1797.54,177,1,2026-08-14 09:00:00,2026-08-29 12:00:00
2124,SKU-02124,ProLine Silla de oficina Modelo 117,"Silla de oficina ProLine, modelo 117, producto para uso general.",4698.92,194,1,2026-08-15 09:00:00,2026-08-31 13:00:00
2125,SKU-02125,ProLine Mochila Modelo 118,"Mochila ProLine, modelo 118, producto para uso general.",1600.28,10,1,2026-08-16 09:00:00,2026-09-02 14:00:00
2126,SKU-02126,ProLine Cámara Modelo 119,"Cámara ProLine, modelo 119, producto para uso general.",6401.66,27,1,2026-08-17 09:00:00,2026-09-04 15:00:00
2127,SKU-02127,ProLine Micrófono Modelo 120,"Micrófono ProLine, modelo 120, producto para uso general.",3803.03,44,1,2026-08-18 09:00:00,2026-09-06 16:00:00
2128,SKU-02128,Ultra Laptop Modelo 121,"Laptop Ultra, modelo 121, producto para uso general.",11404.40,61,1,2026-08-19 09:00:00,2026-09-08 17:00:00
2129,SKU-02129,Ultra Mouse Modelo 122,"Mouse Ultra, modelo 122, producto para uso general.",205.73,78,1,2026-08-20 09:00:00,2026-09-10 18:00:00
2130,SKU-02130,Ultra Teclado Modelo 123,"Teclado Ultra, modelo 123, producto para uso general.",1707.13,95,1,2026-08-21 09:00:00,2026-09-12 19:00:00
2131,SKU-02131,Ultra Monitor Modelo 124,"Monitor Ultra, modelo 124, producto para uso general.",5408.51,112,1,2026-08-22 09:00:00,2026-09-14 20:00:00
2132,SKU-02132,Ultra Audífonos Modelo 125,"Audífonos Ultra, modelo 125, producto para uso general.",1109.87,129,1,2026-08-23 09:00:00,2026-09-16 09:00:00
2133,SKU-02133,Ultra Webcam Modelo 126,"Webcam Ultra, modelo 126, producto para uso general.",1711.24,146,1,2026-08-24 09:00:00,2026-09-18 10:00:00
2134,SKU-02134,Ultra Memoria USB Modelo 127,"Memoria USB Ultra, modelo 127, producto para uso general.",382.57,163,1,2026-08-25 09:00:00,2026-09-20 11:00:00
2135,SKU-02135,Ultra Disco SSD Modelo 128,"Disco SSD Ultra, modelo 128, producto para uso general.",3813.99,180,1,2026-08-26 09:00:00,2026-09-22 12:00:00
2136,SKU-02136,Ultra Router Modelo 129,"Router Ultra, modelo 129, producto para uso general.",615.35,197,1,2026-08-27 09:00:00,2026-09-24 13:00:00
2137,SKU-02137,Ultra Impresora Modelo 130,"Impresora Ultra, modelo 130, producto para uso general.",4716.73,13,1,2026-08-28 09:00:00,2026-09-26 14:00:00
2138,SKU-02138,Ultra Bocina Bluetooth Modelo 131,"Bocina Bluetooth Ultra, modelo 131, producto para uso general.",1018.09,30,1,2026-08-29 09:00:00,2026-08-29 15:00:00
2139,SKU-02139,Ultra Tablet Modelo 132,"Tablet Ultra, modelo 132, producto para uso general.",5419.47,47,1,2026-08-30 09:00:00,2026-08-31 16:00:00
2140,SKU-02140,Ultra Cargador Modelo 133,"Cargador Ultra, modelo 133, producto para uso general.",1060.82,64,1,2026-08-31 09:00:00,2026-09-02 17:00:00
2141,SKU-02141,Ultra Cable USB Modelo 134,"Cable USB Ultra, modelo 134, producto para uso general.",482.15,81,1,2026-09-01 09:00:00,2026-09-04 18:00:00
2142,SKU-02142,Ultra Smartwatch Modelo 135,"Smartwatch Ultra, modelo 135, producto para uso general.",3623.58,98,1,2026-09-02 09:00:00,2026-09-06 19:00:00
2143,SKU-02143,Ultra Teclado mecánico Modelo 136,"Teclado mecánico Ultra, modelo 136, producto para uso general.",1824.94,115,1,2026-09-03 09:00:00,2026-09-08 20:00:00
2144,SKU-02144,Ultra Silla de oficina Modelo 137,"Silla de oficina Ultra, modelo 137, producto para uso general.",4726.32,132,1,2026-09-04 09:00:00,2026-09-10 09:00:00
2145,SKU-02145,Ultra Mochila Modelo 138,"Mochila Ultra, modelo 138, producto para uso general.",1627.68,149,1,2026-09-05 09:00:00,2026-09-12 10:00:00
2146,SKU-02146,Ultra Cámara Modelo 139,"Cámara Ultra, modelo 139, producto para uso general.",6429.06,166,1,2026-09-06 09:00:00,2026-09-14 11:00:00
2147,SKU-02147,Ultra Micrófono Modelo 140,"Micrófono Ultra, modelo 140, producto para uso general.",3830.43,183,1,2026-09-07 09:00:00,2026-09-16 12:00:00
2148,SKU-02148,Vision Laptop Modelo 141,"Laptop Vision, modelo 141, producto para uso general.",11431.80,200,1,2026-09-08 09:00:00,2026-09-18 13:00:00
2149,SKU-02149,Vision Mouse Modelo 142,"Mouse Vision, modelo 142, producto para uso general.",233.13,16,1,2026-09-09 09:00:00,2026-09-20 14:00:00
2150,SKU-02150,Vision Teclado Modelo 143,"Teclado Vision, modelo 143, producto para uso general.",1734.53,33,1,2026-09-10 09:00:00,2026-09-22 15:00:00
2151,SKU-02151,Vision Monitor Modelo 144,"Monitor Vision, modelo 144, producto para uso general.",5435.91,50,1,2026-09-11 09:00:00,2026-09-24 16:00:00
2152,SKU-02152,Vision Audífonos Modelo 145,"Audífonos Vision, modelo 145, producto para uso general.",1137.27,67,1,2026-09-12 09:00:00,2026-09-26 17:00:00
2153,SKU-02153,Vision Webcam Modelo 146,"Webcam Vision, modelo 146, producto para uso general.",1738.64,84,1,2026-09-13 09:00:00,2026-09-28 18:00:00
2154,SKU-02154,Vision Memoria USB Modelo 147,"Memoria USB Vision, modelo 147, producto para uso general.",409.97,101,1,2026-09-14 09:00:00,2026-09-30 19:00:00
2155,SKU-02155,Vision Disco SSD Modelo 148,"Disco SSD Vision, modelo 148, producto para uso general.",3841.39,118,1,2026-09-15 09:00:00,2026-10-02 20:00:00
2156,SKU-02156,Vision Router Modelo 149,"Router Vision, modelo 149, producto para uso general.",642.75,135,1,2026-09-16 09:00:00,2026-10-04 09:00:00
2157,SKU-02157,Vision Impresora Modelo 150,"Impresora Vision, modelo 150, producto para uso general.",4744.13,152,1,2026-09-17 09:00:00,2026-10-06 10:00:00
2158,SKU-02158,Vision Bocina Bluetooth Modelo 151,"Bocina Bluetooth Vision, modelo 151, producto para uso general.",1045.49,169,1,2026-09-18 09:00:00,2026-10-08 11:00:00
2159,SKU-02159,Vision Tablet Modelo 152,"Tablet Vision, modelo 152, producto para uso general.",5446.87,186,1,2026-09-19 09:00:00,2026-10-10 12:00:00
2160,SKU-02160,Vision Cargador Modelo 153,"Cargador Vision, modelo 153, producto para uso general.",1088.22,2,1,2026-09-20 09:00:00,2026-10-12 13:00:00
2161,SKU-02161,Vision Cable USB Modelo 154,"Cable USB Vision, modelo 154, producto para uso general.",89.54,19,1,2026-09-21 09:00:00,2026-10-14 14:00:00
2162,SKU-02162,Vision Smartwatch Modelo 155,"Smartwatch Vision, modelo 155, producto para uso general.",3650.98,36,1,2026-09-22 09:00:00,2026-10-16 15:00:00
2163,SKU-02163,Vision Teclado mecánico Modelo 156,"Teclado mecánico Vision, modelo 156, producto para uso general.",1852.34,53,1,2026-09-23 09:00:00,2026-10-18 16:00:00
2164,SKU-02164,Vision Silla de oficina Modelo 157,"Silla de oficina Vision, modelo 157, producto para uso general.",4753.72,70,1,2026-09-24 09:00:00,2026-10-20 17:00:00
2165,SKU-02165,Vision Mochila Modelo 158,"Mochila Vision, modelo 158, producto para uso general.",1655.08,87,1,2026-09-25 09:00:00,2026-10-22 18:00:00
2166,SKU-02166,Vision Cámara Modelo 159,"Cámara Vision, modelo 159, producto para uso general.",6456.46,104,1,2026-09-26 09:00:00,2026-10-24 19:00:00
2167,SKU-02167,Vision Micrófono Modelo 160,"Micrófono Vision, modelo 160, producto para uso general.",3857.83,121,1,2026-09-27 09:00:00,2026-10-26 20:00:00
2168,SKU-02168,Connect Laptop Modelo 161,"Laptop Connect, modelo 161, producto para uso general.",11459.20,138,1,2026-01-01 09:00:00,2026-01-01 09:00:00
2169,SKU-02169,Connect Mouse Modelo 162,"Mouse Connect, modelo 162, producto para uso general.",260.53,155,1,2026-01-02 09:00:00,2026-01-03 10:00:00
2170,SKU-02170,Connect Teclado Modelo 163,"Teclado Connect, modelo 163, producto para uso general.",1761.93,172,1,2026-01-03 09:00:00,2026-01-05 11:00:00
2171,SKU-02171,Connect Monitor Modelo 164,"Monitor Connect, modelo 164, producto para uso general.",5463.31,189,1,2026-01-04 09:00:00,2026-01-07 12:00:00
2172,SKU-02172,Connect Audífonos Modelo 165,"Audífonos Connect, modelo 165, producto para uso general.",1164.67,5,1,2026-01-05 09:00:00,2026-01-09 13:00:00
2173,SKU-02173,Connect Webcam Modelo 166,"Webcam Connect, modelo 166, producto para uso general.",1766.04,22,1,2026-01-06 09:00:00,2026-01-11 14:00:00
2174,SKU-02174,Connect Memoria USB Modelo 167,"Memoria USB Connect, modelo 167, producto para uso general.",437.37,39,1,2026-01-07 09:00:00,2026-01-13 15:00:00
2175,SKU-02175,Connect Disco SSD Modelo 168,"Disco SSD Connect, modelo 168, producto para uso general.",3868.79,56,1,2026-01-08 09:00:00,2026-01-15 16:00:00
2176,SKU-02176,Connect Router Modelo 169,"Router Connect, modelo 169, producto para uso general.",670.15,73,1,2026-01-09 09:00:00,2026-01-17 17:00:00
2177,SKU-02177,Connect Impresora Modelo 170,"Impresora Connect, modelo 170, producto para uso general.",4771.53,90,1,2026-01-10 09:00:00,2026-01-19 18:00:00
2178,SKU-02178,Connect Bocina Bluetooth Modelo 171,"Bocina Bluetooth Connect, modelo 171, producto para uso general.",1072.89,107,1,2026-01-11 09:00:00,2026-01-21 19:00:00
2179,SKU-02179,Connect Tablet Modelo 172,"Tablet Connect, modelo 172, producto para uso general.",5474.27,124,1,2026-01-12 09:00:00,2026-01-23 20:00:00
2180,SKU-02180,Connect Cargador Modelo 173,"Cargador Connect, modelo 173, producto para uso general.",1115.62,141,1,2026-01-13 09:00:00,2026-01-25 09:00:00
2181,SKU-02181,Connect Cable USB Modelo 174,"Cable USB Connect, modelo 174, producto para uso general.",116.94,158,1,2026-01-14 09:00:00,2026-01-27 10:00:00
2182,SKU-02182,Connect Smartwatch Modelo 175,"Smartwatch Connect, modelo 175, producto para uso general.",3678.38,175,1,2026-01-15 09:00:00,2026-01-29 11:00:00
2183,SKU-02183,Connect Teclado mecánico Modelo 176,"Teclado mecánico Connect, modelo 176, producto para uso general.",1879.74,192,1,2026-01-16 09:00:00,2026-01-31 12:00:00
2184,SKU-02184,Connect Silla de oficina Modelo 177,"Silla de oficina Connect, modelo 177, producto para uso general.",4781.12,8,1,2026-01-17 09:00:00,2026-02-02 13:00:00
2185,SKU-02185,Connect Mochila Modelo 178,"Mochila Connect, modelo 178, producto para uso general.",1682.48,25,1,2026-01-18 09:00:00,2026-02-04 14:00:00
2186,SKU-02186,Connect Cámara Modelo 179,"Cámara Connect, modelo 179, producto para uso general.",6483.86,42,1,2026-01-19 09:00:00,2026-02-06 15:00:00
2187,SKU-02187,Connect Micrófono Modelo 180,"Micrófono Connect, modelo 180, producto para uso general.",3885.23,59,1,2026-01-20 09:00:00,2026-02-08 16:00:00
2188,SKU-02188,Advance Laptop Modelo 181,"Laptop Advance, modelo 181, producto para uso general.",11486.60,76,1,2026-01-21 09:00:00,2026-02-10 17:00:00
2189,SKU-02189,Advance Mouse Modelo 182,"Mouse Advance, modelo 182, producto para uso general.",287.93,93,1,2026-01-22 09:00:00,2026-02-12 18:00:00
2190,SKU-02190,Advance Teclado Modelo 183,"Teclado Advance, modelo 183, producto para uso general.",1789.33,110,1,2026-01-23 09:00:00,2026-02-14 19:00:00
2191,SKU-02191,Advance Monitor Modelo 184,"Monitor Advance, modelo 184, producto para uso general.",5490.71,127,1,2026-01-24 09:00:00,2026-02-16 20:00:00
2192,SKU-02192,Advance Audífonos Modelo 185,"Audífonos Advance, modelo 185, producto para uso general.",1192.07,144,1,2026-01-25 09:00:00,2026-02-18 09:00:00
2193,SKU-02193,Advance Webcam Modelo 186,"Webcam Advance, modelo 186, producto para uso general.",1793.44,161,1,2026-01-26 09:00:00,2026-02-20 10:00:00
2194,SKU-02194,Advance Memoria USB Modelo 187,"Memoria USB Advance, modelo 187, producto para uso general.",464.77,178,1,2026-01-27 09:00:00,2026-02-22 11:00:00
2195,SKU-02195,Advance Disco SSD Modelo 188,"Disco SSD Advance, modelo 188, producto para uso general.",3896.19,195,1,2026-01-28 09:00:00,2026-02-24 12:00:00
2196,SKU-02196,Advance Router Modelo 189,"Router Advance, modelo 189, producto para uso general.",697.55,11,1,2026-01-29 09:00:00,2026-02-26 13:00:00
2197,SKU-02197,Advance Impresora Modelo 190,"Impresora Advance, modelo 190, producto para uso general.",4798.93,28,1,2026-01-30 09:00:00,2026-02-28 14:00:00
2198,SKU-02198,Advance Bocina Bluetooth Modelo 191,"Bocina Bluetooth Advance, modelo 191, producto para uso general.",1100.29,45,1,2026-01-31 09:00:00,2026-01-31 15:00:00
2199,SKU-02199,Advance Tablet Modelo 192,"Tablet Advance, modelo 192, producto para uso general.",5501.67,62,1,2026-02-01 09:00:00,2026-02-02 16:00:00
2200,SKU-02200,Advance Cargador Modelo 193,"Cargador Advance, modelo 193, producto para uso general.",1143.02,79,1,2026-02-02 09:00:00,2026-02-04 17:00:00
2201,SKU-02201,Advance Cable USB Modelo 194,"Cable USB Advance, modelo 194, producto para uso general.",144.34,96,1,2026-02-03 09:00:00,2026-02-06 18:00:00
2202,SKU-02202,Advance Smartwatch Modelo 195,"Smartwatch Advance, modelo 195, producto para uso general.",3705.78,113,1,2026-02-04 09:00:00,2026-02-08 19:00:00
2203,SKU-02203,Advance Teclado mecánico Modelo 196,"Teclado mecánico Advance, modelo 196, producto para uso general.",1907.14,130,1,2026-02-05 09:00:00,2026-02-10 20:00:00
2204,SKU-02204,Advance Silla de oficina Modelo 197,"Silla de oficina Advance, modelo 197, producto para uso general.",4808.52,147,1,2026-02-06 09:00:00,2026-02-12 09:00:00
2205,SKU-02205,Advance Mochila Modelo 198,"Mochila Advance, modelo 198, producto para uso general.",1709.88,164,1,2026-02-07 09:00:00,2026-02-14 10:00:00
2206,SKU-02206,Advance Cámara Modelo 199,"Cámara Advance, modelo 199, producto para uso general.",6511.26,181,1,2026-02-08 09:00:00,2026-02-16 11:00:00
2207,SKU-02207,Advance Micrófono Modelo 200,"Micrófono Advance, modelo 200, producto para uso general.",3912.63,198,1,2026-02-09 09:00:00,2026-02-18 12:00:00
2208,SKU-02208,TechPro Laptop Modelo 201,"Laptop TechPro, modelo 201, producto para uso general.",11514.00,14,1,2026-02-10 09:00:00,2026-02-20 13:00:00
2209,SKU-02209,TechPro Mouse Modelo 202,"Mouse TechPro, modelo 202, producto para uso general.",315.33,31,1,2026-02-11 09:00:00,2026-02-22 14:00:00
2210,SKU-02210,TechPro Teclado Modelo 203,"Teclado TechPro, modelo 203, producto para uso general.",316.72,48,1,2026-02-12 09:00:00,2026-02-24 15:00:00
2211,SKU-02211,TechPro Monitor Modelo 204,"Monitor TechPro, modelo 204, producto para uso general.",5518.11,65,1,2026-02-13 09:00:00,2026-02-26 16:00:00
2212,SKU-02212,TechPro Audífonos Modelo 205,"Audífonos TechPro, modelo 205, producto para uso general.",1219.47,82,1,2026-02-14 09:00:00,2026-02-28 17:00:00
2213,SKU-02213,TechPro Webcam Modelo 206,"Webcam TechPro, modelo 206, producto para uso general.",1820.84,99,1,2026-02-15 09:00:00,2026-03-02 18:00:00
2214,SKU-02214,TechPro Memoria USB Modelo 207,"Memoria USB TechPro, modelo 207, producto para uso general.",492.17,116,1,2026-02-16 09:00:00,2026-03-04 19:00:00
2215,SKU-02215,TechPro Disco SSD Modelo 208,"Disco SSD TechPro, modelo 208, producto para uso general.",3923.59,133,1,2026-02-17 09:00:00,2026-03-06 20:00:00
2216,SKU-02216,TechPro Router Modelo 209,"Router TechPro, modelo 209, producto para uso general.",724.95,150,1,2026-02-18 09:00:00,2026-03-08 09:00:00
2217,SKU-02217,TechPro Impresora Modelo 210,"Impresora TechPro, modelo 210, producto para uso general.",4826.33,167,1,2026-02-19 09:00:00,2026-03-10 10:00:00
2218,SKU-02218,TechPro Bocina Bluetooth Modelo 211,"Bocina Bluetooth TechPro, modelo 211, producto para uso general.",1127.69,184,1,2026-02-20 09:00:00,2026-03-12 11:00:00
2219,SKU-02219,TechPro Tablet Modelo 212,"Tablet TechPro, modelo 212, producto para uso general.",5529.07,0,0,2026-02-21 09:00:00,2026-03-14 12:00:00
2220,SKU-02220,TechPro Cargador Modelo 213,"Cargador TechPro, modelo 213, producto para uso general.",1170.42,17,1,2026-02-22 09:00:00,2026-03-16 13:00:00
2221,SKU-02221,TechPro Cable USB Modelo 214,"Cable USB TechPro, modelo 214, producto para uso general.",171.74,34,1,2026-02-23 09:00:00,2026-03-18 14:00:00
2222,SKU-02222,TechPro Smartwatch Modelo 215,"Smartwatch TechPro, modelo 215, producto para uso general.",3733.18,51,1,2026-02-24 09:00:00,2026-03-20 15:00:00
2223,SKU-02223,TechPro Teclado mecánico Modelo 216,"Teclado mecánico TechPro, modelo 216, producto para uso general.",1934.54,68,1,2026-02-25 09:00:00,2026-03-22 16:00:00
2224,SKU-02224,TechPro Silla de oficina Modelo 217,"Silla de oficina TechPro, modelo 217, producto para uso general.",4835.92,85,1,2026-02-26 09:00:00,2026-03-24 17:00:00
2225,SKU-02225,TechPro Mochila Modelo 218,"Mochila TechPro, modelo 218, producto para uso general.",1737.28,102,1,2026-02-27 09:00:00,2026-03-26 18:00:00
2226,SKU-02226,TechPro Cámara Modelo 219,"Cámara TechPro, modelo 219, producto para uso general.",6538.66,119,1,2026-02-28 09:00:00,2026-03-28 19:00:00
2227,SKU-02227,TechPro Micrófono Modelo 220,"Micrófono TechPro, modelo 220, producto para uso general.",3940.03,136,1,2026-03-01 09:00:00,2026-03-30 20:00:00
2228,SKU-02228,Nova Laptop Modelo 221,"Laptop Nova, modelo 221, producto para uso general.",11541.40,153,1,2026-03-02 09:00:00,2026-03-02 09:00:00
2229,SKU-02229,Nova Mouse Modelo 222,"Mouse Nova, modelo 222, producto para uso general.",342.73,170,1,2026-03-03 09:00:00,2026-03-04 10:00:00
2230,SKU-02230,Nova Teclado Modelo 223,"Teclado Nova, modelo 223, producto para uso general.",344.12,187,1,2026-03-04 09:00:00,2026-03-06 11:00:00
2231,SKU-02231,Nova Monitor Modelo 224,"Monitor Nova, modelo 224, producto para uso general.",5545.51,3,1,2026-03-05 09:00:00,2026-03-08 12:00:00
2232,SKU-02232,Nova Audífonos Modelo 225,"Audífonos Nova, modelo 225, producto para uso general.",1246.87,20,1,2026-03-06 09:00:00,2026-03-10 13:00:00
2233,SKU-02233,Nova Webcam Modelo 226,"Webcam Nova, modelo 226, producto para uso general.",1848.24,37,1,2026-03-07 09:00:00,2026-03-12 14:00:00
2234,SKU-02234,Nova Memoria USB Modelo 227,"Memoria USB Nova, modelo 227, producto para uso general.",519.57,54,1,2026-03-08 09:00:00,2026-03-14 15:00:00
2235,SKU-02235,Nova Disco SSD Modelo 228,"Disco SSD Nova, modelo 228, producto para uso general.",3950.99,71,1,2026-03-09 09:00:00,2026-03-16 16:00:00
2236,SKU-02236,Nova Router Modelo 229,"Router Nova, modelo 229, producto para uso general.",752.35,88,1,2026-03-10 09:00:00,2026-03-18 17:00:00
2237,SKU-02237,Nova Impresora Modelo 230,"Impresora Nova, modelo 230, producto para uso general.",4853.73,105,1,2026-03-11 09:00:00,2026-03-20 18:00:00
2238,SKU-02238,Nova Bocina Bluetooth Modelo 231,"Bocina Bluetooth Nova, modelo 231, producto para uso general.",1155.09,122,1,2026-03-12 09:00:00,2026-03-22 19:00:00
2239,SKU-02239,Nova Tablet Modelo 232,"Tablet Nova, modelo 232, producto para uso general.",5556.47,139,1,2026-03-13 09:00:00,2026-03-24 20:00:00
2240,SKU-02240,Nova Cargador Modelo 233,"Cargador Nova, modelo 233, producto para uso general.",1197.82,156,1,2026-03-14 09:00:00,2026-03-26 09:00:00
2241,SKU-02241,Nova Cable USB Modelo 234,"Cable USB Nova, modelo 234, producto para uso general.",199.14,173,1,2026-03-15 09:00:00,2026-03-28 10:00:00
2242,SKU-02242,Nova Smartwatch Modelo 235,"Smartwatch Nova, modelo 235, producto para uso general.",3760.58,190,1,2026-03-16 09:00:00,2026-03-30 11:00:00
2243,SKU-02243,Nova Teclado mecánico Modelo 236,"Teclado mecánico Nova, modelo 236, producto para uso general.",1961.94,6,1,2026-03-17 09:00:00,2026-04-01 12:00:00
2244,SKU-02244,Nova Silla de oficina Modelo 237,"Silla de oficina Nova, modelo 237, producto para uso general.",4863.32,23,1,2026-03-18 09:00:00,2026-04-03 13:00:00
2245,SKU-02245,Nova Mochila Modelo 238,"Mochila Nova, modelo 238, producto para uso general.",1764.68,40,1,2026-03-19 09:00:00,2026-04-05 14:00:00
2246,SKU-02246,Nova Cámara Modelo 239,"Cámara Nova, modelo 239, producto para uso general.",6566.06,57,1,2026-03-20 09:00:00,2026-04-07 15:00:00
2247,SKU-02247,Nova Micrófono Modelo 240,"Micrófono Nova, modelo 240, producto para uso general.",3967.43,74,1,2026-03-21 09:00:00,2026-04-09 16:00:00
2248,SKU-02248,MaxiTech Laptop Modelo 241,"Laptop MaxiTech, modelo 241, producto para uso general.",11568.80,91,1,2026-03-22 09:00:00,2026-04-11 17:00:00
2249,SKU-02249,MaxiTech Mouse Modelo 242,"Mouse MaxiTech, modelo 242, producto para uso general.",370.13,108,1,2026-03-23 09:00:00,2026-04-13 18:00:00
2250,SKU-02250,MaxiTech Teclado Modelo 243,"Teclado MaxiTech, modelo 243, producto para uso general.",371.52,125,1,2026-03-24 09:00:00,2026-04-15 19:00:00
2251,SKU-02251,MaxiTech Monitor Modelo 244,"Monitor MaxiTech, modelo 244, producto para uso general.",5572.91,142,1,2026-03-25 09:00:00,2026-04-17 20:00:00
2252,SKU-02252,MaxiTech Audífonos Modelo 245,"Audífonos MaxiTech, modelo 245, producto para uso general.",1274.27,159,1,2026-03-26 09:00:00,2026-04-19 09:00:00
2253,SKU-02253,MaxiTech Webcam Modelo 246,"Webcam MaxiTech, modelo 246, producto para uso general.",1875.64,176,1,2026-03-27 09:00:00,2026-04-21 10:00:00
2254,SKU-02254,MaxiTech Memoria USB Modelo 247,"Memoria USB MaxiTech, modelo 247, producto para uso general.",546.97,193,1,2026-03-28 09:00:00,2026-04-23 11:00:00
2255,SKU-02255,MaxiTech Disco SSD Modelo 248,"Disco SSD MaxiTech, modelo 248, producto para uso general.",3978.39,9,1,2026-03-29 09:00:00,2026-04-25 12:00:00
2256,SKU-02256,MaxiTech Router Modelo 249,"Router MaxiTech, modelo 249, producto para uso general.",779.75,26,1,2026-03-30 09:00:00,2026-04-27 13:00:00
2257,SKU-02257,MaxiTech Impresora Modelo 250,"Impresora MaxiTech, modelo 250, producto para uso general.",4881.13,43,1,2026-03-31 09:00:00,2026-04-29 14:00:00
2258,SKU-02258,MaxiTech Bocina Bluetooth Modelo 001,"Bocina Bluetooth MaxiTech, modelo 001, producto para uso general.",1182.49,60,1,2026-04-01 09:00:00,2026-04-01 15:00:00
2259,SKU-02259,MaxiTech Tablet Modelo 002,"Tablet MaxiTech, modelo 002, producto para uso general.",5583.87,77,1,2026-04-02 09:00:00,2026-04-03 16:00:00
2260,SKU-02260,MaxiTech Cargador Modelo 003,"Cargador MaxiTech, modelo 003, producto para uso general.",205.21,94,1,2026-04-03 09:00:00,2026-04-05 17:00:00
2261,SKU-02261,MaxiTech Cable USB Modelo 004,"Cable USB MaxiTech, modelo 004, producto para uso general.",226.54,111,1,2026-04-04 09:00:00,2026-04-07 18:00:00
2262,SKU-02262,MaxiTech Smartwatch Modelo 005,"Smartwatch MaxiTech, modelo 005, producto para uso general.",3787.98,128,1,2026-04-05 09:00:00,2026-04-09 19:00:00
2263,SKU-02263,MaxiTech Teclado mecánico Modelo 006,"Teclado mecánico MaxiTech, modelo 006, producto para uso general.",1989.34,145,1,2026-04-06 09:00:00,2026-04-11 20:00:00
2264,SKU-02264,MaxiTech Silla de oficina Modelo 007,"Silla de oficina MaxiTech, modelo 007, producto para uso general.",4890.72,162,1,2026-04-07 09:00:00,2026-04-13 09:00:00
2265,SKU-02265,MaxiTech Mochila Modelo 008,"Mochila MaxiTech, modelo 008, producto para uso general.",1792.08,179,1,2026-04-08 09:00:00,2026-04-15 10:00:00
2266,SKU-02266,MaxiTech Cámara Modelo 009,"Cámara MaxiTech, modelo 009, producto para uso general.",6593.46,196,1,2026-04-09 09:00:00,2026-04-17 11:00:00
2267,SKU-02267,MaxiTech Micrófono Modelo 010,"Micrófono MaxiTech, modelo 010, producto para uso general.",3994.83,12,1,2026-04-10 09:00:00,2026-04-19 12:00:00
2268,SKU-02268,DigitalX Laptop Modelo 011,"Laptop DigitalX, modelo 011, producto para uso general.",11596.20,29,1,2026-04-11 09:00:00,2026-04-21 13:00:00
2269,SKU-02269,DigitalX Mouse Modelo 012,"Mouse DigitalX, modelo 012, producto para uso general.",397.53,46,1,2026-04-12 09:00:00,2026-04-23 14:00:00
2270,SKU-02270,DigitalX Teclado Modelo 013,"Teclado DigitalX, modelo 013, producto para uso general.",398.92,63,1,2026-04-13 09:00:00,2026-04-25 15:00:00
2271,SKU-02271,DigitalX Monitor Modelo 014,"Monitor DigitalX, modelo 014, producto para uso general.",5600.31,80,1,2026-04-14 09:00:00,2026-04-27 16:00:00
2272,SKU-02272,DigitalX Audífonos Modelo 015,"Audífonos DigitalX, modelo 015, producto para uso general.",1301.67,97,1,2026-04-15 09:00:00,2026-04-29 17:00:00
2273,SKU-02273,DigitalX Webcam Modelo 016,"Webcam DigitalX, modelo 016, producto para uso general.",1903.04,114,1,2026-04-16 09:00:00,2026-05-01 18:00:00
2274,SKU-02274,DigitalX Memoria USB Modelo 017,"Memoria USB DigitalX, modelo 017, producto para uso general.",574.37,131,1,2026-04-17 09:00:00,2026-05-03 19:00:00
2275,SKU-02275,DigitalX Disco SSD Modelo 018,"Disco SSD DigitalX, modelo 018, producto para uso general.",4005.79,148,1,2026-04-18 09:00:00,2026-05-05 20:00:00
2276,SKU-02276,DigitalX Router Modelo 019,"Router DigitalX, modelo 019, producto para uso general.",807.15,165,1,2026-04-19 09:00:00,2026-05-07 09:00:00
2277,SKU-02277,DigitalX Impresora Modelo 020,"Impresora DigitalX, modelo 020, producto para uso general.",4908.53,182,1,2026-04-20 09:00:00,2026-05-09 10:00:00
2278,SKU-02278,DigitalX Bocina Bluetooth Modelo 021,"Bocina Bluetooth DigitalX, modelo 021, producto para uso general.",1209.89,199,1,2026-04-21 09:00:00,2026-05-11 11:00:00
2279,SKU-02279,DigitalX Tablet Modelo 022,"Tablet DigitalX, modelo 022, producto para uso general.",5611.27,15,1,2026-04-22 09:00:00,2026-05-13 12:00:00
2280,SKU-02280,DigitalX Cargador Modelo 023,"Cargador DigitalX, modelo 023, producto para uso general.",232.61,32,1,2026-04-23 09:00:00,2026-05-15 13:00:00
2281,SKU-02281,DigitalX Cable USB Modelo 024,"Cable USB DigitalX, modelo 024, producto para uso general.",253.94,49,1,2026-04-24 09:00:00,2026-05-17 14:00:00
2282,SKU-02282,DigitalX Smartwatch Modelo 025,"Smartwatch DigitalX, modelo 025, producto para uso general.",3815.38,66,1,2026-04-25 09:00:00,2026-05-19 15:00:00
2283,SKU-02283,DigitalX Teclado mecánico Modelo 026,"Teclado mecánico DigitalX, modelo 026, producto para uso general.",2016.74,83,1,2026-04-26 09:00:00,2026-05-21 16:00:00
2284,SKU-02284,DigitalX Silla de oficina Modelo 027,"Silla de oficina DigitalX, modelo 027, producto para uso general.",4918.12,100,1,2026-04-27 09:00:00,2026-05-23 17:00:00
2285,SKU-02285,DigitalX Mochila Modelo 028,"Mochila DigitalX, modelo 028, producto para uso general.",1819.48,117,1,2026-04-28 09:00:00,2026-05-25 18:00:00
2286,SKU-02286,DigitalX Cámara Modelo 029,"Cámara DigitalX, modelo 029, producto para uso general.",6620.86,134,1,2026-04-29 09:00:00,2026-05-27 19:00:00
2287,SKU-02287,DigitalX Micrófono Modelo 030,"Micrófono DigitalX, modelo 030, producto para uso general.",4022.23,151,1,2026-04-30 09:00:00,2026-05-29 20:00:00
2288,SKU-02288,SmartOne Laptop Modelo 031,"Laptop SmartOne, modelo 031, producto para uso general.",11623.60,168,1,2026-05-01 09:00:00,2026-05-01 09:00:00
2289,SKU-02289,SmartOne Mouse Modelo 032,"Mouse SmartOne, modelo 032, producto para uso general.",424.93,185,1,2026-05-02 09:00:00,2026-05-03 10:00:00
2290,SKU-02290,SmartOne Teclado Modelo 033,"Teclado SmartOne, modelo 033, producto para uso general.",426.32,1,1,2026-05-03 09:00:00,2026-05-05 11:00:00
2291,SKU-02291,SmartOne Monitor Modelo 034,"Monitor SmartOne, modelo 034, producto para uso general.",5627.71,18,1,2026-05-04 09:00:00,2026-05-07 12:00:00
2292,SKU-02292,SmartOne Audífonos Modelo 035,"Audífonos SmartOne, modelo 035, producto para uso general.",1329.07,35,1,2026-05-05 09:00:00,2026-05-09 13:00:00
2293,SKU-02293,SmartOne Webcam Modelo 036,"Webcam SmartOne, modelo 036, producto para uso general.",1930.44,52,1,2026-05-06 09:00:00,2026-05-11 14:00:00
2294,SKU-02294,SmartOne Memoria USB Modelo 037,"Memoria USB SmartOne, modelo 037, producto para uso general.",601.77,69,1,2026-05-07 09:00:00,2026-05-13 15:00:00
2295,SKU-02295,SmartOne Disco SSD Modelo 038,"Disco SSD SmartOne, modelo 038, producto para uso general.",4033.19,86,1,2026-05-08 09:00:00,2026-05-15 16:00:00
2296,SKU-02296,SmartOne Router Modelo 039,"Router SmartOne, modelo 039, producto para uso general.",834.55,103,1,2026-05-09 09:00:00,2026-05-17 17:00:00
2297,SKU-02297,SmartOne Impresora Modelo 040,"Impresora SmartOne, modelo 040, producto para uso general.",4935.93,120,1,2026-05-10 09:00:00,2026-05-19 18:00:00
2298,SKU-02298,SmartOne Bocina Bluetooth Modelo 041,"Bocina Bluetooth SmartOne, modelo 041, producto para uso general.",1237.29,137,1,2026-05-11 09:00:00,2026-05-21 19:00:00
2299,SKU-02299,SmartOne Tablet Modelo 042,"Tablet SmartOne, modelo 042, producto para uso general.",5638.67,154,1,2026-05-12 09:00:00,2026-05-23 20:00:00
2300,SKU-02300,SmartOne Cargador Modelo 043,"Cargador SmartOne, modelo 043, producto para uso general.",260.01,171,1,2026-05-13 09:00:00,2026-05-25 09:00:00
2301,SKU-02301,SmartOne Cable USB Modelo 044,"Cable USB SmartOne, modelo 044, producto para uso general.",281.34,188,1,2026-05-14 09:00:00,2026-05-27 10:00:00
2302,SKU-02302,SmartOne Smartwatch Modelo 045,"Smartwatch SmartOne, modelo 045, producto para uso general.",3842.78,4,1,2026-05-15 09:00:00,2026-05-29 11:00:00
2303,SKU-02303,SmartOne Teclado mecánico Modelo 046,"Teclado mecánico SmartOne, modelo 046, producto para uso general.",2044.14,21,1,2026-05-16 09:00:00,2026-05-31 12:00:00
2304,SKU-02304,SmartOne Silla de oficina Modelo 047,"Silla de oficina SmartOne, modelo 047, producto para uso general.",4945.52,38,1,2026-05-17 09:00:00,2026-06-02 13:00:00
2305,SKU-02305,SmartOne Mochila Modelo 048,"Mochila SmartOne, modelo 048, producto para uso general.",1846.88,55,1,2026-05-18 09:00:00,2026-06-04 14:00:00
2306,SKU-02306,SmartOne Cámara Modelo 049,"Cámara SmartOne, modelo 049, producto para uso general.",6648.26,72,1,2026-05-19 09:00:00,2026-06-06 15:00:00
2307,SKU-02307,SmartOne Micrófono Modelo 050,"Micrófono SmartOne, modelo 050, producto para uso general.",4049.63,89,1,2026-05-20 09:00:00,2026-06-08 16:00:00
2308,SKU-02308,ProLine Laptop Modelo 051,"Laptop ProLine, modelo 051, producto para uso general.",11651.00,106,1,2026-05-21 09:00:00,2026-06-10 17:00:00
2309,SKU-02309,ProLine Mouse Modelo 052,"Mouse ProLine, modelo 052, producto para uso general.",452.33,123,1,2026-05-22 09:00:00,2026-06-12 18:00:00
2310,SKU-02310,ProLine Teclado Modelo 053,"Teclado ProLine, modelo 053, producto para uso general.",453.72,140,1,2026-05-23 09:00:00,2026-06-14 19:00:00
2311,SKU-02311,ProLine Monitor Modelo 054,"Monitor ProLine, modelo 054, producto para uso general.",5655.11,157,1,2026-05-24 09:00:00,2026-06-16 20:00:00
2312,SKU-02312,ProLine Audífonos Modelo 055,"Audífonos ProLine, modelo 055, producto para uso general.",1356.47,174,1,2026-05-25 09:00:00,2026-06-18 09:00:00
2313,SKU-02313,ProLine Webcam Modelo 056,"Webcam ProLine, modelo 056, producto para uso general.",1957.84,191,1,2026-05-26 09:00:00,2026-06-20 10:00:00
2314,SKU-02314,ProLine Memoria USB Modelo 057,"Memoria USB ProLine, modelo 057, producto para uso general.",629.17,7,1,2026-05-27 09:00:00,2026-06-22 11:00:00
2315,SKU-02315,ProLine Disco SSD Modelo 058,"Disco SSD ProLine, modelo 058, producto para uso general.",4060.59,24,1,2026-05-28 09:00:00,2026-06-24 12:00:00
2316,SKU-02316,ProLine Router Modelo 059,"Router ProLine, modelo 059, producto para uso general.",861.95,41,1,2026-05-29 09:00:00,2026-06-26 13:00:00
2317,SKU-02317,ProLine Impresora Modelo 060,"Impresora ProLine, modelo 060, producto para uso general.",4963.33,58,1,2026-05-30 09:00:00,2026-06-28 14:00:00
2318,SKU-02318,ProLine Bocina Bluetooth Modelo 061,"Bocina Bluetooth ProLine, modelo 061, producto para uso general.",1264.69,75,1,2026-05-31 09:00:00,2026-05-31 15:00:00
2319,SKU-02319,ProLine Tablet Modelo 062,"Tablet ProLine, modelo 062, producto para uso general.",5666.07,92,1,2026-06-01 09:00:00,2026-06-02 16:00:00
2320,SKU-02320,ProLine Cargador Modelo 063,"Cargador ProLine, modelo 063, producto para uso general.",287.41,109,1,2026-06-02 09:00:00,2026-06-04 17:00:00
2321,SKU-02321,ProLine Cable USB Modelo 064,"Cable USB ProLine, modelo 064, producto para uso general.",308.74,126,1,2026-06-03 09:00:00,2026-06-06 18:00:00
2322,SKU-02322,ProLine Smartwatch Modelo 065,"Smartwatch ProLine, modelo 065, producto para uso general.",3870.18,143,1,2026-06-04 09:00:00,2026-06-08 19:00:00
2323,SKU-02323,ProLine Teclado mecánico Modelo 066,"Teclado mecánico ProLine, modelo 066, producto para uso general.",2071.54,160,1,2026-06-05 09:00:00,2026-06-10 20:00:00
2324,SKU-02324,ProLine Silla de oficina Modelo 067,"Silla de oficina ProLine, modelo 067, producto para uso general.",4972.92,177,1,2026-06-06 09:00:00,2026-06-12 09:00:00
2325,SKU-02325,ProLine Mochila Modelo 068,"Mochila ProLine, modelo 068, producto para uso general.",1874.28,194,1,2026-06-07 09:00:00,2026-06-14 10:00:00
2326,SKU-02326,ProLine Cámara Modelo 069,"Cámara ProLine, modelo 069, producto para uso general.",6675.66,10,1,2026-06-08 09:00:00,2026-06-16 11:00:00
2327,SKU-02327,ProLine Micrófono Modelo 070,"Micrófono ProLine, modelo 070, producto para uso general.",4077.03,27,1,2026-06-09 09:00:00,2026-06-18 12:00:00
2328,SKU-02328,Ultra Laptop Modelo 071,"Laptop Ultra, modelo 071, producto para uso general.",11678.40,44,1,2026-06-10 09:00:00,2026-06-20 13:00:00
2329,SKU-02329,Ultra Mouse Modelo 072,"Mouse Ultra, modelo 072, producto para uso general.",479.73,61,1,2026-06-11 09:00:00,2026-06-22 14:00:00
2330,SKU-02330,Ultra Teclado Modelo 073,"Teclado Ultra, modelo 073, producto para uso general.",481.12,78,1,2026-06-12 09:00:00,2026-06-24 15:00:00
2331,SKU-02331,Ultra Monitor Modelo 074,"Monitor Ultra, modelo 074, producto para uso general.",5682.51,95,1,2026-06-13 09:00:00,2026-06-26 16:00:00
2332,SKU-02332,Ultra Audífonos Modelo 075,"Audífonos Ultra, modelo 075, producto para uso general.",1383.87,112,1,2026-06-14 09:00:00,2026-06-28 17:00:00
2333,SKU-02333,Ultra Webcam Modelo 076,"Webcam Ultra, modelo 076, producto para uso general.",1985.24,129,1,2026-06-15 09:00:00,2026-06-30 18:00:00
2334,SKU-02334,Ultra Memoria USB Modelo 077,"Memoria USB Ultra, modelo 077, producto para uso general.",126.56,146,1,2026-06-16 09:00:00,2026-07-02 19:00:00
2335,SKU-02335,Ultra Disco SSD Modelo 078,"Disco SSD Ultra, modelo 078, producto para uso general.",4087.99,163,1,2026-06-17 09:00:00,2026-07-04 20:00:00
2336,SKU-02336,Ultra Router Modelo 079,"Router Ultra, modelo 079, producto para uso general.",889.35,180,1,2026-06-18 09:00:00,2026-07-06 09:00:00
2337,SKU-02337,Ultra Impresora Modelo 080,"Impresora Ultra, modelo 080, producto para uso general.",4990.73,197,1,2026-06-19 09:00:00,2026-07-08 10:00:00
2338,SKU-02338,Ultra Bocina Bluetooth Modelo 081,"Bocina Bluetooth Ultra, modelo 081, producto para uso general.",1292.09,13,1,2026-06-20 09:00:00,2026-07-10 11:00:00
2339,SKU-02339,Ultra Tablet Modelo 082,"Tablet Ultra, modelo 082, producto para uso general.",5693.47,30,1,2026-06-21 09:00:00,2026-07-12 12:00:00
2340,SKU-02340,Ultra Cargador Modelo 083,"Cargador Ultra, modelo 083, producto para uso general.",314.81,47,1,2026-06-22 09:00:00,2026-07-14 13:00:00
2341,SKU-02341,Ultra Cable USB Modelo 084,"Cable USB Ultra, modelo 084, producto para uso general.",336.14,64,1,2026-06-23 09:00:00,2026-07-16 14:00:00
2342,SKU-02342,Ultra Smartwatch Modelo 085,"Smartwatch Ultra, modelo 085, producto para uso general.",3897.58,81,1,2026-06-24 09:00:00,2026-07-18 15:00:00
2343,SKU-02343,Ultra Teclado mecánico Modelo 086,"Teclado mecánico Ultra, modelo 086, producto para uso general.",2098.94,98,1,2026-06-25 09:00:00,2026-07-20 16:00:00
2344,SKU-02344,Ultra Silla de oficina Modelo 087,"Silla de oficina Ultra, modelo 087, producto para uso general.",5000.32,115,1,2026-06-26 09:00:00,2026-07-22 17:00:00
2345,SKU-02345,Ultra Mochila Modelo 088,"Mochila Ultra, modelo 088, producto para uso general.",1901.68,132,1,2026-06-27 09:00:00,2026-07-24 18:00:00
2346,SKU-02346,Ultra Cámara Modelo 089,"Cámara Ultra, modelo 089, producto para uso general.",6703.06,149,1,2026-06-28 09:00:00,2026-07-26 19:00:00
2347,SKU-02347,Ultra Micrófono Modelo 090,"Micrófono Ultra, modelo 090, producto para uso general.",4104.43,166,1,2026-06-29 09:00:00,2026-07-28 20:00:00
2348,SKU-02348,Vision Laptop Modelo 091,"Laptop Vision, modelo 091, producto para uso general.",11705.80,183,1,2026-06-30 09:00:00,2026-06-30 09:00:00
2349,SKU-02349,Vision Mouse Modelo 092,"Mouse Vision, modelo 092, producto para uso general.",507.13,200,1,2026-07-01 09:00:00,2026-07-02 10:00:00
2350,SKU-02350,Vision Teclado Modelo 093,"Teclado Vision, modelo 093, producto para uso general.",508.52,16,1,2026-07-02 09:00:00,2026-07-04 11:00:00
2351,SKU-02351,Vision Monitor Modelo 094,"Monitor Vision, modelo 094, producto para uso general.",5709.91,33,1,2026-07-03 09:00:00,2026-07-06 12:00:00
2352,SKU-02352,Vision Audífonos Modelo 095,"Audífonos Vision, modelo 095, producto para uso general.",1411.27,50,1,2026-07-04 09:00:00,2026-07-08 13:00:00
2353,SKU-02353,Vision Webcam Modelo 096,"Webcam Vision, modelo 096, producto para uso general.",2012.64,67,1,2026-07-05 09:00:00,2026-07-10 14:00:00
2354,SKU-02354,Vision Memoria USB Modelo 097,"Memoria USB Vision, modelo 097, producto para uso general.",153.96,84,1,2026-07-06 09:00:00,2026-07-12 15:00:00
2355,SKU-02355,Vision Disco SSD Modelo 098,"Disco SSD Vision, modelo 098, producto para uso general.",4115.39,101,1,2026-07-07 09:00:00,2026-07-14 16:00:00
2356,SKU-02356,Vision Router Modelo 099,"Router Vision, modelo 099, producto para uso general.",916.75,118,1,2026-07-08 09:00:00,2026-07-16 17:00:00
2357,SKU-02357,Vision Impresora Modelo 100,"Impresora Vision, modelo 100, producto para uso general.",5018.13,135,1,2026-07-09 09:00:00,2026-07-18 18:00:00
2358,SKU-02358,Vision Bocina Bluetooth Modelo 101,"Bocina Bluetooth Vision, modelo 101, producto para uso general.",1319.49,152,1,2026-07-10 09:00:00,2026-07-20 19:00:00
2359,SKU-02359,Vision Tablet Modelo 102,"Tablet Vision, modelo 102, producto para uso general.",5720.87,169,1,2026-07-11 09:00:00,2026-07-22 20:00:00
2360,SKU-02360,Vision Cargador Modelo 103,"Cargador Vision, modelo 103, producto para uso general.",342.21,186,1,2026-07-12 09:00:00,2026-07-24 09:00:00
2361,SKU-02361,Vision Cable USB Modelo 104,"Cable USB Vision, modelo 104, producto para uso general.",363.54,2,1,2026-07-13 09:00:00,2026-07-26 10:00:00
2362,SKU-02362,Vision Smartwatch Modelo 105,"Smartwatch Vision, modelo 105, producto para uso general.",3924.98,19,1,2026-07-14 09:00:00,2026-07-28 11:00:00
2363,SKU-02363,Vision Teclado mecánico Modelo 106,"Teclado mecánico Vision, modelo 106, producto para uso general.",2126.34,36,1,2026-07-15 09:00:00,2026-07-30 12:00:00
2364,SKU-02364,Vision Silla de oficina Modelo 107,"Silla de oficina Vision, modelo 107, producto para uso general.",5027.72,53,1,2026-07-16 09:00:00,2026-08-01 13:00:00
2365,SKU-02365,Vision Mochila Modelo 108,"Mochila Vision, modelo 108, producto para uso general.",1929.08,70,1,2026-07-17 09:00:00,2026-08-03 14:00:00
2366,SKU-02366,Vision Cámara Modelo 109,"Cámara Vision, modelo 109, producto para uso general.",6730.46,87,1,2026-07-18 09:00:00,2026-08-05 15:00:00
2367,SKU-02367,Vision Micrófono Modelo 110,"Micrófono Vision, modelo 110, producto para uso general.",4131.83,104,1,2026-07-19 09:00:00,2026-08-07 16:00:00
2368,SKU-02368,Connect Laptop Modelo 111,"Laptop Connect, modelo 111, producto para uso general.",11733.20,121,1,2026-07-20 09:00:00,2026-08-09 17:00:00
2369,SKU-02369,Connect Mouse Modelo 112,"Mouse Connect, modelo 112, producto para uso general.",534.53,138,1,2026-07-21 09:00:00,2026-08-11 18:00:00
2370,SKU-02370,Connect Teclado Modelo 113,"Teclado Connect, modelo 113, producto para uso general.",535.92,155,1,2026-07-22 09:00:00,2026-08-13 19:00:00
2371,SKU-02371,Connect Monitor Modelo 114,"Monitor Connect, modelo 114, producto para uso general.",5737.31,172,1,2026-07-23 09:00:00,2026-08-15 20:00:00
2372,SKU-02372,Connect Audífonos Modelo 115,"Audífonos Connect, modelo 115, producto para uso general.",1438.67,189,1,2026-07-24 09:00:00,2026-08-17 09:00:00
2373,SKU-02373,Connect Webcam Modelo 116,"Webcam Connect, modelo 116, producto para uso general.",2040.04,5,1,2026-07-25 09:00:00,2026-08-19 10:00:00
2374,SKU-02374,Connect Memoria USB Modelo 117,"Memoria USB Connect, modelo 117, producto para uso general.",181.36,22,1,2026-07-26 09:00:00,2026-08-21 11:00:00
2375,SKU-02375,Connect Disco SSD Modelo 118,"Disco SSD Connect, modelo 118, producto para uso general.",4142.79,39,1,2026-07-27 09:00:00,2026-08-23 12:00:00
2376,SKU-02376,Connect Router Modelo 119,"Router Connect, modelo 119, producto para uso general.",944.15,56,1,2026-07-28 09:00:00,2026-08-25 13:00:00
2377,SKU-02377,Connect Impresora Modelo 120,"Impresora Connect, modelo 120, producto para uso general.",5045.53,73,1,2026-07-29 09:00:00,2026-08-27 14:00:00
2378,SKU-02378,Connect Bocina Bluetooth Modelo 121,"Bocina Bluetooth Connect, modelo 121, producto para uso general.",1346.89,90,1,2026-07-30 09:00:00,2026-07-30 15:00:00
2379,SKU-02379,Connect Tablet Modelo 122,"Tablet Connect, modelo 122, producto para uso general.",5748.27,107,1,2026-07-31 09:00:00,2026-08-01 16:00:00
2380,SKU-02380,Connect Cargador Modelo 123,"Cargador Connect, modelo 123, producto para uso general.",369.61,124,1,2026-08-01 09:00:00,2026-08-03 17:00:00
2381,SKU-02381,Connect Cable USB Modelo 124,"Cable USB Connect, modelo 124, producto para uso general.",390.94,141,1,2026-08-02 09:00:00,2026-08-05 18:00:00
2382,SKU-02382,Connect Smartwatch Modelo 125,"Smartwatch Connect, modelo 125, producto para uso general.",3952.38,158,1,2026-08-03 09:00:00,2026-08-07 19:00:00
2383,SKU-02383,Connect Teclado mecánico Modelo 126,"Teclado mecánico Connect, modelo 126, producto para uso general.",2153.74,175,1,2026-08-04 09:00:00,2026-08-09 20:00:00
2384,SKU-02384,Connect Silla de oficina Modelo 127,"Silla de oficina Connect, modelo 127, producto para uso general.",5055.12,192,1,2026-08-05 09:00:00,2026-08-11 09:00:00
2385,SKU-02385,Connect Mochila Modelo 128,"Mochila Connect, modelo 128, producto para uso general.",1956.48,8,1,2026-08-06 09:00:00,2026-08-13 10:00:00
2386,SKU-02386,Connect Cámara Modelo 129,"Cámara Connect, modelo 129, producto para uso general.",6757.86,25,1,2026-08-07 09:00:00,2026-08-15 11:00:00
2387,SKU-02387,Connect Micrófono Modelo 130,"Micrófono Connect, modelo 130, producto para uso general.",4159.23,42,1,2026-08-08 09:00:00,2026-08-17 12:00:00
2388,SKU-02388,Advance Laptop Modelo 131,"Laptop Advance, modelo 131, producto para uso general.",11760.60,59,1,2026-08-09 09:00:00,2026-08-19 13:00:00
2389,SKU-02389,Advance Mouse Modelo 132,"Mouse Advance, modelo 132, producto para uso general.",561.93,76,1,2026-08-10 09:00:00,2026-08-21 14:00:00
2390,SKU-02390,Advance Teclado Modelo 133,"Teclado Advance, modelo 133, producto para uso general.",563.32,93,1,2026-08-11 09:00:00,2026-08-23 15:00:00
2391,SKU-02391,Advance Monitor Modelo 134,"Monitor Advance, modelo 134, producto para uso general.",5764.71,110,1,2026-08-12 09:00:00,2026-08-25 16:00:00
2392,SKU-02392,Advance Audífonos Modelo 135,"Audífonos Advance, modelo 135, producto para uso general.",1466.07,127,1,2026-08-13 09:00:00,2026-08-27 17:00:00
2393,SKU-02393,Advance Webcam Modelo 136,"Webcam Advance, modelo 136, producto para uso general.",2067.44,144,1,2026-08-14 09:00:00,2026-08-29 18:00:00
2394,SKU-02394,Advance Memoria USB Modelo 137,"Memoria USB Advance, modelo 137, producto para uso general.",208.76,161,1,2026-08-15 09:00:00,2026-08-31 19:00:00
2395,SKU-02395,Advance Disco SSD Modelo 138,"Disco SSD Advance, modelo 138, producto para uso general.",4170.19,178,1,2026-08-16 09:00:00,2026-09-02 20:00:00
2396,SKU-02396,Advance Router Modelo 139,"Router Advance, modelo 139, producto para uso general.",971.55,195,1,2026-08-17 09:00:00,2026-09-04 09:00:00
2397,SKU-02397,Advance Impresora Modelo 140,"Impresora Advance, modelo 140, producto para uso general.",5072.93,11,1,2026-08-18 09:00:00,2026-09-06 10:00:00
2398,SKU-02398,Advance Bocina Bluetooth Modelo 141,"Bocina Bluetooth Advance, modelo 141, producto para uso general.",1374.29,28,1,2026-08-19 09:00:00,2026-09-08 11:00:00
2399,SKU-02399,Advance Tablet Modelo 142,"Tablet Advance, modelo 142, producto para uso general.",5775.67,45,1,2026-08-20 09:00:00,2026-09-10 12:00:00
2400,SKU-02400,Advance Cargador Modelo 143,"Cargador Advance, modelo 143, producto para uso general.",397.01,62,1,2026-08-21 09:00:00,2026-09-12 13:00:00
2401,SKU-02401,Advance Cable USB Modelo 144,"Cable USB Advance, modelo 144, producto para uso general.",418.34,79,1,2026-08-22 09:00:00,2026-09-14 14:00:00
2402,SKU-02402,Advance Smartwatch Modelo 145,"Smartwatch Advance, modelo 145, producto para uso general.",3979.78,96,1,2026-08-23 09:00:00,2026-09-16 15:00:00
2403,SKU-02403,Advance Teclado mecánico Modelo 146,"Teclado mecánico Advance, modelo 146, producto para uso general.",2181.14,113,1,2026-08-24 09:00:00,2026-09-18 16:00:00
2404,SKU-02404,Advance Silla de oficina Modelo 147,"Silla de oficina Advance, modelo 147, producto para uso general.",5082.52,130,1,2026-08-25 09:00:00,2026-09-20 17:00:00
2405,SKU-02405,Advance Mochila Modelo 148,"Mochila Advance, modelo 148, producto para uso general.",1983.88,147,1,2026-08-26 09:00:00,2026-09-22 18:00:00
2406,SKU-02406,Advance Cámara Modelo 149,"Cámara Advance, modelo 149, producto para uso general.",6785.26,164,1,2026-08-27 09:00:00,2026-09-24 19:00:00
2407,SKU-02407,Advance Micrófono Modelo 150,"Micrófono Advance, modelo 150, producto para uso general.",4186.63,181,1,2026-08-28 09:00:00,2026-09-26 20:00:00
2408,SKU-02408,TechPro Laptop Modelo 151,"Laptop TechPro, modelo 151, producto para uso general.",11788.00,198,1,2026-08-29 09:00:00,2026-08-29 09:00:00
2409,SKU-02409,TechPro Mouse Modelo 152,"Mouse TechPro, modelo 152, producto para uso general.",589.33,14,1,2026-08-30 09:00:00,2026-08-31 10:00:00
2410,SKU-02410,TechPro Teclado Modelo 153,"Teclado TechPro, modelo 153, producto para uso general.",590.72,31,1,2026-08-31 09:00:00,2026-09-02 11:00:00
2411,SKU-02411,TechPro Monitor Modelo 154,"Monitor TechPro, modelo 154, producto para uso general.",5792.11,48,1,2026-09-01 09:00:00,2026-09-04 12:00:00
2412,SKU-02412,TechPro Audífonos Modelo 155,"Audífonos TechPro, modelo 155, producto para uso general.",1493.47,65,1,2026-09-02 09:00:00,2026-09-06 13:00:00
2413,SKU-02413,TechPro Webcam Modelo 156,"Webcam TechPro, modelo 156, producto para uso general.",2094.84,82,1,2026-09-03 09:00:00,2026-09-08 14:00:00
2414,SKU-02414,TechPro Memoria USB Modelo 157,"Memoria USB TechPro, modelo 157, producto para uso general.",236.16,99,1,2026-09-04 09:00:00,2026-09-10 15:00:00
2415,SKU-02415,TechPro Disco SSD Modelo 158,"Disco SSD TechPro, modelo 158, producto para uso general.",4197.59,116,1,2026-09-05 09:00:00,2026-09-12 16:00:00
2416,SKU-02416,TechPro Router Modelo 159,"Router TechPro, modelo 159, producto para uso general.",998.95,133,1,2026-09-06 09:00:00,2026-09-14 17:00:00
2417,SKU-02417,TechPro Impresora Modelo 160,"Impresora TechPro, modelo 160, producto para uso general.",5100.33,150,1,2026-09-07 09:00:00,2026-09-16 18:00:00
2418,SKU-02418,TechPro Bocina Bluetooth Modelo 161,"Bocina Bluetooth TechPro, modelo 161, producto para uso general.",1401.69,167,1,2026-09-08 09:00:00,2026-09-18 19:00:00
2419,SKU-02419,TechPro Tablet Modelo 162,"Tablet TechPro, modelo 162, producto para uso general.",5803.07,184,1,2026-09-09 09:00:00,2026-09-20 20:00:00
2420,SKU-02420,TechPro Cargador Modelo 163,"Cargador TechPro, modelo 163, producto para uso general.",424.41,0,0,2026-09-10 09:00:00,2026-09-22 09:00:00
2421,SKU-02421,TechPro Cable USB Modelo 164,"Cable USB TechPro, modelo 164, producto para uso general.",445.74,17,1,2026-09-11 09:00:00,2026-09-24 10:00:00
2422,SKU-02422,TechPro Smartwatch Modelo 165,"Smartwatch TechPro, modelo 165, producto para uso general.",4007.18,34,1,2026-09-12 09:00:00,2026-09-26 11:00:00
2423,SKU-02423,TechPro Teclado mecánico Modelo 166,"Teclado mecánico TechPro, modelo 166, producto para uso general.",2208.54,51,1,2026-09-13 09:00:00,2026-09-28 12:00:00
2424,SKU-02424,TechPro Silla de oficina Modelo 167,"Silla de oficina TechPro, modelo 167, producto para uso general.",5109.92,68,1,2026-09-14 09:00:00,2026-09-30 13:00:00
2425,SKU-02425,TechPro Mochila Modelo 168,"Mochila TechPro, modelo 168, producto para uso general.",2011.28,85,1,2026-09-15 09:00:00,2026-10-02 14:00:00
2426,SKU-02426,TechPro Cámara Modelo 169,"Cámara TechPro, modelo 169, producto para uso general.",6812.66,102,1,2026-09-16 09:00:00,2026-10-04 15:00:00
2427,SKU-02427,TechPro Micrófono Modelo 170,"Micrófono TechPro, modelo 170, producto para uso general.",4214.03,119,1,2026-09-17 09:00:00,2026-10-06 16:00:00
2428,SKU-02428,Nova Laptop Modelo 171,"Laptop Nova, modelo 171, producto para uso general.",11815.40,136,1,2026-09-18 09:00:00,2026-10-08 17:00:00
2429,SKU-02429,Nova Mouse Modelo 172,"Mouse Nova, modelo 172, producto para uso general.",616.73,153,1,2026-09-19 09:00:00,2026-10-10 18:00:00
2430,SKU-02430,Nova Teclado Modelo 173,"Teclado Nova, modelo 173, producto para uso general.",618.12,170,1,2026-09-20 09:00:00,2026-10-12 19:00:00
2431,SKU-02431,Nova Monitor Modelo 174,"Monitor Nova, modelo 174, producto para uso general.",5819.51,187,1,2026-09-21 09:00:00,2026-10-14 20:00:00
2432,SKU-02432,Nova Audífonos Modelo 175,"Audífonos Nova, modelo 175, producto para uso general.",1520.87,3,1,2026-09-22 09:00:00,2026-10-16 09:00:00
2433,SKU-02433,Nova Webcam Modelo 176,"Webcam Nova, modelo 176, producto para uso general.",2122.24,20,1,2026-09-23 09:00:00,2026-10-18 10:00:00
2434,SKU-02434,Nova Memoria USB Modelo 177,"Memoria USB Nova, modelo 177, producto para uso general.",263.56,37,1,2026-09-24 09:00:00,2026-10-20 11:00:00
2435,SKU-02435,Nova Disco SSD Modelo 178,"Disco SSD Nova, modelo 178, producto para uso general.",4224.99,54,1,2026-09-25 09:00:00,2026-10-22 12:00:00
2436,SKU-02436,Nova Router Modelo 179,"Router Nova, modelo 179, producto para uso general.",1026.35,71,1,2026-09-26 09:00:00,2026-10-24 13:00:00
2437,SKU-02437,Nova Impresora Modelo 180,"Impresora Nova, modelo 180, producto para uso general.",5127.73,88,1,2026-09-27 09:00:00,2026-10-26 14:00:00
2438,SKU-02438,Nova Bocina Bluetooth Modelo 181,"Bocina Bluetooth Nova, modelo 181, producto para uso general.",1429.09,105,1,2026-01-01 09:00:00,2026-01-01 15:00:00
2439,SKU-02439,Nova Tablet Modelo 182,"Tablet Nova, modelo 182, producto para uso general.",5830.47,122,1,2026-01-02 09:00:00,2026-01-03 16:00:00
2440,SKU-02440,Nova Cargador Modelo 183,"Cargador Nova, modelo 183, producto para uso general.",451.81,139,1,2026-01-03 09:00:00,2026-01-05 17:00:00
2441,SKU-02441,Nova Cable USB Modelo 184,"Cable USB Nova, modelo 184, producto para uso general.",473.14,156,1,2026-01-04 09:00:00,2026-01-07 18:00:00
2442,SKU-02442,Nova Smartwatch Modelo 185,"Smartwatch Nova, modelo 185, producto para uso general.",4034.58,173,1,2026-01-05 09:00:00,2026-01-09 19:00:00
2443,SKU-02443,Nova Teclado mecánico Modelo 186,"Teclado mecánico Nova, modelo 186, producto para uso general.",2235.94,190,1,2026-01-06 09:00:00,2026-01-11 20:00:00
2444,SKU-02444,Nova Silla de oficina Modelo 187,"Silla de oficina Nova, modelo 187, producto para uso general.",5137.32,6,1,2026-01-07 09:00:00,2026-01-13 09:00:00
2445,SKU-02445,Nova Mochila Modelo 188,"Mochila Nova, modelo 188, producto para uso general.",2038.68,23,1,2026-01-08 09:00:00,2026-01-15 10:00:00
2446,SKU-02446,Nova Cámara Modelo 189,"Cámara Nova, modelo 189, producto para uso general.",6840.06,40,1,2026-01-09 09:00:00,2026-01-17 11:00:00
2447,SKU-02447,Nova Micrófono Modelo 190,"Micrófono Nova, modelo 190, producto para uso general.",4241.43,57,1,2026-01-10 09:00:00,2026-01-19 12:00:00
2448,SKU-02448,MaxiTech Laptop Modelo 191,"Laptop MaxiTech, modelo 191, producto para uso general.",11842.80,74,1,2026-01-11 09:00:00,2026-01-21 13:00:00
2449,SKU-02449,MaxiTech Mouse Modelo 192,"Mouse MaxiTech, modelo 192, producto para uso general.",644.13,91,1,2026-01-12 09:00:00,2026-01-23 14:00:00
2450,SKU-02450,MaxiTech Teclado Modelo 193,"Teclado MaxiTech, modelo 193, producto para uso general.",645.52,108,1,2026-01-13 09:00:00,2026-01-25 15:00:00
2451,SKU-02451,MaxiTech Monitor Modelo 194,"Monitor MaxiTech, modelo 194, producto para uso general.",5846.91,125,1,2026-01-14 09:00:00,2026-01-27 16:00:00
2452,SKU-02452,MaxiTech Audífonos Modelo 195,"Audífonos MaxiTech, modelo 195, producto para uso general.",1548.27,142,1,2026-01-15 09:00:00,2026-01-29 17:00:00
2453,SKU-02453,MaxiTech Webcam Modelo 196,"Webcam MaxiTech, modelo 196, producto para uso general.",2149.64,159,1,2026-01-16 09:00:00,2026-01-31 18:00:00
2454,SKU-02454,MaxiTech Memoria USB Modelo 197,"Memoria USB MaxiTech, modelo 197, producto para uso general.",290.96,176,1,2026-01-17 09:00:00,2026-02-02 19:00:00
2455,SKU-02455,MaxiTech Disco SSD Modelo 198,"Disco SSD MaxiTech, modelo 198, producto para uso general.",4252.39,193,1,2026-01-18 09:00:00,2026-02-04 20:00:00
2456,SKU-02456,MaxiTech Router Modelo 199,"Router MaxiTech, modelo 199, producto para uso general.",1053.75,9,1,2026-01-19 09:00:00,2026-02-06 09:00:00
2457,SKU-02457,MaxiTech Impresora Modelo 200,"Impresora MaxiTech, modelo 200, producto para uso general.",5155.13,26,1,2026-01-20 09:00:00,2026-02-08 10:00:00
2458,SKU-02458,MaxiTech Bocina Bluetooth Modelo 201,"Bocina Bluetooth MaxiTech, modelo 201, producto para uso general.",1456.49,43,1,2026-01-21 09:00:00,2026-02-10 11:00:00
2459,SKU-02459,MaxiTech Tablet Modelo 202,"Tablet MaxiTech, modelo 202, producto para uso general.",5857.87,60,1,2026-01-22 09:00:00,2026-02-12 12:00:00
2460,SKU-02460,MaxiTech Cargador Modelo 203,"Cargador MaxiTech, modelo 203, producto para uso general.",479.21,77,1,2026-01-23 09:00:00,2026-02-14 13:00:00
2461,SKU-02461,MaxiTech Cable USB Modelo 204,"Cable USB MaxiTech, modelo 204, producto para uso general.",80.53,94,1,2026-01-24 09:00:00,2026-02-16 14:00:00
2462,SKU-02462,MaxiTech Smartwatch Modelo 205,"Smartwatch MaxiTech, modelo 205, producto para uso general.",4061.98,111,1,2026-01-25 09:00:00,2026-02-18 15:00:00
2463,SKU-02463,MaxiTech Teclado mecánico Modelo 206,"Teclado mecánico MaxiTech, modelo 206, producto para uso general.",2263.34,128,1,2026-01-26 09:00:00,2026-02-20 16:00:00
2464,SKU-02464,MaxiTech Silla de oficina Modelo 207,"Silla de oficina MaxiTech, modelo 207, producto para uso general.",5164.72,145,1,2026-01-27 09:00:00,2026-02-22 17:00:00
2465,SKU-02465,MaxiTech Mochila Modelo 208,"Mochila MaxiTech, modelo 208, producto para uso general.",2066.08,162,1,2026-01-28 09:00:00,2026-02-24 18:00:00
2466,SKU-02466,MaxiTech Cámara Modelo 209,"Cámara MaxiTech, modelo 209, producto para uso general.",6867.46,179,1,2026-01-29 09:00:00,2026-02-26 19:00:00
2467,SKU-02467,MaxiTech Micrófono Modelo 210,"Micrófono MaxiTech, modelo 210, producto para uso general.",4268.83,196,1,2026-01-30 09:00:00,2026-02-28 20:00:00
2468,SKU-02468,DigitalX Laptop Modelo 211,"Laptop DigitalX, modelo 211, producto para uso general.",11870.20,12,1,2026-01-31 09:00:00,2026-01-31 09:00:00
2469,SKU-02469,DigitalX Mouse Modelo 212,"Mouse DigitalX, modelo 212, producto para uso general.",671.53,29,1,2026-02-01 09:00:00,2026-02-02 10:00:00
2470,SKU-02470,DigitalX Teclado Modelo 213,"Teclado DigitalX, modelo 213, producto para uso general.",672.92,46,1,2026-02-02 09:00:00,2026-02-04 11:00:00
2471,SKU-02471,DigitalX Monitor Modelo 214,"Monitor DigitalX, modelo 214, producto para uso general.",5874.31,63,1,2026-02-03 09:00:00,2026-02-06 12:00:00
2472,SKU-02472,DigitalX Audífonos Modelo 215,"Audífonos DigitalX, modelo 215, producto para uso general.",1575.67,80,1,2026-02-04 09:00:00,2026-02-08 13:00:00
2473,SKU-02473,DigitalX Webcam Modelo 216,"Webcam DigitalX, modelo 216, producto para uso general.",2177.04,97,1,2026-02-05 09:00:00,2026-02-10 14:00:00
2474,SKU-02474,DigitalX Memoria USB Modelo 217,"Memoria USB DigitalX, modelo 217, producto para uso general.",318.36,114,1,2026-02-06 09:00:00,2026-02-12 15:00:00
2475,SKU-02475,DigitalX Disco SSD Modelo 218,"Disco SSD DigitalX, modelo 218, producto para uso general.",4279.79,131,1,2026-02-07 09:00:00,2026-02-14 16:00:00
2476,SKU-02476,DigitalX Router Modelo 219,"Router DigitalX, modelo 219, producto para uso general.",1081.15,148,1,2026-02-08 09:00:00,2026-02-16 17:00:00
2477,SKU-02477,DigitalX Impresora Modelo 220,"Impresora DigitalX, modelo 220, producto para uso general.",5182.53,165,1,2026-02-09 09:00:00,2026-02-18 18:00:00
2478,SKU-02478,DigitalX Bocina Bluetooth Modelo 221,"Bocina Bluetooth DigitalX, modelo 221, producto para uso general.",1483.89,182,1,2026-02-10 09:00:00,2026-02-20 19:00:00
2479,SKU-02479,DigitalX Tablet Modelo 222,"Tablet DigitalX, modelo 222, producto para uso general.",5885.27,199,1,2026-02-11 09:00:00,2026-02-22 20:00:00
2480,SKU-02480,DigitalX Cargador Modelo 223,"Cargador DigitalX, modelo 223, producto para uso general.",506.61,15,1,2026-02-12 09:00:00,2026-02-24 09:00:00
2481,SKU-02481,DigitalX Cable USB Modelo 224,"Cable USB DigitalX, modelo 224, producto para uso general.",107.93,32,1,2026-02-13 09:00:00,2026-02-26 10:00:00
2482,SKU-02482,DigitalX Smartwatch Modelo 225,"Smartwatch DigitalX, modelo 225, producto para uso general.",4089.38,49,1,2026-02-14 09:00:00,2026-02-28 11:00:00
2483,SKU-02483,DigitalX Teclado mecánico Modelo 226,"Teclado mecánico DigitalX, modelo 226, producto para uso general.",2290.74,66,1,2026-02-15 09:00:00,2026-03-02 12:00:00
2484,SKU-02484,DigitalX Silla de oficina Modelo 227,"Silla de oficina DigitalX, modelo 227, producto para uso general.",5192.12,83,1,2026-02-16 09:00:00,2026-03-04 13:00:00
2485,SKU-02485,DigitalX Mochila Modelo 228,"Mochila DigitalX, modelo 228, producto para uso general.",2093.48,100,1,2026-02-17 09:00:00,2026-03-06 14:00:00
2486,SKU-02486,DigitalX Cámara Modelo 229,"Cámara DigitalX, modelo 229, producto para uso general.",6894.86,117,1,2026-02-18 09:00:00,2026-03-08 15:00:00
2487,SKU-02487,DigitalX Micrófono Modelo 230,"Micrófono DigitalX, modelo 230, producto para uso general.",4296.23,134,1,2026-02-19 09:00:00,2026-03-10 16:00:00
2488,SKU-02488,SmartOne Laptop Modelo 231,"Laptop SmartOne, modelo 231, producto para uso general.",11897.60,151,1,2026-02-20 09:00:00,2026-03-12 17:00:00
2489,SKU-02489,SmartOne Mouse Modelo 232,"Mouse SmartOne, modelo 232, producto para uso general.",698.93,168,1,2026-02-21 09:00:00,2026-03-14 18:00:00
2490,SKU-02490,SmartOne Teclado Modelo 233,"Teclado SmartOne, modelo 233, producto para uso general.",700.32,185,1,2026-02-22 09:00:00,2026-03-16 19:00:00
2491,SKU-02491,SmartOne Monitor Modelo 234,"Monitor SmartOne, modelo 234, producto para uso general.",5901.71,1,1,2026-02-23 09:00:00,2026-03-18 20:00:00
2492,SKU-02492,SmartOne Audífonos Modelo 235,"Audífonos SmartOne, modelo 235, producto para uso general.",1603.07,18,1,2026-02-24 09:00:00,2026-03-20 09:00:00
2493,SKU-02493,SmartOne Webcam Modelo 236,"Webcam SmartOne, modelo 236, producto para uso general.",504.43,35,1,2026-02-25 09:00:00,2026-03-22 10:00:00
2494,SKU-02494,SmartOne Memoria USB Modelo 237,"Memoria USB SmartOne, modelo 237, producto para uso general.",345.76,52,1,2026-02-26 09:00:00,2026-03-24 11:00:00
2495,SKU-02495,SmartOne Disco SSD Modelo 238,"Disco SSD SmartOne, modelo 238, producto para uso general.",4307.19,69,1,2026-02-27 09:00:00,2026-03-26 12:00:00
2496,SKU-02496,SmartOne Router Modelo 239,"Router SmartOne, modelo 239, producto para uso general.",1108.55,86,1,2026-02-28 09:00:00,2026-03-28 13:00:00
2497,SKU-02497,SmartOne Impresora Modelo 240,"Impresora SmartOne, modelo 240, producto para uso general.",5209.93,103,1,2026-03-01 09:00:00,2026-03-30 14:00:00
2498,SKU-02498,SmartOne Bocina Bluetooth Modelo 241,"Bocina Bluetooth SmartOne, modelo 241, producto para uso general.",1511.29,120,1,2026-03-02 09:00:00,2026-03-02 15:00:00
2499,SKU-02499,SmartOne Tablet Modelo 242,"Tablet SmartOne, modelo 242, producto para uso general.",5912.67,137,1,2026-03-03 09:00:00,2026-03-04 16:00:00
2500,SKU-02500,SmartOne Cargador Modelo 243,"Cargador SmartOne, modelo 243, producto para uso general.",534.01,154,1,2026-03-04 09:00:00,2026-03-06 17:00:00
2501,SKU-02501,SmartOne Cable USB Modelo 244,"Cable USB SmartOne, modelo 244, producto para uso general.",135.33,171,1,2026-03-05 09:00:00,2026-03-08 18:00:00
2502,SKU-02502,SmartOne Smartwatch Modelo 245,"Smartwatch SmartOne, modelo 245, producto para uso general.",4116.78,188,1,2026-03-06 09:00:00,2026-03-10 19:00:00
2503,SKU-02503,SmartOne Teclado mecánico Modelo 246,"Teclado mecánico SmartOne, modelo 246, producto para uso general.",2318.14,4,1,2026-03-07 09:00:00,2026-03-12 20:00:00
2504,SKU-02504,SmartOne Silla de oficina Modelo 247,"Silla de oficina SmartOne, modelo 247, producto para uso general.",5219.52,21,1,2026-03-08 09:00:00,2026-03-14 09:00:00
2505,SKU-02505,SmartOne Mochila Modelo 248,"Mochila SmartOne, modelo 248, producto para uso general.",2120.88,38,1,2026-03-09 09:00:00,2026-03-16 10:00:00
2506,SKU-02506,SmartOne Cámara Modelo 249,"Cámara SmartOne, modelo 249, producto para uso general.",6922.26,55,1,2026-03-10 09:00:00,2026-03-18 11:00:00
2507,SKU-02507,SmartOne Micrófono Modelo 250,"Micrófono SmartOne, modelo 250, producto para uso general.",4323.63,72,1,2026-03-11 09:00:00,2026-03-20 12:00:00
2508,SKU-02508,ProLine Laptop Modelo 001,"Laptop ProLine, modelo 001, producto para uso general.",11925.00,89,1,2026-03-12 09:00:00,2026-03-22 13:00:00
2509,SKU-02509,ProLine Mouse Modelo 002,"Mouse ProLine, modelo 002, producto para uso general.",726.33,106,1,2026-03-13 09:00:00,2026-03-24 14:00:00
2510,SKU-02510,ProLine Teclado Modelo 003,"Teclado ProLine, modelo 003, producto para uso general.",727.72,123,1,2026-03-14 09:00:00,2026-03-26 15:00:00
2511,SKU-02511,ProLine Monitor Modelo 004,"Monitor ProLine, modelo 004, producto para uso general.",5929.11,140,1,2026-03-15 09:00:00,2026-03-28 16:00:00
2512,SKU-02512,ProLine Audífonos Modelo 005,"Audífonos ProLine, modelo 005, producto para uso general.",1630.47,157,1,2026-03-16 09:00:00,2026-03-30 17:00:00
2513,SKU-02513,ProLine Webcam Modelo 006,"Webcam ProLine, modelo 006, producto para uso general.",531.83,174,1,2026-03-17 09:00:00,2026-04-01 18:00:00
2514,SKU-02514,ProLine Memoria USB Modelo 007,"Memoria USB ProLine, modelo 007, producto para uso general.",373.16,191,1,2026-03-18 09:00:00,2026-04-03 19:00:00
2515,SKU-02515,ProLine Disco SSD Modelo 008,"Disco SSD ProLine, modelo 008, producto para uso general.",4334.59,7,1,2026-03-19 09:00:00,2026-04-05 20:00:00
2516,SKU-02516,ProLine Router Modelo 009,"Router ProLine, modelo 009, producto para uso general.",1135.95,24,1,2026-03-20 09:00:00,2026-04-07 09:00:00
2517,SKU-02517,ProLine Impresora Modelo 010,"Impresora ProLine, modelo 010, producto para uso general.",5237.33,41,1,2026-03-21 09:00:00,2026-04-09 10:00:00
2518,SKU-02518,ProLine Bocina Bluetooth Modelo 011,"Bocina Bluetooth ProLine, modelo 011, producto para uso general.",1538.69,58,1,2026-03-22 09:00:00,2026-04-11 11:00:00
2519,SKU-02519,ProLine Tablet Modelo 012,"Tablet ProLine, modelo 012, producto para uso general.",5940.07,75,1,2026-03-23 09:00:00,2026-04-13 12:00:00
2520,SKU-02520,ProLine Cargador Modelo 013,"Cargador ProLine, modelo 013, producto para uso general.",561.41,92,1,2026-03-24 09:00:00,2026-04-15 13:00:00
2521,SKU-02521,ProLine Cable USB Modelo 014,"Cable USB ProLine, modelo 014, producto para uso general.",162.73,109,1,2026-03-25 09:00:00,2026-04-17 14:00:00
2522,SKU-02522,ProLine Smartwatch Modelo 015,"Smartwatch ProLine, modelo 015, producto para uso general.",4144.18,126,1,2026-03-26 09:00:00,2026-04-19 15:00:00
2523,SKU-02523,ProLine Teclado mecánico Modelo 016,"Teclado mecánico ProLine, modelo 016, producto para uso general.",2345.54,143,1,2026-03-27 09:00:00,2026-04-21 16:00:00
2524,SKU-02524,ProLine Silla de oficina Modelo 017,"Silla de oficina ProLine, modelo 017, producto para uso general.",5246.92,160,1,2026-03-28 09:00:00,2026-04-23 17:00:00
2525,SKU-02525,ProLine Mochila Modelo 018,"Mochila ProLine, modelo 018, producto para uso general.",2148.28,177,1,2026-03-29 09:00:00,2026-04-25 18:00:00
2526,SKU-02526,ProLine Cámara Modelo 019,"Cámara ProLine, modelo 019, producto para uso general.",6949.66,194,1,2026-03-30 09:00:00,2026-04-27 19:00:00
2527,SKU-02527,ProLine Micrófono Modelo 020,"Micrófono ProLine, modelo 020, producto para uso general.",4351.03,10,1,2026-03-31 09:00:00,2026-04-29 20:00:00
2528,SKU-02528,Ultra Laptop Modelo 021,"Laptop Ultra, modelo 021, producto para uso general.",11952.40,27,1,2026-04-01 09:00:00,2026-04-01 09:00:00
2529,SKU-02529,Ultra Mouse Modelo 022,"Mouse Ultra, modelo 022, producto para uso general.",753.73,44,1,2026-04-02 09:00:00,2026-04-03 10:00:00
2530,SKU-02530,Ultra Teclado Modelo 023,"Teclado Ultra, modelo 023, producto para uso general.",755.12,61,1,2026-04-03 09:00:00,2026-04-05 11:00:00
2531,SKU-02531,Ultra Monitor Modelo 024,"Monitor Ultra, modelo 024, producto para uso general.",5956.51,78,1,2026-04-04 09:00:00,2026-04-07 12:00:00
2532,SKU-02532,Ultra Audífonos Modelo 025,"Audífonos Ultra, modelo 025, producto para uso general.",1657.87,95,1,2026-04-05 09:00:00,2026-04-09 13:00:00
2533,SKU-02533,Ultra Webcam Modelo 026,"Webcam Ultra, modelo 026, producto para uso general.",559.23,112,1,2026-04-06 09:00:00,2026-04-11 14:00:00
2534,SKU-02534,Ultra Memoria USB Modelo 027,"Memoria USB Ultra, modelo 027, producto para uso general.",400.56,129,1,2026-04-07 09:00:00,2026-04-13 15:00:00
2535,SKU-02535,Ultra Disco SSD Modelo 028,"Disco SSD Ultra, modelo 028, producto para uso general.",4361.99,146,1,2026-04-08 09:00:00,2026-04-15 16:00:00
2536,SKU-02536,Ultra Router Modelo 029,"Router Ultra, modelo 029, producto para uso general.",1163.35,163,1,2026-04-09 09:00:00,2026-04-17 17:00:00
2537,SKU-02537,Ultra Impresora Modelo 030,"Impresora Ultra, modelo 030, producto para uso general.",5264.73,180,1,2026-04-10 09:00:00,2026-04-19 18:00:00
2538,SKU-02538,Ultra Bocina Bluetooth Modelo 031,"Bocina Bluetooth Ultra, modelo 031, producto para uso general.",1566.09,197,1,2026-04-11 09:00:00,2026-04-21 19:00:00
2539,SKU-02539,Ultra Tablet Modelo 032,"Tablet Ultra, modelo 032, producto para uso general.",5967.47,13,1,2026-04-12 09:00:00,2026-04-23 20:00:00
2540,SKU-02540,Ultra Cargador Modelo 033,"Cargador Ultra, modelo 033, producto para uso general.",588.81,30,1,2026-04-13 09:00:00,2026-04-25 09:00:00
2541,SKU-02541,Ultra Cable USB Modelo 034,"Cable USB Ultra, modelo 034, producto para uso general.",190.13,47,1,2026-04-14 09:00:00,2026-04-27 10:00:00
2542,SKU-02542,Ultra Smartwatch Modelo 035,"Smartwatch Ultra, modelo 035, producto para uso general.",4171.58,64,1,2026-04-15 09:00:00,2026-04-29 11:00:00
2543,SKU-02543,Ultra Teclado mecánico Modelo 036,"Teclado mecánico Ultra, modelo 036, producto para uso general.",2372.94,81,1,2026-04-16 09:00:00,2026-05-01 12:00:00
2544,SKU-02544,Ultra Silla de oficina Modelo 037,"Silla de oficina Ultra, modelo 037, producto para uso general.",5274.32,98,1,2026-04-17 09:00:00,2026-05-03 13:00:00
2545,SKU-02545,Ultra Mochila Modelo 038,"Mochila Ultra, modelo 038, producto para uso general.",2175.68,115,1,2026-04-18 09:00:00,2026-05-05 14:00:00
2546,SKU-02546,Ultra Cámara Modelo 039,"Cámara Ultra, modelo 039, producto para uso general.",6977.06,132,1,2026-04-19 09:00:00,2026-05-07 15:00:00
2547,SKU-02547,Ultra Micrófono Modelo 040,"Micrófono Ultra, modelo 040, producto para uso general.",4378.43,149,1,2026-04-20 09:00:00,2026-05-09 16:00:00
2548,SKU-02548,Vision Laptop Modelo 041,"Laptop Vision, modelo 041, producto para uso general.",11979.80,166,1,2026-04-21 09:00:00,2026-05-11 17:00:00
2549,SKU-02549,Vision Mouse Modelo 042,"Mouse Vision, modelo 042, producto para uso general.",781.13,183,1,2026-04-22 09:00:00,2026-05-13 18:00:00
2550,SKU-02550,Vision Teclado Modelo 043,"Teclado Vision, modelo 043, producto para uso general.",782.52,200,1,2026-04-23 09:00:00,2026-05-15 19:00:00
2551,SKU-02551,Vision Monitor Modelo 044,"Monitor Vision, modelo 044, producto para uso general.",5983.91,16,1,2026-04-24 09:00:00,2026-05-17 20:00:00
2552,SKU-02552,Vision Audífonos Modelo 045,"Audífonos Vision, modelo 045, producto para uso general.",1685.27,33,1,2026-04-25 09:00:00,2026-05-19 09:00:00
2553,SKU-02553,Vision Webcam Modelo 046,"Webcam Vision, modelo 046, producto para uso general.",586.63,50,1,2026-04-26 09:00:00,2026-05-21 10:00:00
2554,SKU-02554,Vision Memoria USB Modelo 047,"Memoria USB Vision, modelo 047, producto para uso general.",427.96,67,1,2026-04-27 09:00:00,2026-05-23 11:00:00
2555,SKU-02555,Vision Disco SSD Modelo 048,"Disco SSD Vision, modelo 048, producto para uso general.",4389.39,84,1,2026-04-28 09:00:00,2026-05-25 12:00:00
2556,SKU-02556,Vision Router Modelo 049,"Router Vision, modelo 049, producto para uso general.",1190.75,101,1,2026-04-29 09:00:00,2026-05-27 13:00:00
2557,SKU-02557,Vision Impresora Modelo 050,"Impresora Vision, modelo 050, producto para uso general.",5292.13,118,1,2026-04-30 09:00:00,2026-05-29 14:00:00
2558,SKU-02558,Vision Bocina Bluetooth Modelo 051,"Bocina Bluetooth Vision, modelo 051, producto para uso general.",1593.49,135,1,2026-05-01 09:00:00,2026-05-01 15:00:00
2559,SKU-02559,Vision Tablet Modelo 052,"Tablet Vision, modelo 052, producto para uso general.",5994.87,152,1,2026-05-02 09:00:00,2026-05-03 16:00:00
2560,SKU-02560,Vision Cargador Modelo 053,"Cargador Vision, modelo 053, producto para uso general.",616.21,169,1,2026-05-03 09:00:00,2026-05-05 17:00:00
2561,SKU-02561,Vision Cable USB Modelo 054,"Cable USB Vision, modelo 054, producto para uso general.",217.53,186,1,2026-05-04 09:00:00,2026-05-07 18:00:00
2562,SKU-02562,Vision Smartwatch Modelo 055,"Smartwatch Vision, modelo 055, producto para uso general.",4198.98,2,1,2026-05-05 09:00:00,2026-05-09 19:00:00
2563,SKU-02563,Vision Teclado mecánico Modelo 056,"Teclado mecánico Vision, modelo 056, producto para uso general.",2400.34,19,1,2026-05-06 09:00:00,2026-05-11 20:00:00
2564,SKU-02564,Vision Silla de oficina Modelo 057,"Silla de oficina Vision, modelo 057, producto para uso general.",5301.72,36,1,2026-05-07 09:00:00,2026-05-13 09:00:00
2565,SKU-02565,Vision Mochila Modelo 058,"Mochila Vision, modelo 058, producto para uso general.",453.07,53,1,2026-05-08 09:00:00,2026-05-15 10:00:00
2566,SKU-02566,Vision Cámara Modelo 059,"Cámara Vision, modelo 059, producto para uso general.",7004.46,70,1,2026-05-09 09:00:00,2026-05-17 11:00:00
2567,SKU-02567,Vision Micrófono Modelo 060,"Micrófono Vision, modelo 060, producto para uso general.",4405.83,87,1,2026-05-10 09:00:00,2026-05-19 12:00:00
2568,SKU-02568,Connect Laptop Modelo 061,"Laptop Connect, modelo 061, producto para uso general.",12007.20,104,1,2026-05-11 09:00:00,2026-05-21 13:00:00
2569,SKU-02569,Connect Mouse Modelo 062,"Mouse Connect, modelo 062, producto para uso general.",808.53,121,1,2026-05-12 09:00:00,2026-05-23 14:00:00
2570,SKU-02570,Connect Teclado Modelo 063,"Teclado Connect, modelo 063, producto para uso general.",809.92,138,1,2026-05-13 09:00:00,2026-05-25 15:00:00
2571,SKU-02571,Connect Monitor Modelo 064,"Monitor Connect, modelo 064, producto para uso general.",6011.31,155,1,2026-05-14 09:00:00,2026-05-27 16:00:00
2572,SKU-02572,Connect Audífonos Modelo 065,"Audífonos Connect, modelo 065, producto para uso general.",1712.67,172,1,2026-05-15 09:00:00,2026-05-29 17:00:00
2573,SKU-02573,Connect Webcam Modelo 066,"Webcam Connect, modelo 066, producto para uso general.",614.03,189,1,2026-05-16 09:00:00,2026-05-31 18:00:00
2574,SKU-02574,Connect Memoria USB Modelo 067,"Memoria USB Connect, modelo 067, producto para uso general.",455.36,5,1,2026-05-17 09:00:00,2026-06-02 19:00:00
2575,SKU-02575,Connect Disco SSD Modelo 068,"Disco SSD Connect, modelo 068, producto para uso general.",4416.79,22,1,2026-05-18 09:00:00,2026-06-04 20:00:00
2576,SKU-02576,Connect Router Modelo 069,"Router Connect, modelo 069, producto para uso general.",1218.15,39,1,2026-05-19 09:00:00,2026-06-06 09:00:00
2577,SKU-02577,Connect Impresora Modelo 070,"Impresora Connect, modelo 070, producto para uso general.",5319.53,56,1,2026-05-20 09:00:00,2026-06-08 10:00:00
2578,SKU-02578,Connect Bocina Bluetooth Modelo 071,"Bocina Bluetooth Connect, modelo 071, producto para uso general.",1620.89,73,1,2026-05-21 09:00:00,2026-06-10 11:00:00
2579,SKU-02579,Connect Tablet Modelo 072,"Tablet Connect, modelo 072, producto para uso general.",6022.27,90,1,2026-05-22 09:00:00,2026-06-12 12:00:00
2580,SKU-02580,Connect Cargador Modelo 073,"Cargador Connect, modelo 073, producto para uso general.",643.61,107,1,2026-05-23 09:00:00,2026-06-14 13:00:00
2581,SKU-02581,Connect Cable USB Modelo 074,"Cable USB Connect, modelo 074, producto para uso general.",244.93,124,1,2026-05-24 09:00:00,2026-06-16 14:00:00
2582,SKU-02582,Connect Smartwatch Modelo 075,"Smartwatch Connect, modelo 075, producto para uso general.",4226.38,141,1,2026-05-25 09:00:00,2026-06-18 15:00:00
2583,SKU-02583,Connect Teclado mecánico Modelo 076,"Teclado mecánico Connect, modelo 076, producto para uso general.",2427.74,158,1,2026-05-26 09:00:00,2026-06-20 16:00:00
2584,SKU-02584,Connect Silla de oficina Modelo 077,"Silla de oficina Connect, modelo 077, producto para uso general.",5329.12,175,1,2026-05-27 09:00:00,2026-06-22 17:00:00
2585,SKU-02585,Connect Mochila Modelo 078,"Mochila Connect, modelo 078, producto para uso general.",480.47,192,1,2026-05-28 09:00:00,2026-06-24 18:00:00
2586,SKU-02586,Connect Cámara Modelo 079,"Cámara Connect, modelo 079, producto para uso general.",7031.86,8,1,2026-05-29 09:00:00,2026-06-26 19:00:00
2587,SKU-02587,Connect Micrófono Modelo 080,"Micrófono Connect, modelo 080, producto para uso general.",4433.23,25,1,2026-05-30 09:00:00,2026-06-28 20:00:00
2588,SKU-02588,Advance Laptop Modelo 081,"Laptop Advance, modelo 081, producto para uso general.",12034.60,42,1,2026-05-31 09:00:00,2026-05-31 09:00:00
2589,SKU-02589,Advance Mouse Modelo 082,"Mouse Advance, modelo 082, producto para uso general.",835.93,59,1,2026-06-01 09:00:00,2026-06-02 10:00:00
2590,SKU-02590,Advance Teclado Modelo 083,"Teclado Advance, modelo 083, producto para uso general.",837.32,76,1,2026-06-02 09:00:00,2026-06-04 11:00:00
2591,SKU-02591,Advance Monitor Modelo 084,"Monitor Advance, modelo 084, producto para uso general.",6038.71,93,1,2026-06-03 09:00:00,2026-06-06 12:00:00
2592,SKU-02592,Advance Audífonos Modelo 085,"Audífonos Advance, modelo 085, producto para uso general.",1740.07,110,1,2026-06-04 09:00:00,2026-06-08 13:00:00
2593,SKU-02593,Advance Webcam Modelo 086,"Webcam Advance, modelo 086, producto para uso general.",641.43,127,1,2026-06-05 09:00:00,2026-06-10 14:00:00
2594,SKU-02594,Advance Memoria USB Modelo 087,"Memoria USB Advance, modelo 087, producto para uso general.",482.76,144,1,2026-06-06 09:00:00,2026-06-12 15:00:00
2595,SKU-02595,Advance Disco SSD Modelo 088,"Disco SSD Advance, modelo 088, producto para uso general.",4444.19,161,1,2026-06-07 09:00:00,2026-06-14 16:00:00
2596,SKU-02596,Advance Router Modelo 089,"Router Advance, modelo 089, producto para uso general.",1245.55,178,1,2026-06-08 09:00:00,2026-06-16 17:00:00
2597,SKU-02597,Advance Impresora Modelo 090,"Impresora Advance, modelo 090, producto para uso general.",5346.93,195,1,2026-06-09 09:00:00,2026-06-18 18:00:00
2598,SKU-02598,Advance Bocina Bluetooth Modelo 091,"Bocina Bluetooth Advance, modelo 091, producto para uso general.",1648.29,11,1,2026-06-10 09:00:00,2026-06-20 19:00:00
2599,SKU-02599,Advance Tablet Modelo 092,"Tablet Advance, modelo 092, producto para uso general.",6049.67,28,1,2026-06-11 09:00:00,2026-06-22 20:00:00
2600,SKU-02600,Advance Cargador Modelo 093,"Cargador Advance, modelo 093, producto para uso general.",671.01,45,1,2026-06-12 09:00:00,2026-06-24 09:00:00
2601,SKU-02601,Advance Cable USB Modelo 094,"Cable USB Advance, modelo 094, producto para uso general.",272.33,62,1,2026-06-13 09:00:00,2026-06-26 10:00:00
2602,SKU-02602,Advance Smartwatch Modelo 095,"Smartwatch Advance, modelo 095, producto para uso general.",4253.78,79,1,2026-06-14 09:00:00,2026-06-28 11:00:00
2603,SKU-02603,Advance Teclado mecánico Modelo 096,"Teclado mecánico Advance, modelo 096, producto para uso general.",2455.14,96,1,2026-06-15 09:00:00,2026-06-30 12:00:00
2604,SKU-02604,Advance Silla de oficina Modelo 097,"Silla de oficina Advance, modelo 097, producto para uso general.",5356.52,113,1,2026-06-16 09:00:00,2026-07-02 13:00:00
2605,SKU-02605,Advance Mochila Modelo 098,"Mochila Advance, modelo 098, producto para uso general.",507.87,130,1,2026-06-17 09:00:00,2026-07-04 14:00:00
2606,SKU-02606,Advance Cámara Modelo 099,"Cámara Advance, modelo 099, producto para uso general.",7059.26,147,1,2026-06-18 09:00:00,2026-07-06 15:00:00
2607,SKU-02607,Advance Micrófono Modelo 100,"Micrófono Advance, modelo 100, producto para uso general.",4460.63,164,1,2026-06-19 09:00:00,2026-07-08 16:00:00
2608,SKU-02608,TechPro Laptop Modelo 101,"Laptop TechPro, modelo 101, producto para uso general.",12062.00,181,1,2026-06-20 09:00:00,2026-07-10 17:00:00
2609,SKU-02609,TechPro Mouse Modelo 102,"Mouse TechPro, modelo 102, producto para uso general.",863.33,198,1,2026-06-21 09:00:00,2026-07-12 18:00:00
2610,SKU-02610,TechPro Teclado Modelo 103,"Teclado TechPro, modelo 103, producto para uso general.",864.72,14,1,2026-06-22 09:00:00,2026-07-14 19:00:00
2611,SKU-02611,TechPro Monitor Modelo 104,"Monitor TechPro, modelo 104, producto para uso general.",6066.11,31,1,2026-06-23 09:00:00,2026-07-16 20:00:00
2612,SKU-02612,TechPro Audífonos Modelo 105,"Audífonos TechPro, modelo 105, producto para uso general.",1767.47,48,1,2026-06-24 09:00:00,2026-07-18 09:00:00
2613,SKU-02613,TechPro Webcam Modelo 106,"Webcam TechPro, modelo 106, producto para uso general.",668.83,65,1,2026-06-25 09:00:00,2026-07-20 10:00:00
2614,SKU-02614,TechPro Memoria USB Modelo 107,"Memoria USB TechPro, modelo 107, producto para uso general.",510.16,82,1,2026-06-26 09:00:00,2026-07-22 11:00:00
2615,SKU-02615,TechPro Disco SSD Modelo 108,"Disco SSD TechPro, modelo 108, producto para uso general.",4471.59,99,1,2026-06-27 09:00:00,2026-07-24 12:00:00
2616,SKU-02616,TechPro Router Modelo 109,"Router TechPro, modelo 109, producto para uso general.",1272.95,116,1,2026-06-28 09:00:00,2026-07-26 13:00:00
2617,SKU-02617,TechPro Impresora Modelo 110,"Impresora TechPro, modelo 110, producto para uso general.",5374.33,133,1,2026-06-29 09:00:00,2026-07-28 14:00:00
2618,SKU-02618,TechPro Bocina Bluetooth Modelo 111,"Bocina Bluetooth TechPro, modelo 111, producto para uso general.",1675.69,150,1,2026-06-30 09:00:00,2026-06-30 15:00:00
2619,SKU-02619,TechPro Tablet Modelo 112,"Tablet TechPro, modelo 112, producto para uso general.",6077.07,167,1,2026-07-01 09:00:00,2026-07-02 16:00:00
2620,SKU-02620,TechPro Cargador Modelo 113,"Cargador TechPro, modelo 113, producto para uso general.",698.41,184,1,2026-07-02 09:00:00,2026-07-04 17:00:00
2621,SKU-02621,TechPro Cable USB Modelo 114,"Cable USB TechPro, modelo 114, producto para uso general.",299.73,0,0,2026-07-03 09:00:00,2026-07-06 18:00:00
2622,SKU-02622,TechPro Smartwatch Modelo 115,"Smartwatch TechPro, modelo 115, producto para uso general.",4281.18,17,1,2026-07-04 09:00:00,2026-07-08 19:00:00
2623,SKU-02623,TechPro Teclado mecánico Modelo 116,"Teclado mecánico TechPro, modelo 116, producto para uso general.",2482.54,34,1,2026-07-05 09:00:00,2026-07-10 20:00:00
2624,SKU-02624,TechPro Silla de oficina Modelo 117,"Silla de oficina TechPro, modelo 117, producto para uso general.",5383.92,51,1,2026-07-06 09:00:00,2026-07-12 09:00:00
2625,SKU-02625,TechPro Mochila Modelo 118,"Mochila TechPro, modelo 118, producto para uso general.",535.27,68,1,2026-07-07 09:00:00,2026-07-14 10:00:00
2626,SKU-02626,TechPro Cámara Modelo 119,"Cámara TechPro, modelo 119, producto para uso general.",7086.66,85,1,2026-07-08 09:00:00,2026-07-16 11:00:00
2627,SKU-02627,TechPro Micrófono Modelo 120,"Micrófono TechPro, modelo 120, producto para uso general.",4488.03,102,1,2026-07-09 09:00:00,2026-07-18 12:00:00
2628,SKU-02628,Nova Laptop Modelo 121,"Laptop Nova, modelo 121, producto para uso general.",12089.40,119,1,2026-07-10 09:00:00,2026-07-20 13:00:00
2629,SKU-02629,Nova Mouse Modelo 122,"Mouse Nova, modelo 122, producto para uso general.",890.73,136,1,2026-07-11 09:00:00,2026-07-22 14:00:00
2630,SKU-02630,Nova Teclado Modelo 123,"Teclado Nova, modelo 123, producto para uso general.",892.12,153,1,2026-07-12 09:00:00,2026-07-24 15:00:00
2631,SKU-02631,Nova Monitor Modelo 124,"Monitor Nova, modelo 124, producto para uso general.",6093.51,170,1,2026-07-13 09:00:00,2026-07-26 16:00:00
2632,SKU-02632,Nova Audífonos Modelo 125,"Audífonos Nova, modelo 125, producto para uso general.",1794.87,187,1,2026-07-14 09:00:00,2026-07-28 17:00:00
2633,SKU-02633,Nova Webcam Modelo 126,"Webcam Nova, modelo 126, producto para uso general.",696.23,3,1,2026-07-15 09:00:00,2026-07-30 18:00:00
2634,SKU-02634,Nova Memoria USB Modelo 127,"Memoria USB Nova, modelo 127, producto para uso general.",537.56,20,1,2026-07-16 09:00:00,2026-08-01 19:00:00
2635,SKU-02635,Nova Disco SSD Modelo 128,"Disco SSD Nova, modelo 128, producto para uso general.",4498.99,37,1,2026-07-17 09:00:00,2026-08-03 20:00:00
2636,SKU-02636,Nova Router Modelo 129,"Router Nova, modelo 129, producto para uso general.",1300.35,54,1,2026-07-18 09:00:00,2026-08-05 09:00:00
2637,SKU-02637,Nova Impresora Modelo 130,"Impresora Nova, modelo 130, producto para uso general.",5401.73,71,1,2026-07-19 09:00:00,2026-08-07 10:00:00
2638,SKU-02638,Nova Bocina Bluetooth Modelo 131,"Bocina Bluetooth Nova, modelo 131, producto para uso general.",1703.09,88,1,2026-07-20 09:00:00,2026-08-09 11:00:00
2639,SKU-02639,Nova Tablet Modelo 132,"Tablet Nova, modelo 132, producto para uso general.",6104.47,105,1,2026-07-21 09:00:00,2026-08-11 12:00:00
2640,SKU-02640,Nova Cargador Modelo 133,"Cargador Nova, modelo 133, producto para uso general.",725.81,122,1,2026-07-22 09:00:00,2026-08-13 13:00:00
2641,SKU-02641,Nova Cable USB Modelo 134,"Cable USB Nova, modelo 134, producto para uso general.",327.13,139,1,2026-07-23 09:00:00,2026-08-15 14:00:00
2642,SKU-02642,Nova Smartwatch Modelo 135,"Smartwatch Nova, modelo 135, producto para uso general.",4308.58,156,1,2026-07-24 09:00:00,2026-08-17 15:00:00
2643,SKU-02643,Nova Teclado mecánico Modelo 136,"Teclado mecánico Nova, modelo 136, producto para uso general.",709.93,173,1,2026-07-25 09:00:00,2026-08-19 16:00:00
2644,SKU-02644,Nova Silla de oficina Modelo 137,"Silla de oficina Nova, modelo 137, producto para uso general.",5411.32,190,1,2026-07-26 09:00:00,2026-08-21 17:00:00
2645,SKU-02645,Nova Mochila Modelo 138,"Mochila Nova, modelo 138, producto para uso general.",562.67,6,1,2026-07-27 09:00:00,2026-08-23 18:00:00
2646,SKU-02646,Nova Cámara Modelo 139,"Cámara Nova, modelo 139, producto para uso general.",7114.06,23,1,2026-07-28 09:00:00,2026-08-25 19:00:00
2647,SKU-02647,Nova Micrófono Modelo 140,"Micrófono Nova, modelo 140, producto para uso general.",4515.43,40,1,2026-07-29 09:00:00,2026-08-27 20:00:00
2648,SKU-02648,MaxiTech Laptop Modelo 141,"Laptop MaxiTech, modelo 141, producto para uso general.",12116.80,57,1,2026-07-30 09:00:00,2026-07-30 09:00:00
2649,SKU-02649,MaxiTech Mouse Modelo 142,"Mouse MaxiTech, modelo 142, producto para uso general.",198.12,74,1,2026-07-31 09:00:00,2026-08-01 10:00:00
2650,SKU-02650,MaxiTech Teclado Modelo 143,"Teclado MaxiTech, modelo 143, producto para uso general.",919.52,91,1,2026-08-01 09:00:00,2026-08-03 11:00:00
2651,SKU-02651,MaxiTech Monitor Modelo 144,"Monitor MaxiTech, modelo 144, producto para uso general.",6120.91,108,1,2026-08-02 09:00:00,2026-08-05 12:00:00
2652,SKU-02652,MaxiTech Audífonos Modelo 145,"Audífonos MaxiTech, modelo 145, producto para uso general.",1822.27,125,1,2026-08-03 09:00:00,2026-08-07 13:00:00
2653,SKU-02653,MaxiTech Webcam Modelo 146,"Webcam MaxiTech, modelo 146, producto para uso general.",723.63,142,1,2026-08-04 09:00:00,2026-08-09 14:00:00
2654,SKU-02654,MaxiTech Memoria USB Modelo 147,"Memoria USB MaxiTech, modelo 147, producto para uso general.",564.96,159,1,2026-08-05 09:00:00,2026-08-11 15:00:00
2655,SKU-02655,MaxiTech Disco SSD Modelo 148,"Disco SSD MaxiTech, modelo 148, producto para uso general.",926.38,176,1,2026-08-06 09:00:00,2026-08-13 16:00:00
2656,SKU-02656,MaxiTech Router Modelo 149,"Router MaxiTech, modelo 149, producto para uso general.",1327.75,193,1,2026-08-07 09:00:00,2026-08-15 17:00:00
2657,SKU-02657,MaxiTech Impresora Modelo 150,"Impresora MaxiTech, modelo 150, producto para uso general.",5429.13,9,1,2026-08-08 09:00:00,2026-08-17 18:00:00
2658,SKU-02658,MaxiTech Bocina Bluetooth Modelo 151,"Bocina Bluetooth MaxiTech, modelo 151, producto para uso general.",1730.49,26,1,2026-08-09 09:00:00,2026-08-19 19:00:00
2659,SKU-02659,MaxiTech Tablet Modelo 152,"Tablet MaxiTech, modelo 152, producto para uso general.",6131.87,43,1,2026-08-10 09:00:00,2026-08-21 20:00:00
2660,SKU-02660,MaxiTech Cargador Modelo 153,"Cargador MaxiTech, modelo 153, producto para uso general.",753.21,60,1,2026-08-11 09:00:00,2026-08-23 09:00:00
2661,SKU-02661,MaxiTech Cable USB Modelo 154,"Cable USB MaxiTech, modelo 154, producto para uso general.",354.53,77,1,2026-08-12 09:00:00,2026-08-25 10:00:00
2662,SKU-02662,MaxiTech Smartwatch Modelo 155,"Smartwatch MaxiTech, modelo 155, producto para uso general.",4335.98,94,1,2026-08-13 09:00:00,2026-08-27 11:00:00
2663,SKU-02663,MaxiTech Teclado mecánico Modelo 156,"Teclado mecánico MaxiTech, modelo 156, producto para uso general.",737.33,111,1,2026-08-14 09:00:00,2026-08-29 12:00:00
2664,SKU-02664,MaxiTech Silla de oficina Modelo 157,"Silla de oficina MaxiTech, modelo 157, producto para uso general.",5438.72,128,1,2026-08-15 09:00:00,2026-08-31 13:00:00
2665,SKU-02665,MaxiTech Mochila Modelo 158,"Mochila MaxiTech, modelo 158, producto para uso general.",590.07,145,1,2026-08-16 09:00:00,2026-09-02 14:00:00
2666,SKU-02666,MaxiTech Cámara Modelo 159,"Cámara MaxiTech, modelo 159, producto para uso general.",7141.46,162,1,2026-08-17 09:00:00,2026-09-04 15:00:00
2667,SKU-02667,MaxiTech Micrófono Modelo 160,"Micrófono MaxiTech, modelo 160, producto para uso general.",4542.83,179,1,2026-08-18 09:00:00,2026-09-06 16:00:00
2668,SKU-02668,DigitalX Laptop Modelo 161,"Laptop DigitalX, modelo 161, producto para uso general.",12144.20,196,1,2026-08-19 09:00:00,2026-09-08 17:00:00
2669,SKU-02669,DigitalX Mouse Modelo 162,"Mouse DigitalX, modelo 162, producto para uso general.",225.52,12,1,2026-08-20 09:00:00,2026-09-10 18:00:00
2670,SKU-02670,DigitalX Teclado Modelo 163,"Teclado DigitalX, modelo 163, producto para uso general.",946.92,29,1,2026-08-21 09:00:00,2026-09-12 19:00:00
2671,SKU-02671,DigitalX Monitor Modelo 164,"Monitor DigitalX, modelo 164, producto para uso general.",6148.31,46,1,2026-08-22 09:00:00,2026-09-14 20:00:00
2672,SKU-02672,DigitalX Audífonos Modelo 165,"Audífonos DigitalX, modelo 165, producto para uso general.",1849.67,63,1,2026-08-23 09:00:00,2026-09-16 09:00:00
2673,SKU-02673,DigitalX Webcam Modelo 166,"Webcam DigitalX, modelo 166, producto para uso general.",751.03,80,1,2026-08-24 09:00:00,2026-09-18 10:00:00
2674,SKU-02674,DigitalX Memoria USB Modelo 167,"Memoria USB DigitalX, modelo 167, producto para uso general.",592.36,97,1,2026-08-25 09:00:00,2026-09-20 11:00:00
2675,SKU-02675,DigitalX Disco SSD Modelo 168,"Disco SSD DigitalX, modelo 168, producto para uso general.",953.78,114,1,2026-08-26 09:00:00,2026-09-22 12:00:00
2676,SKU-02676,DigitalX Router Modelo 169,"Router DigitalX, modelo 169, producto para uso general.",1355.15,131,1,2026-08-27 09:00:00,2026-09-24 13:00:00
2677,SKU-02677,DigitalX Impresora Modelo 170,"Impresora DigitalX, modelo 170, producto para uso general.",5456.53,148,1,2026-08-28 09:00:00,2026-09-26 14:00:00
2678,SKU-02678,DigitalX Bocina Bluetooth Modelo 171,"Bocina Bluetooth DigitalX, modelo 171, producto para uso general.",1757.89,165,1,2026-08-29 09:00:00,2026-08-29 15:00:00
2679,SKU-02679,DigitalX Tablet Modelo 172,"Tablet DigitalX, modelo 172, producto para uso general.",6159.27,182,1,2026-08-30 09:00:00,2026-08-31 16:00:00
2680,SKU-02680,DigitalX Cargador Modelo 173,"Cargador DigitalX, modelo 173, producto para uso general.",780.61,199,1,2026-08-31 09:00:00,2026-09-02 17:00:00
2681,SKU-02681,DigitalX Cable USB Modelo 174,"Cable USB DigitalX, modelo 174, producto para uso general.",381.93,15,1,2026-09-01 09:00:00,2026-09-04 18:00:00
2682,SKU-02682,DigitalX Smartwatch Modelo 175,"Smartwatch DigitalX, modelo 175, producto para uso general.",4363.38,32,1,2026-09-02 09:00:00,2026-09-06 19:00:00
2683,SKU-02683,DigitalX Teclado mecánico Modelo 176,"Teclado mecánico DigitalX, modelo 176, producto para uso general.",764.73,49,1,2026-09-03 09:00:00,2026-09-08 20:00:00
2684,SKU-02684,DigitalX Silla de oficina Modelo 177,"Silla de oficina DigitalX, modelo 177, producto para uso general.",5466.12,66,1,2026-09-04 09:00:00,2026-09-10 09:00:00
2685,SKU-02685,DigitalX Mochila Modelo 178,"Mochila DigitalX, modelo 178, producto para uso general.",617.47,83,1,2026-09-05 09:00:00,2026-09-12 10:00:00
2686,SKU-02686,DigitalX Cámara Modelo 179,"Cámara DigitalX, modelo 179, producto para uso general.",7168.86,100,1,2026-09-06 09:00:00,2026-09-14 11:00:00
2687,SKU-02687,DigitalX Micrófono Modelo 180,"Micrófono DigitalX, modelo 180, producto para uso general.",4570.23,117,1,2026-09-07 09:00:00,2026-09-16 12:00:00
2688,SKU-02688,SmartOne Laptop Modelo 181,"Laptop SmartOne, modelo 181, producto para uso general.",12171.60,134,1,2026-09-08 09:00:00,2026-09-18 13:00:00
2689,SKU-02689,SmartOne Mouse Modelo 182,"Mouse SmartOne, modelo 182, producto para uso general.",252.92,151,1,2026-09-09 09:00:00,2026-09-20 14:00:00
2690,SKU-02690,SmartOne Teclado Modelo 183,"Teclado SmartOne, modelo 183, producto para uso general.",974.32,168,1,2026-09-10 09:00:00,2026-09-22 15:00:00
2691,SKU-02691,SmartOne Monitor Modelo 184,"Monitor SmartOne, modelo 184, producto para uso general.",6175.71,185,1,2026-09-11 09:00:00,2026-09-24 16:00:00
2692,SKU-02692,SmartOne Audífonos Modelo 185,"Audífonos SmartOne, modelo 185, producto para uso general.",1877.07,1,1,2026-09-12 09:00:00,2026-09-26 17:00:00
2693,SKU-02693,SmartOne Webcam Modelo 186,"Webcam SmartOne, modelo 186, producto para uso general.",778.43,18,1,2026-09-13 09:00:00,2026-09-28 18:00:00
2694,SKU-02694,SmartOne Memoria USB Modelo 187,"Memoria USB SmartOne, modelo 187, producto para uso general.",619.76,35,1,2026-09-14 09:00:00,2026-09-30 19:00:00
2695,SKU-02695,SmartOne Disco SSD Modelo 188,"Disco SSD SmartOne, modelo 188, producto para uso general.",981.18,52,1,2026-09-15 09:00:00,2026-10-02 20:00:00
2696,SKU-02696,SmartOne Router Modelo 189,"Router SmartOne, modelo 189, producto para uso general.",1382.55,69,1,2026-09-16 09:00:00,2026-10-04 09:00:00
2697,SKU-02697,SmartOne Impresora Modelo 190,"Impresora SmartOne, modelo 190, producto para uso general.",5483.93,86,1,2026-09-17 09:00:00,2026-10-06 10:00:00
2698,SKU-02698,SmartOne Bocina Bluetooth Modelo 191,"Bocina Bluetooth SmartOne, modelo 191, producto para uso general.",1785.29,103,1,2026-09-18 09:00:00,2026-10-08 11:00:00
2699,SKU-02699,SmartOne Tablet Modelo 192,"Tablet SmartOne, modelo 192, producto para uso general.",6186.67,120,1,2026-09-19 09:00:00,2026-10-10 12:00:00
2700,SKU-02700,SmartOne Cargador Modelo 193,"Cargador SmartOne, modelo 193, producto para uso general.",808.01,137,1,2026-09-20 09:00:00,2026-10-12 13:00:00
2701,SKU-02701,SmartOne Cable USB Modelo 194,"Cable USB SmartOne, modelo 194, producto para uso general.",409.33,154,1,2026-09-21 09:00:00,2026-10-14 14:00:00
2702,SKU-02702,SmartOne Smartwatch Modelo 195,"Smartwatch SmartOne, modelo 195, producto para uso general.",4390.78,171,1,2026-09-22 09:00:00,2026-10-16 15:00:00
2703,SKU-02703,SmartOne Teclado mecánico Modelo 196,"Teclado mecánico SmartOne, modelo 196, producto para uso general.",792.13,188,1,2026-09-23 09:00:00,2026-10-18 16:00:00
2704,SKU-02704,SmartOne Silla de oficina Modelo 197,"Silla de oficina SmartOne, modelo 197, producto para uso general.",5493.52,4,1,2026-09-24 09:00:00,2026-10-20 17:00:00
2705,SKU-02705,SmartOne Mochila Modelo 198,"Mochila SmartOne, modelo 198, producto para uso general.",644.87,21,1,2026-09-25 09:00:00,2026-10-22 18:00:00
2706,SKU-02706,SmartOne Cámara Modelo 199,"Cámara SmartOne, modelo 199, producto para uso general.",7196.26,38,1,2026-09-26 09:00:00,2026-10-24 19:00:00
2707,SKU-02707,SmartOne Micrófono Modelo 200,"Micrófono SmartOne, modelo 200, producto para uso general.",4597.63,55,1,2026-09-27 09:00:00,2026-10-26 20:00:00
2708,SKU-02708,ProLine Laptop Modelo 201,"Laptop ProLine, modelo 201, producto para uso general.",12199.00,72,1,2026-01-01 09:00:00,2026-01-01 09:00:00
2709,SKU-02709,ProLine Mouse Modelo 202,"Mouse ProLine, modelo 202, producto para uso general.",280.32,89,1,2026-01-02 09:00:00,2026-01-03 10:00:00
2710,SKU-02710,ProLine Teclado Modelo 203,"Teclado ProLine, modelo 203, producto para uso general.",1001.72,106,1,2026-01-03 09:00:00,2026-01-05 11:00:00
2711,SKU-02711,ProLine Monitor Modelo 204,"Monitor ProLine, modelo 204, producto para uso general.",6203.11,123,1,2026-01-04 09:00:00,2026-01-07 12:00:00
2712,SKU-02712,ProLine Audífonos Modelo 205,"Audífonos ProLine, modelo 205, producto para uso general.",1904.47,140,1,2026-01-05 09:00:00,2026-01-09 13:00:00
2713,SKU-02713,ProLine Webcam Modelo 206,"Webcam ProLine, modelo 206, producto para uso general.",805.83,157,1,2026-01-06 09:00:00,2026-01-11 14:00:00
2714,SKU-02714,ProLine Memoria USB Modelo 207,"Memoria USB ProLine, modelo 207, producto para uso general.",647.16,174,1,2026-01-07 09:00:00,2026-01-13 15:00:00
2715,SKU-02715,ProLine Disco SSD Modelo 208,"Disco SSD ProLine, modelo 208, producto para uso general.",1008.58,191,1,2026-01-08 09:00:00,2026-01-15 16:00:00
2716,SKU-02716,ProLine Router Modelo 209,"Router ProLine, modelo 209, producto para uso general.",1409.95,7,1,2026-01-09 09:00:00,2026-01-17 17:00:00
2717,SKU-02717,ProLine Impresora Modelo 210,"Impresora ProLine, modelo 210, producto para uso general.",5511.33,24,1,2026-01-10 09:00:00,2026-01-19 18:00:00
2718,SKU-02718,ProLine Bocina Bluetooth Modelo 211,"Bocina Bluetooth ProLine, modelo 211, producto para uso general.",1812.69,41,1,2026-01-11 09:00:00,2026-01-21 19:00:00
2719,SKU-02719,ProLine Tablet Modelo 212,"Tablet ProLine, modelo 212, producto para uso general.",6214.07,58,1,2026-01-12 09:00:00,2026-01-23 20:00:00
2720,SKU-02720,ProLine Cargador Modelo 213,"Cargador ProLine, modelo 213, producto para uso general.",835.41,75,1,2026-01-13 09:00:00,2026-01-25 09:00:00
2721,SKU-02721,ProLine Cable USB Modelo 214,"Cable USB ProLine, modelo 214, producto para uso general.",436.73,92,1,2026-01-14 09:00:00,2026-01-27 10:00:00
2722,SKU-02722,ProLine Smartwatch Modelo 215,"Smartwatch ProLine, modelo 215, producto para uso general.",4418.18,109,1,2026-01-15 09:00:00,2026-01-29 11:00:00
2723,SKU-02723,ProLine Teclado mecánico Modelo 216,"Teclado mecánico ProLine, modelo 216, producto para uso general.",819.53,126,1,2026-01-16 09:00:00,2026-01-31 12:00:00
2724,SKU-02724,ProLine Silla de oficina Modelo 217,"Silla de oficina ProLine, modelo 217, producto para uso general.",5520.92,143,1,2026-01-17 09:00:00,2026-02-02 13:00:00
2725,SKU-02725,ProLine Mochila Modelo 218,"Mochila ProLine, modelo 218, producto para uso general.",672.27,160,1,2026-01-18 09:00:00,2026-02-04 14:00:00
2726,SKU-02726,ProLine Cámara Modelo 219,"Cámara ProLine, modelo 219, producto para uso general.",7223.66,177,1,2026-01-19 09:00:00,2026-02-06 15:00:00
2727,SKU-02727,ProLine Micrófono Modelo 220,"Micrófono ProLine, modelo 220, producto para uso general.",4625.03,194,1,2026-01-20 09:00:00,2026-02-08 16:00:00
2728,SKU-02728,Ultra Laptop Modelo 221,"Laptop Ultra, modelo 221, producto para uso general.",12226.40,10,1,2026-01-21 09:00:00,2026-02-10 17:00:00
2729,SKU-02729,Ultra Mouse Modelo 222,"Mouse Ultra, modelo 222, producto para uso general.",307.72,27,1,2026-01-22 09:00:00,2026-02-12 18:00:00
2730,SKU-02730,Ultra Teclado Modelo 223,"Teclado Ultra, modelo 223, producto para uso general.",1029.12,44,1,2026-01-23 09:00:00,2026-02-14 19:00:00
2731,SKU-02731,Ultra Monitor Modelo 224,"Monitor Ultra, modelo 224, producto para uso general.",6230.51,61,1,2026-01-24 09:00:00,2026-02-16 20:00:00
2732,SKU-02732,Ultra Audífonos Modelo 225,"Audífonos Ultra, modelo 225, producto para uso general.",1931.87,78,1,2026-01-25 09:00:00,2026-02-18 09:00:00
2733,SKU-02733,Ultra Webcam Modelo 226,"Webcam Ultra, modelo 226, producto para uso general.",833.23,95,1,2026-01-26 09:00:00,2026-02-20 10:00:00
2734,SKU-02734,Ultra Memoria USB Modelo 227,"Memoria USB Ultra, modelo 227, producto para uso general.",144.55,112,1,2026-01-27 09:00:00,2026-02-22 11:00:00
2735,SKU-02735,Ultra Disco SSD Modelo 228,"Disco SSD Ultra, modelo 228, producto para uso general.",1035.98,129,1,2026-01-28 09:00:00,2026-02-24 12:00:00
2736,SKU-02736,Ultra Router Modelo 229,"Router Ultra, modelo 229, producto para uso general.",1437.35,146,1,2026-01-29 09:00:00,2026-02-26 13:00:00
2737,SKU-02737,Ultra Impresora Modelo 230,"Impresora Ultra, modelo 230, producto para uso general.",5538.73,163,1,2026-01-30 09:00:00,2026-02-28 14:00:00
2738,SKU-02738,Ultra Bocina Bluetooth Modelo 231,"Bocina Bluetooth Ultra, modelo 231, producto para uso general.",1840.09,180,1,2026-01-31 09:00:00,2026-01-31 15:00:00
2739,SKU-02739,Ultra Tablet Modelo 232,"Tablet Ultra, modelo 232, producto para uso general.",6241.47,197,1,2026-02-01 09:00:00,2026-02-02 16:00:00
2740,SKU-02740,Ultra Cargador Modelo 233,"Cargador Ultra, modelo 233, producto para uso general.",862.81,13,1,2026-02-02 09:00:00,2026-02-04 17:00:00
2741,SKU-02741,Ultra Cable USB Modelo 234,"Cable USB Ultra, modelo 234, producto para uso general.",464.13,30,1,2026-02-03 09:00:00,2026-02-06 18:00:00
2742,SKU-02742,Ultra Smartwatch Modelo 235,"Smartwatch Ultra, modelo 235, producto para uso general.",4445.58,47,1,2026-02-04 09:00:00,2026-02-08 19:00:00
2743,SKU-02743,Ultra Teclado mecánico Modelo 236,"Teclado mecánico Ultra, modelo 236, producto para uso general.",846.93,64,1,2026-02-05 09:00:00,2026-02-10 20:00:00
2744,SKU-02744,Ultra Silla de oficina Modelo 237,"Silla de oficina Ultra, modelo 237, producto para uso general.",5548.32,81,1,2026-02-06 09:00:00,2026-02-12 09:00:00
2745,SKU-02745,Ultra Mochila Modelo 238,"Mochila Ultra, modelo 238, producto para uso general.",699.67,98,1,2026-02-07 09:00:00,2026-02-14 10:00:00
2746,SKU-02746,Ultra Cámara Modelo 239,"Cámara Ultra, modelo 239, producto para uso general.",7251.06,115,1,2026-02-08 09:00:00,2026-02-16 11:00:00
2747,SKU-02747,Ultra Micrófono Modelo 240,"Micrófono Ultra, modelo 240, producto para uso general.",4652.43,132,1,2026-02-09 09:00:00,2026-02-18 12:00:00
2748,SKU-02748,Vision Laptop Modelo 241,"Laptop Vision, modelo 241, producto para uso general.",12253.80,149,1,2026-02-10 09:00:00,2026-02-20 13:00:00
2749,SKU-02749,Vision Mouse Modelo 242,"Mouse Vision, modelo 242, producto para uso general.",335.12,166,1,2026-02-11 09:00:00,2026-02-22 14:00:00
2750,SKU-02750,Vision Teclado Modelo 243,"Teclado Vision, modelo 243, producto para uso general.",1056.52,183,1,2026-02-12 09:00:00,2026-02-24 15:00:00
2751,SKU-02751,Vision Monitor Modelo 244,"Monitor Vision, modelo 244, producto para uso general.",6257.91,200,1,2026-02-13 09:00:00,2026-02-26 16:00:00
2752,SKU-02752,Vision Audífonos Modelo 245,"Audífonos Vision, modelo 245, producto para uso general.",1959.27,16,1,2026-02-14 09:00:00,2026-02-28 17:00:00
2753,SKU-02753,Vision Webcam Modelo 246,"Webcam Vision, modelo 246, producto para uso general.",860.63,33,1,2026-02-15 09:00:00,2026-03-02 18:00:00
2754,SKU-02754,Vision Memoria USB Modelo 247,"Memoria USB Vision, modelo 247, producto para uso general.",171.95,50,1,2026-02-16 09:00:00,2026-03-04 19:00:00
2755,SKU-02755,Vision Disco SSD Modelo 248,"Disco SSD Vision, modelo 248, producto para uso general.",1063.38,67,1,2026-02-17 09:00:00,2026-03-06 20:00:00
2756,SKU-02756,Vision Router Modelo 249,"Router Vision, modelo 249, producto para uso general.",1464.75,84,1,2026-02-18 09:00:00,2026-03-08 09:00:00
2757,SKU-02757,Vision Impresora Modelo 250,"Impresora Vision, modelo 250, producto para uso general.",5566.13,101,1,2026-02-19 09:00:00,2026-03-10 10:00:00
2758,SKU-02758,Vision Bocina Bluetooth Modelo 001,"Bocina Bluetooth Vision, modelo 001, producto para uso general.",1867.49,118,1,2026-02-20 09:00:00,2026-03-12 11:00:00
2759,SKU-02759,Vision Tablet Modelo 002,"Tablet Vision, modelo 002, producto para uso general.",6268.87,135,1,2026-02-21 09:00:00,2026-03-14 12:00:00
2760,SKU-02760,Vision Cargador Modelo 003,"Cargador Vision, modelo 003, producto para uso general.",890.21,152,1,2026-02-22 09:00:00,2026-03-16 13:00:00
2761,SKU-02761,Vision Cable USB Modelo 004,"Cable USB Vision, modelo 004, producto para uso general.",491.53,169,1,2026-02-23 09:00:00,2026-03-18 14:00:00
2762,SKU-02762,Vision Smartwatch Modelo 005,"Smartwatch Vision, modelo 005, producto para uso general.",4472.98,186,1,2026-02-24 09:00:00,2026-03-20 15:00:00
2763,SKU-02763,Vision Teclado mecánico Modelo 006,"Teclado mecánico Vision, modelo 006, producto para uso general.",874.33,2,1,2026-02-25 09:00:00,2026-03-22 16:00:00
2764,SKU-02764,Vision Silla de oficina Modelo 007,"Silla de oficina Vision, modelo 007, producto para uso general.",5575.72,19,1,2026-02-26 09:00:00,2026-03-24 17:00:00
2765,SKU-02765,Vision Mochila Modelo 008,"Mochila Vision, modelo 008, producto para uso general.",727.07,36,1,2026-02-27 09:00:00,2026-03-26 18:00:00
2766,SKU-02766,Vision Cámara Modelo 009,"Cámara Vision, modelo 009, producto para uso general.",7278.46,53,1,2026-02-28 09:00:00,2026-03-28 19:00:00
2767,SKU-02767,Vision Micrófono Modelo 010,"Micrófono Vision, modelo 010, producto para uso general.",4679.83,70,1,2026-03-01 09:00:00,2026-03-30 20:00:00
2768,SKU-02768,Connect Laptop Modelo 011,"Laptop Connect, modelo 011, producto para uso general.",12281.20,87,1,2026-03-02 09:00:00,2026-03-02 09:00:00
2769,SKU-02769,Connect Mouse Modelo 012,"Mouse Connect, modelo 012, producto para uso general.",362.52,104,1,2026-03-03 09:00:00,2026-03-04 10:00:00
2770,SKU-02770,Connect Teclado Modelo 013,"Teclado Connect, modelo 013, producto para uso general.",1083.92,121,1,2026-03-04 09:00:00,2026-03-06 11:00:00
2771,SKU-02771,Connect Monitor Modelo 014,"Monitor Connect, modelo 014, producto para uso general.",6285.31,138,1,2026-03-05 09:00:00,2026-03-08 12:00:00
2772,SKU-02772,Connect Audífonos Modelo 015,"Audífonos Connect, modelo 015, producto para uso general.",1986.67,155,1,2026-03-06 09:00:00,2026-03-10 13:00:00
2773,SKU-02773,Connect Webcam Modelo 016,"Webcam Connect, modelo 016, producto para uso general.",888.03,172,1,2026-03-07 09:00:00,2026-03-12 14:00:00
2774,SKU-02774,Connect Memoria USB Modelo 017,"Memoria USB Connect, modelo 017, producto para uso general.",199.35,189,1,2026-03-08 09:00:00,2026-03-14 15:00:00
2775,SKU-02775,Connect Disco SSD Modelo 018,"Disco SSD Connect, modelo 018, producto para uso general.",1090.78,5,1,2026-03-09 09:00:00,2026-03-16 16:00:00
2776,SKU-02776,Connect Router Modelo 019,"Router Connect, modelo 019, producto para uso general.",1492.15,22,1,2026-03-10 09:00:00,2026-03-18 17:00:00
2777,SKU-02777,Connect Impresora Modelo 020,"Impresora Connect, modelo 020, producto para uso general.",5593.53,39,1,2026-03-11 09:00:00,2026-03-20 18:00:00
2778,SKU-02778,Connect Bocina Bluetooth Modelo 021,"Bocina Bluetooth Connect, modelo 021, producto para uso general.",1894.89,56,1,2026-03-12 09:00:00,2026-03-22 19:00:00
2779,SKU-02779,Connect Tablet Modelo 022,"Tablet Connect, modelo 022, producto para uso general.",6296.27,73,1,2026-03-13 09:00:00,2026-03-24 20:00:00
2780,SKU-02780,Connect Cargador Modelo 023,"Cargador Connect, modelo 023, producto para uso general.",917.61,90,1,2026-03-14 09:00:00,2026-03-26 09:00:00
2781,SKU-02781,Connect Cable USB Modelo 024,"Cable USB Connect, modelo 024, producto para uso general.",98.92,107,1,2026-03-15 09:00:00,2026-03-28 10:00:00
2782,SKU-02782,Connect Smartwatch Modelo 025,"Smartwatch Connect, modelo 025, producto para uso general.",700.37,124,1,2026-03-16 09:00:00,2026-03-30 11:00:00
2783,SKU-02783,Connect Teclado mecánico Modelo 026,"Teclado mecánico Connect, modelo 026, producto para uso general.",901.73,141,1,2026-03-17 09:00:00,2026-04-01 12:00:00
2784,SKU-02784,Connect Silla de oficina Modelo 027,"Silla de oficina Connect, modelo 027, producto para uso general.",5603.12,158,1,2026-03-18 09:00:00,2026-04-03 13:00:00
2785,SKU-02785,Connect Mochila Modelo 028,"Mochila Connect, modelo 028, producto para uso general.",754.47,175,1,2026-03-19 09:00:00,2026-04-05 14:00:00
2786,SKU-02786,Connect Cámara Modelo 029,"Cámara Connect, modelo 029, producto para uso general.",7305.86,192,1,2026-03-20 09:00:00,2026-04-07 15:00:00
2787,SKU-02787,Connect Micrófono Modelo 030,"Micrófono Connect, modelo 030, producto para uso general.",4707.23,8,1,2026-03-21 09:00:00,2026-04-09 16:00:00
2788,SKU-02788,Advance Laptop Modelo 031,"Laptop Advance, modelo 031, producto para uso general.",12308.60,25,1,2026-03-22 09:00:00,2026-04-11 17:00:00
2789,SKU-02789,Advance Mouse Modelo 032,"Mouse Advance, modelo 032, producto para uso general.",389.92,42,1,2026-03-23 09:00:00,2026-04-13 18:00:00
2790,SKU-02790,Advance Teclado Modelo 033,"Teclado Advance, modelo 033, producto para uso general.",1111.32,59,1,2026-03-24 09:00:00,2026-04-15 19:00:00
2791,SKU-02791,Advance Monitor Modelo 034,"Monitor Advance, modelo 034, producto para uso general.",6312.71,76,1,2026-03-25 09:00:00,2026-04-17 20:00:00
2792,SKU-02792,Advance Audífonos Modelo 035,"Audífonos Advance, modelo 035, producto para uso general.",2014.07,93,1,2026-03-26 09:00:00,2026-04-19 09:00:00
2793,SKU-02793,Advance Webcam Modelo 036,"Webcam Advance, modelo 036, producto para uso general.",915.43,110,1,2026-03-27 09:00:00,2026-04-21 10:00:00
2794,SKU-02794,Advance Memoria USB Modelo 037,"Memoria USB Advance, modelo 037, producto para uso general.",226.75,127,1,2026-03-28 09:00:00,2026-04-23 11:00:00
2795,SKU-02795,Advance Disco SSD Modelo 038,"Disco SSD Advance, modelo 038, producto para uso general.",1118.18,144,1,2026-03-29 09:00:00,2026-04-25 12:00:00
2796,SKU-02796,Advance Router Modelo 039,"Router Advance, modelo 039, producto para uso general.",1519.55,161,1,2026-03-30 09:00:00,2026-04-27 13:00:00
2797,SKU-02797,Advance Impresora Modelo 040,"Impresora Advance, modelo 040, producto para uso general.",5620.93,178,1,2026-03-31 09:00:00,2026-04-29 14:00:00
2798,SKU-02798,Advance Bocina Bluetooth Modelo 041,"Bocina Bluetooth Advance, modelo 041, producto para uso general.",1922.29,195,1,2026-04-01 09:00:00,2026-04-01 15:00:00
2799,SKU-02799,Advance Tablet Modelo 042,"Tablet Advance, modelo 042, producto para uso general.",6323.67,11,1,2026-04-02 09:00:00,2026-04-03 16:00:00
2800,SKU-02800,Advance Cargador Modelo 043,"Cargador Advance, modelo 043, producto para uso general.",945.01,28,1,2026-04-03 09:00:00,2026-04-05 17:00:00
2801,SKU-02801,Advance Cable USB Modelo 044,"Cable USB Advance, modelo 044, producto para uso general.",126.32,45,1,2026-04-04 09:00:00,2026-04-07 18:00:00
2802,SKU-02802,Advance Smartwatch Modelo 045,"Smartwatch Advance, modelo 045, producto para uso general.",727.77,62,1,2026-04-05 09:00:00,2026-04-09 19:00:00
2803,SKU-02803,Advance Teclado mecánico Modelo 046,"Teclado mecánico Advance, modelo 046, producto para uso general.",929.13,79,1,2026-04-06 09:00:00,2026-04-11 20:00:00
2804,SKU-02804,Advance Silla de oficina Modelo 047,"Silla de oficina Advance, modelo 047, producto para uso general.",5630.52,96,1,2026-04-07 09:00:00,2026-04-13 09:00:00
2805,SKU-02805,Advance Mochila Modelo 048,"Mochila Advance, modelo 048, producto para uso general.",781.87,113,1,2026-04-08 09:00:00,2026-04-15 10:00:00
2806,SKU-02806,Advance Cámara Modelo 049,"Cámara Advance, modelo 049, producto para uso general.",7333.26,130,1,2026-04-09 09:00:00,2026-04-17 11:00:00
2807,SKU-02807,Advance Micrófono Modelo 050,"Micrófono Advance, modelo 050, producto para uso general.",4734.63,147,1,2026-04-10 09:00:00,2026-04-19 12:00:00
2808,SKU-02808,TechPro Laptop Modelo 051,"Laptop TechPro, modelo 051, producto para uso general.",12336.00,164,1,2026-04-11 09:00:00,2026-04-21 13:00:00
2809,SKU-02809,TechPro Mouse Modelo 052,"Mouse TechPro, modelo 052, producto para uso general.",417.32,181,1,2026-04-12 09:00:00,2026-04-23 14:00:00
2810,SKU-02810,TechPro Teclado Modelo 053,"Teclado TechPro, modelo 053, producto para uso general.",1138.72,198,1,2026-04-13 09:00:00,2026-04-25 15:00:00
2811,SKU-02811,TechPro Monitor Modelo 054,"Monitor TechPro, modelo 054, producto para uso general.",6340.11,14,1,2026-04-14 09:00:00,2026-04-27 16:00:00
2812,SKU-02812,TechPro Audífonos Modelo 055,"Audífonos TechPro, modelo 055, producto para uso general.",2041.47,31,1,2026-04-15 09:00:00,2026-04-29 17:00:00
2813,SKU-02813,TechPro Webcam Modelo 056,"Webcam TechPro, modelo 056, producto para uso general.",942.83,48,1,2026-04-16 09:00:00,2026-05-01 18:00:00
2814,SKU-02814,TechPro Memoria USB Modelo 057,"Memoria USB TechPro, modelo 057, producto para uso general.",254.15,65,1,2026-04-17 09:00:00,2026-05-03 19:00:00
2815,SKU-02815,TechPro Disco SSD Modelo 058,"Disco SSD TechPro, modelo 058, producto para uso general.",1145.58,82,1,2026-04-18 09:00:00,2026-05-05 20:00:00
2816,SKU-02816,TechPro Router Modelo 059,"Router TechPro, modelo 059, producto para uso general.",1546.95,99,1,2026-04-19 09:00:00,2026-05-07 09:00:00
2817,SKU-02817,TechPro Impresora Modelo 060,"Impresora TechPro, modelo 060, producto para uso general.",5648.33,116,1,2026-04-20 09:00:00,2026-05-09 10:00:00
2818,SKU-02818,TechPro Bocina Bluetooth Modelo 061,"Bocina Bluetooth TechPro, modelo 061, producto para uso general.",1949.69,133,1,2026-04-21 09:00:00,2026-05-11 11:00:00
2819,SKU-02819,TechPro Tablet Modelo 062,"Tablet TechPro, modelo 062, producto para uso general.",6351.07,150,1,2026-04-22 09:00:00,2026-05-13 12:00:00
2820,SKU-02820,TechPro Cargador Modelo 063,"Cargador TechPro, modelo 063, producto para uso general.",972.41,167,1,2026-04-23 09:00:00,2026-05-15 13:00:00
2821,SKU-02821,TechPro Cable USB Modelo 064,"Cable USB TechPro, modelo 064, producto para uso general.",153.72,184,1,2026-04-24 09:00:00,2026-05-17 14:00:00
2822,SKU-02822,TechPro Smartwatch Modelo 065,"Smartwatch TechPro, modelo 065, producto para uso general.",755.17,0,0,2026-04-25 09:00:00,2026-05-19 15:00:00
2823,SKU-02823,TechPro Teclado mecánico Modelo 066,"Teclado mecánico TechPro, modelo 066, producto para uso general.",956.53,17,1,2026-04-26 09:00:00,2026-05-21 16:00:00
2824,SKU-02824,TechPro Silla de oficina Modelo 067,"Silla de oficina TechPro, modelo 067, producto para uso general.",5657.92,34,1,2026-04-27 09:00:00,2026-05-23 17:00:00
2825,SKU-02825,TechPro Mochila Modelo 068,"Mochila TechPro, modelo 068, producto para uso general.",809.27,51,1,2026-04-28 09:00:00,2026-05-25 18:00:00
2826,SKU-02826,TechPro Cámara Modelo 069,"Cámara TechPro, modelo 069, producto para uso general.",7360.66,68,1,2026-04-29 09:00:00,2026-05-27 19:00:00
2827,SKU-02827,TechPro Micrófono Modelo 070,"Micrófono TechPro, modelo 070, producto para uso general.",4762.03,85,1,2026-04-30 09:00:00,2026-05-29 20:00:00
2828,SKU-02828,Nova Laptop Modelo 071,"Laptop Nova, modelo 071, producto para uso general.",12363.40,102,1,2026-05-01 09:00:00,2026-05-01 09:00:00
2829,SKU-02829,Nova Mouse Modelo 072,"Mouse Nova, modelo 072, producto para uso general.",444.72,119,1,2026-05-02 09:00:00,2026-05-03 10:00:00
2830,SKU-02830,Nova Teclado Modelo 073,"Teclado Nova, modelo 073, producto para uso general.",1166.12,136,1,2026-05-03 09:00:00,2026-05-05 11:00:00
2831,SKU-02831,Nova Monitor Modelo 074,"Monitor Nova, modelo 074, producto para uso general.",6367.51,153,1,2026-05-04 09:00:00,2026-05-07 12:00:00
2832,SKU-02832,Nova Audífonos Modelo 075,"Audífonos Nova, modelo 075, producto para uso general.",2068.87,170,1,2026-05-05 09:00:00,2026-05-09 13:00:00
2833,SKU-02833,Nova Webcam Modelo 076,"Webcam Nova, modelo 076, producto para uso general.",970.23,187,1,2026-05-06 09:00:00,2026-05-11 14:00:00
2834,SKU-02834,Nova Memoria USB Modelo 077,"Memoria USB Nova, modelo 077, producto para uso general.",281.55,3,1,2026-05-07 09:00:00,2026-05-13 15:00:00
2835,SKU-02835,Nova Disco SSD Modelo 078,"Disco SSD Nova, modelo 078, producto para uso general.",1172.98,20,1,2026-05-08 09:00:00,2026-05-15 16:00:00
2836,SKU-02836,Nova Router Modelo 079,"Router Nova, modelo 079, producto para uso general.",1574.35,37,1,2026-05-09 09:00:00,2026-05-17 17:00:00
2837,SKU-02837,Nova Impresora Modelo 080,"Impresora Nova, modelo 080, producto para uso general.",5675.73,54,1,2026-05-10 09:00:00,2026-05-19 18:00:00
2838,SKU-02838,Nova Bocina Bluetooth Modelo 081,"Bocina Bluetooth Nova, modelo 081, producto para uso general.",1977.09,71,1,2026-05-11 09:00:00,2026-05-21 19:00:00
2839,SKU-02839,Nova Tablet Modelo 082,"Tablet Nova, modelo 082, producto para uso general.",6378.47,88,1,2026-05-12 09:00:00,2026-05-23 20:00:00
2840,SKU-02840,Nova Cargador Modelo 083,"Cargador Nova, modelo 083, producto para uso general.",999.81,105,1,2026-05-13 09:00:00,2026-05-25 09:00:00
2841,SKU-02841,Nova Cable USB Modelo 084,"Cable USB Nova, modelo 084, producto para uso general.",181.12,122,1,2026-05-14 09:00:00,2026-05-27 10:00:00
2842,SKU-02842,Nova Smartwatch Modelo 085,"Smartwatch Nova, modelo 085, producto para uso general.",782.57,139,1,2026-05-15 09:00:00,2026-05-29 11:00:00
2843,SKU-02843,Nova Teclado mecánico Modelo 086,"Teclado mecánico Nova, modelo 086, producto para uso general.",983.93,156,1,2026-05-16 09:00:00,2026-05-31 12:00:00
2844,SKU-02844,Nova Silla de oficina Modelo 087,"Silla de oficina Nova, modelo 087, producto para uso general.",5685.32,173,1,2026-05-17 09:00:00,2026-06-02 13:00:00
2845,SKU-02845,Nova Mochila Modelo 088,"Mochila Nova, modelo 088, producto para uso general.",836.67,190,1,2026-05-18 09:00:00,2026-06-04 14:00:00
2846,SKU-02846,Nova Cámara Modelo 089,"Cámara Nova, modelo 089, producto para uso general.",7388.06,6,1,2026-05-19 09:00:00,2026-06-06 15:00:00
2847,SKU-02847,Nova Micrófono Modelo 090,"Micrófono Nova, modelo 090, producto para uso general.",4789.43,23,1,2026-05-20 09:00:00,2026-06-08 16:00:00
2848,SKU-02848,MaxiTech Laptop Modelo 091,"Laptop MaxiTech, modelo 091, producto para uso general.",12390.80,40,1,2026-05-21 09:00:00,2026-06-10 17:00:00
2849,SKU-02849,MaxiTech Mouse Modelo 092,"Mouse MaxiTech, modelo 092, producto para uso general.",472.12,57,1,2026-05-22 09:00:00,2026-06-12 18:00:00
2850,SKU-02850,MaxiTech Teclado Modelo 093,"Teclado MaxiTech, modelo 093, producto para uso general.",1193.52,74,1,2026-05-23 09:00:00,2026-06-14 19:00:00
2851,SKU-02851,MaxiTech Monitor Modelo 094,"Monitor MaxiTech, modelo 094, producto para uso general.",6394.91,91,1,2026-05-24 09:00:00,2026-06-16 20:00:00
2852,SKU-02852,MaxiTech Audífonos Modelo 095,"Audífonos MaxiTech, modelo 095, producto para uso general.",2096.27,108,1,2026-05-25 09:00:00,2026-06-18 09:00:00
2853,SKU-02853,MaxiTech Webcam Modelo 096,"Webcam MaxiTech, modelo 096, producto para uso general.",997.63,125,1,2026-05-26 09:00:00,2026-06-20 10:00:00
2854,SKU-02854,MaxiTech Memoria USB Modelo 097,"Memoria USB MaxiTech, modelo 097, producto para uso general.",308.95,142,1,2026-05-27 09:00:00,2026-06-22 11:00:00
2855,SKU-02855,MaxiTech Disco SSD Modelo 098,"Disco SSD MaxiTech, modelo 098, producto para uso general.",1200.38,159,1,2026-05-28 09:00:00,2026-06-24 12:00:00
2856,SKU-02856,MaxiTech Router Modelo 099,"Router MaxiTech, modelo 099, producto para uso general.",1601.75,176,1,2026-05-29 09:00:00,2026-06-26 13:00:00
2857,SKU-02857,MaxiTech Impresora Modelo 100,"Impresora MaxiTech, modelo 100, producto para uso general.",5703.13,193,1,2026-05-30 09:00:00,2026-06-28 14:00:00
2858,SKU-02858,MaxiTech Bocina Bluetooth Modelo 101,"Bocina Bluetooth MaxiTech, modelo 101, producto para uso general.",2004.49,9,1,2026-05-31 09:00:00,2026-05-31 15:00:00
2859,SKU-02859,MaxiTech Tablet Modelo 102,"Tablet MaxiTech, modelo 102, producto para uso general.",6405.87,26,1,2026-06-01 09:00:00,2026-06-02 16:00:00
2860,SKU-02860,MaxiTech Cargador Modelo 103,"Cargador MaxiTech, modelo 103, producto para uso general.",1027.21,43,1,2026-06-02 09:00:00,2026-06-04 17:00:00
2861,SKU-02861,MaxiTech Cable USB Modelo 104,"Cable USB MaxiTech, modelo 104, producto para uso general.",208.52,60,1,2026-06-03 09:00:00,2026-06-06 18:00:00
2862,SKU-02862,MaxiTech Smartwatch Modelo 105,"Smartwatch MaxiTech, modelo 105, producto para uso general.",809.97,77,1,2026-06-04 09:00:00,2026-06-08 19:00:00
2863,SKU-02863,MaxiTech Teclado mecánico Modelo 106,"Teclado mecánico MaxiTech, modelo 106, producto para uso general.",1011.33,94,1,2026-06-05 09:00:00,2026-06-10 20:00:00
2864,SKU-02864,MaxiTech Silla de oficina Modelo 107,"Silla de oficina MaxiTech, modelo 107, producto para uso general.",5712.72,111,1,2026-06-06 09:00:00,2026-06-12 09:00:00
2865,SKU-02865,MaxiTech Mochila Modelo 108,"Mochila MaxiTech, modelo 108, producto para uso general.",864.07,128,1,2026-06-07 09:00:00,2026-06-14 10:00:00
2866,SKU-02866,MaxiTech Cámara Modelo 109,"Cámara MaxiTech, modelo 109, producto para uso general.",7415.46,145,1,2026-06-08 09:00:00,2026-06-16 11:00:00
2867,SKU-02867,MaxiTech Micrófono Modelo 110,"Micrófono MaxiTech, modelo 110, producto para uso general.",4816.83,162,1,2026-06-09 09:00:00,2026-06-18 12:00:00
2868,SKU-02868,DigitalX Laptop Modelo 111,"Laptop DigitalX, modelo 111, producto para uso general.",12418.20,179,1,2026-06-10 09:00:00,2026-06-20 13:00:00
2869,SKU-02869,DigitalX Mouse Modelo 112,"Mouse DigitalX, modelo 112, producto para uso general.",499.52,196,1,2026-06-11 09:00:00,2026-06-22 14:00:00
2870,SKU-02870,DigitalX Teclado Modelo 113,"Teclado DigitalX, modelo 113, producto para uso general.",1220.92,12,1,2026-06-12 09:00:00,2026-06-24 15:00:00
2871,SKU-02871,DigitalX Monitor Modelo 114,"Monitor DigitalX, modelo 114, producto para uso general.",6422.31,29,1,2026-06-13 09:00:00,2026-06-26 16:00:00
2872,SKU-02872,DigitalX Audífonos Modelo 115,"Audífonos DigitalX, modelo 115, producto para uso general.",2123.67,46,1,2026-06-14 09:00:00,2026-06-28 17:00:00
2873,SKU-02873,DigitalX Webcam Modelo 116,"Webcam DigitalX, modelo 116, producto para uso general.",1025.03,63,1,2026-06-15 09:00:00,2026-06-30 18:00:00
2874,SKU-02874,DigitalX Memoria USB Modelo 117,"Memoria USB DigitalX, modelo 117, producto para uso general.",336.35,80,1,2026-06-16 09:00:00,2026-07-02 19:00:00
2875,SKU-02875,DigitalX Disco SSD Modelo 118,"Disco SSD DigitalX, modelo 118, producto para uso general.",1227.78,97,1,2026-06-17 09:00:00,2026-07-04 20:00:00
2876,SKU-02876,DigitalX Router Modelo 119,"Router DigitalX, modelo 119, producto para uso general.",1629.15,114,1,2026-06-18 09:00:00,2026-07-06 09:00:00
2877,SKU-02877,DigitalX Impresora Modelo 120,"Impresora DigitalX, modelo 120, producto para uso general.",5730.53,131,1,2026-06-19 09:00:00,2026-07-08 10:00:00
2878,SKU-02878,DigitalX Bocina Bluetooth Modelo 121,"Bocina Bluetooth DigitalX, modelo 121, producto para uso general.",2031.89,148,1,2026-06-20 09:00:00,2026-07-10 11:00:00
2879,SKU-02879,DigitalX Tablet Modelo 122,"Tablet DigitalX, modelo 122, producto para uso general.",6433.27,165,1,2026-06-21 09:00:00,2026-07-12 12:00:00
2880,SKU-02880,DigitalX Cargador Modelo 123,"Cargador DigitalX, modelo 123, producto para uso general.",1054.61,182,1,2026-06-22 09:00:00,2026-07-14 13:00:00
2881,SKU-02881,DigitalX Cable USB Modelo 124,"Cable USB DigitalX, modelo 124, producto para uso general.",235.92,199,1,2026-06-23 09:00:00,2026-07-16 14:00:00
2882,SKU-02882,DigitalX Smartwatch Modelo 125,"Smartwatch DigitalX, modelo 125, producto para uso general.",837.37,15,1,2026-06-24 09:00:00,2026-07-18 15:00:00
2883,SKU-02883,DigitalX Teclado mecánico Modelo 126,"Teclado mecánico DigitalX, modelo 126, producto para uso general.",1038.73,32,1,2026-06-25 09:00:00,2026-07-20 16:00:00
2884,SKU-02884,DigitalX Silla de oficina Modelo 127,"Silla de oficina DigitalX, modelo 127, producto para uso general.",5740.12,49,1,2026-06-26 09:00:00,2026-07-22 17:00:00
2885,SKU-02885,DigitalX Mochila Modelo 128,"Mochila DigitalX, modelo 128, producto para uso general.",891.47,66,1,2026-06-27 09:00:00,2026-07-24 18:00:00
2886,SKU-02886,DigitalX Cámara Modelo 129,"Cámara DigitalX, modelo 129, producto para uso general.",7442.86,83,1,2026-06-28 09:00:00,2026-07-26 19:00:00
2887,SKU-02887,DigitalX Micrófono Modelo 130,"Micrófono DigitalX, modelo 130, producto para uso general.",4844.23,100,1,2026-06-29 09:00:00,2026-07-28 20:00:00
2888,SKU-02888,SmartOne Laptop Modelo 131,"Laptop SmartOne, modelo 131, producto para uso general.",12445.60,117,1,2026-06-30 09:00:00,2026-06-30 09:00:00
2889,SKU-02889,SmartOne Mouse Modelo 132,"Mouse SmartOne, modelo 132, producto para uso general.",526.92,134,1,2026-07-01 09:00:00,2026-07-02 10:00:00
2890,SKU-02890,SmartOne Teclado Modelo 133,"Teclado SmartOne, modelo 133, producto para uso general.",1248.32,151,1,2026-07-02 09:00:00,2026-07-04 11:00:00
2891,SKU-02891,SmartOne Monitor Modelo 134,"Monitor SmartOne, modelo 134, producto para uso general.",6449.71,168,1,2026-07-03 09:00:00,2026-07-06 12:00:00
2892,SKU-02892,SmartOne Audífonos Modelo 135,"Audífonos SmartOne, modelo 135, producto para uso general.",2151.07,185,1,2026-07-04 09:00:00,2026-07-08 13:00:00
2893,SKU-02893,SmartOne Webcam Modelo 136,"Webcam SmartOne, modelo 136, producto para uso general.",1052.43,1,1,2026-07-05 09:00:00,2026-07-10 14:00:00
2894,SKU-02894,SmartOne Memoria USB Modelo 137,"Memoria USB SmartOne, modelo 137, producto para uso general.",363.75,18,1,2026-07-06 09:00:00,2026-07-12 15:00:00
2895,SKU-02895,SmartOne Disco SSD Modelo 138,"Disco SSD SmartOne, modelo 138, producto para uso general.",1255.18,35,1,2026-07-07 09:00:00,2026-07-14 16:00:00
2896,SKU-02896,SmartOne Router Modelo 139,"Router SmartOne, modelo 139, producto para uso general.",1656.55,52,1,2026-07-08 09:00:00,2026-07-16 17:00:00
2897,SKU-02897,SmartOne Impresora Modelo 140,"Impresora SmartOne, modelo 140, producto para uso general.",5757.93,69,1,2026-07-09 09:00:00,2026-07-18 18:00:00
2898,SKU-02898,SmartOne Bocina Bluetooth Modelo 141,"Bocina Bluetooth SmartOne, modelo 141, producto para uso general.",2059.29,86,1,2026-07-10 09:00:00,2026-07-20 19:00:00
2899,SKU-02899,SmartOne Tablet Modelo 142,"Tablet SmartOne, modelo 142, producto para uso general.",6460.67,103,1,2026-07-11 09:00:00,2026-07-22 20:00:00
2900,SKU-02900,SmartOne Cargador Modelo 143,"Cargador SmartOne, modelo 143, producto para uso general.",1082.01,120,1,2026-07-12 09:00:00,2026-07-24 09:00:00
2901,SKU-02901,SmartOne Cable USB Modelo 144,"Cable USB SmartOne, modelo 144, producto para uso general.",263.32,137,1,2026-07-13 09:00:00,2026-07-26 10:00:00
2902,SKU-02902,SmartOne Smartwatch Modelo 145,"Smartwatch SmartOne, modelo 145, producto para uso general.",864.77,154,1,2026-07-14 09:00:00,2026-07-28 11:00:00
2903,SKU-02903,SmartOne Teclado mecánico Modelo 146,"Teclado mecánico SmartOne, modelo 146, producto para uso general.",1066.13,171,1,2026-07-15 09:00:00,2026-07-30 12:00:00
2904,SKU-02904,SmartOne Silla de oficina Modelo 147,"Silla de oficina SmartOne, modelo 147, producto para uso general.",5767.52,188,1,2026-07-16 09:00:00,2026-08-01 13:00:00
2905,SKU-02905,SmartOne Mochila Modelo 148,"Mochila SmartOne, modelo 148, producto para uso general.",918.87,4,1,2026-07-17 09:00:00,2026-08-03 14:00:00
2906,SKU-02906,SmartOne Cámara Modelo 149,"Cámara SmartOne, modelo 149, producto para uso general.",7470.26,21,1,2026-07-18 09:00:00,2026-08-05 15:00:00
2907,SKU-02907,SmartOne Micrófono Modelo 150,"Micrófono SmartOne, modelo 150, producto para uso general.",4871.63,38,1,2026-07-19 09:00:00,2026-08-07 16:00:00
2908,SKU-02908,ProLine Laptop Modelo 151,"Laptop ProLine, modelo 151, producto para uso general.",12473.00,55,1,2026-07-20 09:00:00,2026-08-09 17:00:00
2909,SKU-02909,ProLine Mouse Modelo 152,"Mouse ProLine, modelo 152, producto para uso general.",554.32,72,1,2026-07-21 09:00:00,2026-08-11 18:00:00
2910,SKU-02910,ProLine Teclado Modelo 153,"Teclado ProLine, modelo 153, producto para uso general.",1275.72,89,1,2026-07-22 09:00:00,2026-08-13 19:00:00
2911,SKU-02911,ProLine Monitor Modelo 154,"Monitor ProLine, modelo 154, producto para uso general.",6477.11,106,1,2026-07-23 09:00:00,2026-08-15 20:00:00
2912,SKU-02912,ProLine Audífonos Modelo 155,"Audífonos ProLine, modelo 155, producto para uso general.",2178.47,123,1,2026-07-24 09:00:00,2026-08-17 09:00:00
2913,SKU-02913,ProLine Webcam Modelo 156,"Webcam ProLine, modelo 156, producto para uso general.",1079.83,140,1,2026-07-25 09:00:00,2026-08-19 10:00:00
2914,SKU-02914,ProLine Memoria USB Modelo 157,"Memoria USB ProLine, modelo 157, producto para uso general.",391.15,157,1,2026-07-26 09:00:00,2026-08-21 11:00:00
2915,SKU-02915,ProLine Disco SSD Modelo 158,"Disco SSD ProLine, modelo 158, producto para uso general.",1282.58,174,1,2026-07-27 09:00:00,2026-08-23 12:00:00
2916,SKU-02916,ProLine Router Modelo 159,"Router ProLine, modelo 159, producto para uso general.",1683.95,191,1,2026-07-28 09:00:00,2026-08-25 13:00:00
2917,SKU-02917,ProLine Impresora Modelo 160,"Impresora ProLine, modelo 160, producto para uso general.",5785.33,7,1,2026-07-29 09:00:00,2026-08-27 14:00:00
2918,SKU-02918,ProLine Bocina Bluetooth Modelo 161,"Bocina Bluetooth ProLine, modelo 161, producto para uso general.",2086.69,24,1,2026-07-30 09:00:00,2026-07-30 15:00:00
2919,SKU-02919,ProLine Tablet Modelo 162,"Tablet ProLine, modelo 162, producto para uso general.",6488.07,41,1,2026-07-31 09:00:00,2026-08-01 16:00:00
2920,SKU-02920,ProLine Cargador Modelo 163,"Cargador ProLine, modelo 163, producto para uso general.",1109.41,58,1,2026-08-01 09:00:00,2026-08-03 17:00:00
2921,SKU-02921,ProLine Cable USB Modelo 164,"Cable USB ProLine, modelo 164, producto para uso general.",290.72,75,1,2026-08-02 09:00:00,2026-08-05 18:00:00
2922,SKU-02922,ProLine Smartwatch Modelo 165,"Smartwatch ProLine, modelo 165, producto para uso general.",892.17,92,1,2026-08-03 09:00:00,2026-08-07 19:00:00
2923,SKU-02923,ProLine Teclado mecánico Modelo 166,"Teclado mecánico ProLine, modelo 166, producto para uso general.",1093.53,109,1,2026-08-04 09:00:00,2026-08-09 20:00:00
2924,SKU-02924,ProLine Silla de oficina Modelo 167,"Silla de oficina ProLine, modelo 167, producto para uso general.",5794.92,126,1,2026-08-05 09:00:00,2026-08-11 09:00:00
2925,SKU-02925,ProLine Mochila Modelo 168,"Mochila ProLine, modelo 168, producto para uso general.",946.27,143,1,2026-08-06 09:00:00,2026-08-13 10:00:00
2926,SKU-02926,ProLine Cámara Modelo 169,"Cámara ProLine, modelo 169, producto para uso general.",7497.66,160,1,2026-08-07 09:00:00,2026-08-15 11:00:00
2927,SKU-02927,ProLine Micrófono Modelo 170,"Micrófono ProLine, modelo 170, producto para uso general.",4899.03,177,1,2026-08-08 09:00:00,2026-08-17 12:00:00
2928,SKU-02928,Ultra Laptop Modelo 171,"Laptop Ultra, modelo 171, producto para uso general.",12500.40,194,1,2026-08-09 09:00:00,2026-08-19 13:00:00
2929,SKU-02929,Ultra Mouse Modelo 172,"Mouse Ultra, modelo 172, producto para uso general.",581.72,10,1,2026-08-10 09:00:00,2026-08-21 14:00:00
2930,SKU-02930,Ultra Teclado Modelo 173,"Teclado Ultra, modelo 173, producto para uso general.",1303.12,27,1,2026-08-11 09:00:00,2026-08-23 15:00:00
2931,SKU-02931,Ultra Monitor Modelo 174,"Monitor Ultra, modelo 174, producto para uso general.",6504.51,44,1,2026-08-12 09:00:00,2026-08-25 16:00:00
2932,SKU-02932,Ultra Audífonos Modelo 175,"Audífonos Ultra, modelo 175, producto para uso general.",2205.87,61,1,2026-08-13 09:00:00,2026-08-27 17:00:00
2933,SKU-02933,Ultra Webcam Modelo 176,"Webcam Ultra, modelo 176, producto para uso general.",1107.23,78,1,2026-08-14 09:00:00,2026-08-29 18:00:00
2934,SKU-02934,Ultra Memoria USB Modelo 177,"Memoria USB Ultra, modelo 177, producto para uso general.",418.55,95,1,2026-08-15 09:00:00,2026-08-31 19:00:00
2935,SKU-02935,Ultra Disco SSD Modelo 178,"Disco SSD Ultra, modelo 178, producto para uso general.",1309.98,112,1,2026-08-16 09:00:00,2026-09-02 20:00:00
2936,SKU-02936,Ultra Router Modelo 179,"Router Ultra, modelo 179, producto para uso general.",1711.35,129,1,2026-08-17 09:00:00,2026-09-04 09:00:00
2937,SKU-02937,Ultra Impresora Modelo 180,"Impresora Ultra, modelo 180, producto para uso general.",5812.73,146,1,2026-08-18 09:00:00,2026-09-06 10:00:00
2938,SKU-02938,Ultra Bocina Bluetooth Modelo 181,"Bocina Bluetooth Ultra, modelo 181, producto para uso general.",2114.09,163,1,2026-08-19 09:00:00,2026-09-08 11:00:00
2939,SKU-02939,Ultra Tablet Modelo 182,"Tablet Ultra, modelo 182, producto para uso general.",6515.47,180,1,2026-08-20 09:00:00,2026-09-10 12:00:00
2940,SKU-02940,Ultra Cargador Modelo 183,"Cargador Ultra, modelo 183, producto para uso general.",1136.81,197,1,2026-08-21 09:00:00,2026-09-12 13:00:00
2941,SKU-02941,Ultra Cable USB Modelo 184,"Cable USB Ultra, modelo 184, producto para uso general.",318.12,13,1,2026-08-22 09:00:00,2026-09-14 14:00:00
2942,SKU-02942,Ultra Smartwatch Modelo 185,"Smartwatch Ultra, modelo 185, producto para uso general.",919.57,30,1,2026-08-23 09:00:00,2026-09-16 15:00:00
2943,SKU-02943,Ultra Teclado mecánico Modelo 186,"Teclado mecánico Ultra, modelo 186, producto para uso general.",1120.93,47,1,2026-08-24 09:00:00,2026-09-18 16:00:00
2944,SKU-02944,Ultra Silla de oficina Modelo 187,"Silla de oficina Ultra, modelo 187, producto para uso general.",5822.32,64,1,2026-08-25 09:00:00,2026-09-20 17:00:00
2945,SKU-02945,Ultra Mochila Modelo 188,"Mochila Ultra, modelo 188, producto para uso general.",973.67,81,1,2026-08-26 09:00:00,2026-09-22 18:00:00
2946,SKU-02946,Ultra Cámara Modelo 189,"Cámara Ultra, modelo 189, producto para uso general.",7525.06,98,1,2026-08-27 09:00:00,2026-09-24 19:00:00
2947,SKU-02947,Ultra Micrófono Modelo 190,"Micrófono Ultra, modelo 190, producto para uso general.",4926.43,115,1,2026-08-28 09:00:00,2026-09-26 20:00:00
2948,SKU-02948,Vision Laptop Modelo 191,"Laptop Vision, modelo 191, producto para uso general.",12527.80,132,1,2026-08-29 09:00:00,2026-08-29 09:00:00
2949,SKU-02949,Vision Mouse Modelo 192,"Mouse Vision, modelo 192, producto para uso general.",609.12,149,1,2026-08-30 09:00:00,2026-08-31 10:00:00
2950,SKU-02950,Vision Teclado Modelo 193,"Teclado Vision, modelo 193, producto para uso general.",1330.52,166,1,2026-08-31 09:00:00,2026-09-02 11:00:00
2951,SKU-02951,Vision Monitor Modelo 194,"Monitor Vision, modelo 194, producto para uso general.",6531.91,183,1,2026-09-01 09:00:00,2026-09-04 12:00:00
2952,SKU-02952,Vision Audífonos Modelo 195,"Audífonos Vision, modelo 195, producto para uso general.",2233.27,200,1,2026-09-02 09:00:00,2026-09-06 13:00:00
2953,SKU-02953,Vision Webcam Modelo 196,"Webcam Vision, modelo 196, producto para uso general.",1134.63,16,1,2026-09-03 09:00:00,2026-09-08 14:00:00
2954,SKU-02954,Vision Memoria USB Modelo 197,"Memoria USB Vision, modelo 197, producto para uso general.",445.95,33,1,2026-09-04 09:00:00,2026-09-10 15:00:00
2955,SKU-02955,Vision Disco SSD Modelo 198,"Disco SSD Vision, modelo 198, producto para uso general.",1337.38,50,1,2026-09-05 09:00:00,2026-09-12 16:00:00
2956,SKU-02956,Vision Router Modelo 199,"Router Vision, modelo 199, producto para uso general.",1738.75,67,1,2026-09-06 09:00:00,2026-09-14 17:00:00
2957,SKU-02957,Vision Impresora Modelo 200,"Impresora Vision, modelo 200, producto para uso general.",5840.13,84,1,2026-09-07 09:00:00,2026-09-16 18:00:00
2958,SKU-02958,Vision Bocina Bluetooth Modelo 201,"Bocina Bluetooth Vision, modelo 201, producto para uso general.",2141.49,101,1,2026-09-08 09:00:00,2026-09-18 19:00:00
2959,SKU-02959,Vision Tablet Modelo 202,"Tablet Vision, modelo 202, producto para uso general.",6542.87,118,1,2026-09-09 09:00:00,2026-09-20 20:00:00
2960,SKU-02960,Vision Cargador Modelo 203,"Cargador Vision, modelo 203, producto para uso general.",1164.21,135,1,2026-09-10 09:00:00,2026-09-22 09:00:00
2961,SKU-02961,Vision Cable USB Modelo 204,"Cable USB Vision, modelo 204, producto para uso general.",345.52,152,1,2026-09-11 09:00:00,2026-09-24 10:00:00
2962,SKU-02962,Vision Smartwatch Modelo 205,"Smartwatch Vision, modelo 205, producto para uso general.",946.97,169,1,2026-09-12 09:00:00,2026-09-26 11:00:00
2963,SKU-02963,Vision Teclado mecánico Modelo 206,"Teclado mecánico Vision, modelo 206, producto para uso general.",1148.33,186,1,2026-09-13 09:00:00,2026-09-28 12:00:00
2964,SKU-02964,Vision Silla de oficina Modelo 207,"Silla de oficina Vision, modelo 207, producto para uso general.",5849.72,2,1,2026-09-14 09:00:00,2026-09-30 13:00:00
2965,SKU-02965,Vision Mochila Modelo 208,"Mochila Vision, modelo 208, producto para uso general.",1001.07,19,1,2026-09-15 09:00:00,2026-10-02 14:00:00
2966,SKU-02966,Vision Cámara Modelo 209,"Cámara Vision, modelo 209, producto para uso general.",7552.46,36,1,2026-09-16 09:00:00,2026-10-04 15:00:00
2967,SKU-02967,Vision Micrófono Modelo 210,"Micrófono Vision, modelo 210, producto para uso general.",4953.83,53,1,2026-09-17 09:00:00,2026-10-06 16:00:00
2968,SKU-02968,Connect Laptop Modelo 211,"Laptop Connect, modelo 211, producto para uso general.",12555.20,70,1,2026-09-18 09:00:00,2026-10-08 17:00:00
2969,SKU-02969,Connect Mouse Modelo 212,"Mouse Connect, modelo 212, producto para uso general.",636.52,87,1,2026-09-19 09:00:00,2026-10-10 18:00:00
2970,SKU-02970,Connect Teclado Modelo 213,"Teclado Connect, modelo 213, producto para uso general.",1357.92,104,1,2026-09-20 09:00:00,2026-10-12 19:00:00
2971,SKU-02971,Connect Monitor Modelo 214,"Monitor Connect, modelo 214, producto para uso general.",6559.31,121,1,2026-09-21 09:00:00,2026-10-14 20:00:00
2972,SKU-02972,Connect Audífonos Modelo 215,"Audífonos Connect, modelo 215, producto para uso general.",2260.67,138,1,2026-09-22 09:00:00,2026-10-16 09:00:00
2973,SKU-02973,Connect Webcam Modelo 216,"Webcam Connect, modelo 216, producto para uso general.",1162.03,155,1,2026-09-23 09:00:00,2026-10-18 10:00:00
2974,SKU-02974,Connect Memoria USB Modelo 217,"Memoria USB Connect, modelo 217, producto para uso general.",473.35,172,1,2026-09-24 09:00:00,2026-10-20 11:00:00
2975,SKU-02975,Connect Disco SSD Modelo 218,"Disco SSD Connect, modelo 218, producto para uso general.",1364.78,189,1,2026-09-25 09:00:00,2026-10-22 12:00:00
2976,SKU-02976,Connect Router Modelo 219,"Router Connect, modelo 219, producto para uso general.",1766.15,5,1,2026-09-26 09:00:00,2026-10-24 13:00:00
2977,SKU-02977,Connect Impresora Modelo 220,"Impresora Connect, modelo 220, producto para uso general.",5867.53,22,1,2026-09-27 09:00:00,2026-10-26 14:00:00
2978,SKU-02978,Connect Bocina Bluetooth Modelo 221,"Bocina Bluetooth Connect, modelo 221, producto para uso general.",2168.89,39,1,2026-01-01 09:00:00,2026-01-01 15:00:00
2979,SKU-02979,Connect Tablet Modelo 222,"Tablet Connect, modelo 222, producto para uso general.",6570.27,56,1,2026-01-02 09:00:00,2026-01-03 16:00:00
2980,SKU-02980,Connect Cargador Modelo 223,"Cargador Connect, modelo 223, producto para uso general.",1191.61,73,1,2026-01-03 09:00:00,2026-01-05 17:00:00
2981,SKU-02981,Connect Cable USB Modelo 224,"Cable USB Connect, modelo 224, producto para uso general.",372.92,90,1,2026-01-04 09:00:00,2026-01-07 18:00:00
2982,SKU-02982,Connect Smartwatch Modelo 225,"Smartwatch Connect, modelo 225, producto para uso general.",974.37,107,1,2026-01-05 09:00:00,2026-01-09 19:00:00
2983,SKU-02983,Connect Teclado mecánico Modelo 226,"Teclado mecánico Connect, modelo 226, producto para uso general.",1175.73,124,1,2026-01-06 09:00:00,2026-01-11 20:00:00
2984,SKU-02984,Connect Silla de oficina Modelo 227,"Silla de oficina Connect, modelo 227, producto para uso general.",5877.12,141,1,2026-01-07 09:00:00,2026-01-13 09:00:00
2985,SKU-02985,Connect Mochila Modelo 228,"Mochila Connect, modelo 228, producto para uso general.",1028.47,158,1,2026-01-08 09:00:00,2026-01-15 10:00:00
2986,SKU-02986,Connect Cámara Modelo 229,"Cámara Connect, modelo 229, producto para uso general.",7579.86,175,1,2026-01-09 09:00:00,2026-01-17 11:00:00
2987,SKU-02987,Connect Micrófono Modelo 230,"Micrófono Connect, modelo 230, producto para uso general.",4981.23,192,1,2026-01-10 09:00:00,2026-01-19 12:00:00
2988,SKU-02988,Advance Laptop Modelo 231,"Laptop Advance, modelo 231, producto para uso general.",12582.60,8,1,2026-01-11 09:00:00,2026-01-21 13:00:00
2989,SKU-02989,Advance Mouse Modelo 232,"Mouse Advance, modelo 232, producto para uso general.",663.92,25,1,2026-01-12 09:00:00,2026-01-23 14:00:00
2990,SKU-02990,Advance Teclado Modelo 233,"Teclado Advance, modelo 233, producto para uso general.",1385.32,42,1,2026-01-13 09:00:00,2026-01-25 15:00:00
2991,SKU-02991,Advance Monitor Modelo 234,"Monitor Advance, modelo 234, producto para uso general.",6586.71,59,1,2026-01-14 09:00:00,2026-01-27 16:00:00
2992,SKU-02992,Advance Audífonos Modelo 235,"Audífonos Advance, modelo 235, producto para uso general.",2288.07,76,1,2026-01-15 09:00:00,2026-01-29 17:00:00
2993,SKU-02993,Advance Webcam Modelo 236,"Webcam Advance, modelo 236, producto para uso general.",1189.43,93,1,2026-01-16 09:00:00,2026-01-31 18:00:00
2994,SKU-02994,Advance Memoria USB Modelo 237,"Memoria USB Advance, modelo 237, producto para uso general.",500.75,110,1,2026-01-17 09:00:00,2026-02-02 19:00:00
2995,SKU-02995,Advance Disco SSD Modelo 238,"Disco SSD Advance, modelo 238, producto para uso general.",1392.18,127,1,2026-01-18 09:00:00,2026-02-04 20:00:00
2996,SKU-02996,Advance Router Modelo 239,"Router Advance, modelo 239, producto para uso general.",1793.55,144,1,2026-01-19 09:00:00,2026-02-06 09:00:00
2997,SKU-02997,Advance Impresora Modelo 240,"Impresora Advance, modelo 240, producto para uso general.",5894.93,161,1,2026-01-20 09:00:00,2026-02-08 10:00:00
2998,SKU-02998,Advance Bocina Bluetooth Modelo 241,"Bocina Bluetooth Advance, modelo 241, producto para uso general.",2196.29,178,1,2026-01-21 09:00:00,2026-02-10 11:00:00
2999,SKU-02999,Advance Tablet Modelo 242,"Tablet Advance, modelo 242, producto para uso general.",6597.67,195,1,2026-01-22 09:00:00,2026-02-12 12:00:00
3000,SKU-03000,Advance Cargador Modelo 243,"Cargador Advance, modelo 243, producto para uso general.",199.00,11,1,2026-01-23 09:00:00,2026-02-14 13:00:00
3001,SKU-03001,Advance Cable USB Modelo 244,"Cable USB Advance, modelo 244, producto para uso general.",400.32,28,1,2026-01-24 09:00:00,2026-02-16 14:00:00
3002,SKU-03002,Advance Smartwatch Modelo 245,"Smartwatch Advance, modelo 245, producto para uso general.",1001.77,45,1,2026-01-25 09:00:00,2026-02-18 15:00:00
3003,SKU-03003,Advance Teclado mecánico Modelo 246,"Teclado mecánico Advance, modelo 246, producto para uso general.",1203.13,62,1,2026-01-26 09:00:00,2026-02-20 16:00:00
3004,SKU-03004,Advance Silla de oficina Modelo 247,"Silla de oficina Advance, modelo 247, producto para uso general.",5904.52,79,1,2026-01-27 09:00:00,2026-02-22 17:00:00
3005,SKU-03005,Advance Mochila Modelo 248,"Mochila Advance, modelo 248, producto para uso general.",1055.87,96,1,2026-01-28 09:00:00,2026-02-24 18:00:00
3006,SKU-03006,Advance Cámara Modelo 249,"Cámara Advance, modelo 249, producto para uso general.",7607.26,113,1,2026-01-29 09:00:00,2026-02-26 19:00:00
3007,SKU-03007,Advance Micrófono Modelo 250,"Micrófono Advance, modelo 250, producto para uso general.",908.62,130,1,2026-01-30 09:00:00,2026-02-28 20:00:00
3008,SKU-03008,TechPro Laptop Modelo 001,"Laptop TechPro, modelo 001, producto para uso general.",12610.00,147,1,2026-01-31 09:00:00,2026-01-31 09:00:00
3009,SKU-03009,TechPro Mouse Modelo 002,"Mouse TechPro, modelo 002, producto para uso general.",691.32,164,1,2026-02-01 09:00:00,2026-02-02 10:00:00
3010,SKU-03010,TechPro Teclado Modelo 003,"Teclado TechPro, modelo 003, producto para uso general.",1412.72,181,1,2026-02-02 09:00:00,2026-02-04 11:00:00
3011,SKU-03011,TechPro Monitor Modelo 004,"Monitor TechPro, modelo 004, producto para uso general.",6614.11,198,1,2026-02-03 09:00:00,2026-02-06 12:00:00
3012,SKU-03012,TechPro Audífonos Modelo 005,"Audífonos TechPro, modelo 005, producto para uso general.",2315.47,14,1,2026-02-04 09:00:00,2026-02-08 13:00:00
3013,SKU-03013,TechPro Webcam Modelo 006,"Webcam TechPro, modelo 006, producto para uso general.",1216.83,31,1,2026-02-05 09:00:00,2026-02-10 14:00:00
3014,SKU-03014,TechPro Memoria USB Modelo 007,"Memoria USB TechPro, modelo 007, producto para uso general.",528.15,48,1,2026-02-06 09:00:00,2026-02-12 15:00:00
3015,SKU-03015,TechPro Disco SSD Modelo 008,"Disco SSD TechPro, modelo 008, producto para uso general.",1419.58,65,1,2026-02-07 09:00:00,2026-02-14 16:00:00
3016,SKU-03016,TechPro Router Modelo 009,"Router TechPro, modelo 009, producto para uso general.",1820.95,82,1,2026-02-08 09:00:00,2026-02-16 17:00:00
3017,SKU-03017,TechPro Impresora Modelo 010,"Impresora TechPro, modelo 010, producto para uso general.",5922.33,99,1,2026-02-09 09:00:00,2026-02-18 18:00:00
3018,SKU-03018,TechPro Bocina Bluetooth Modelo 011,"Bocina Bluetooth TechPro, modelo 011, producto para uso general.",2223.69,116,1,2026-02-10 09:00:00,2026-02-20 19:00:00
3019,SKU-03019,TechPro Tablet Modelo 012,"Tablet TechPro, modelo 012, producto para uso general.",6625.07,133,1,2026-02-11 09:00:00,2026-02-22 20:00:00
3020,SKU-03020,TechPro Cargador Modelo 013,"Cargador TechPro, modelo 013, producto para uso general.",226.40,150,1,2026-02-12 09:00:00,2026-02-24 09:00:00
3021,SKU-03021,TechPro Cable USB Modelo 014,"Cable USB TechPro, modelo 014, producto para uso general.",427.72,167,1,2026-02-13 09:00:00,2026-02-26 10:00:00
3022,SKU-03022,TechPro Smartwatch Modelo 015,"Smartwatch TechPro, modelo 015, producto para uso general.",1029.17,184,1,2026-02-14 09:00:00,2026-02-28 11:00:00
3023,SKU-03023,TechPro Teclado mecánico Modelo 016,"Teclado mecánico TechPro, modelo 016, producto para uso general.",1230.53,0,0,2026-02-15 09:00:00,2026-03-02 12:00:00
3024,SKU-03024,TechPro Silla de oficina Modelo 017,"Silla de oficina TechPro, modelo 017, producto para uso general.",5931.92,17,1,2026-02-16 09:00:00,2026-03-04 13:00:00
3025,SKU-03025,TechPro Mochila Modelo 018,"Mochila TechPro, modelo 018, producto para uso general.",1083.27,34,1,2026-02-17 09:00:00,2026-03-06 14:00:00
3026,SKU-03026,TechPro Cámara Modelo 019,"Cámara TechPro, modelo 019, producto para uso general.",7634.66,51,1,2026-02-18 09:00:00,2026-03-08 15:00:00
3027,SKU-03027,TechPro Micrófono Modelo 020,"Micrófono TechPro, modelo 020, producto para uso general.",936.02,68,1,2026-02-19 09:00:00,2026-03-10 16:00:00
3028,SKU-03028,Nova Laptop Modelo 021,"Laptop Nova, modelo 021, producto para uso general.",12637.40,85,1,2026-02-20 09:00:00,2026-03-12 17:00:00
3029,SKU-03029,Nova Mouse Modelo 022,"Mouse Nova, modelo 022, producto para uso general.",718.72,102,1,2026-02-21 09:00:00,2026-03-14 18:00:00
3030,SKU-03030,Nova Teclado Modelo 023,"Teclado Nova, modelo 023, producto para uso general.",1440.12,119,1,2026-02-22 09:00:00,2026-03-16 19:00:00
3031,SKU-03031,Nova Monitor Modelo 024,"Monitor Nova, modelo 024, producto para uso general.",6641.51,136,1,2026-02-23 09:00:00,2026-03-18 20:00:00
3032,SKU-03032,Nova Audífonos Modelo 025,"Audífonos Nova, modelo 025, producto para uso general.",2342.87,153,1,2026-02-24 09:00:00,2026-03-20 09:00:00
3033,SKU-03033,Nova Webcam Modelo 026,"Webcam Nova, modelo 026, producto para uso general.",1244.23,170,1,2026-02-25 09:00:00,2026-03-22 10:00:00
3034,SKU-03034,Nova Memoria USB Modelo 027,"Memoria USB Nova, modelo 027, producto para uso general.",555.55,187,1,2026-02-26 09:00:00,2026-03-24 11:00:00
3035,SKU-03035,Nova Disco SSD Modelo 028,"Disco SSD Nova, modelo 028, producto para uso general.",1446.98,3,1,2026-02-27 09:00:00,2026-03-26 12:00:00
3036,SKU-03036,Nova Router Modelo 029,"Router Nova, modelo 029, producto para uso general.",1848.35,20,1,2026-02-28 09:00:00,2026-03-28 13:00:00
3037,SKU-03037,Nova Impresora Modelo 030,"Impresora Nova, modelo 030, producto para uso general.",5949.73,37,1,2026-03-01 09:00:00,2026-03-30 14:00:00
3038,SKU-03038,Nova Bocina Bluetooth Modelo 031,"Bocina Bluetooth Nova, modelo 031, producto para uso general.",2251.09,54,1,2026-03-02 09:00:00,2026-03-02 15:00:00
3039,SKU-03039,Nova Tablet Modelo 032,"Tablet Nova, modelo 032, producto para uso general.",6652.47,71,1,2026-03-03 09:00:00,2026-03-04 16:00:00
3040,SKU-03040,Nova Cargador Modelo 033,"Cargador Nova, modelo 033, producto para uso general.",253.80,88,1,2026-03-04 09:00:00,2026-03-06 17:00:00
3041,SKU-03041,Nova Cable USB Modelo 034,"Cable USB Nova, modelo 034, producto para uso general.",455.12,105,1,2026-03-05 09:00:00,2026-03-08 18:00:00
3042,SKU-03042,Nova Smartwatch Modelo 035,"Smartwatch Nova, modelo 035, producto para uso general.",1056.57,122,1,2026-03-06 09:00:00,2026-03-10 19:00:00
3043,SKU-03043,Nova Teclado mecánico Modelo 036,"Teclado mecánico Nova, modelo 036, producto para uso general.",1257.93,139,1,2026-03-07 09:00:00,2026-03-12 20:00:00
3044,SKU-03044,Nova Silla de oficina Modelo 037,"Silla de oficina Nova, modelo 037, producto para uso general.",5959.32,156,1,2026-03-08 09:00:00,2026-03-14 09:00:00
3045,SKU-03045,Nova Mochila Modelo 038,"Mochila Nova, modelo 038, producto para uso general.",1110.67,173,1,2026-03-09 09:00:00,2026-03-16 10:00:00
3046,SKU-03046,Nova Cámara Modelo 039,"Cámara Nova, modelo 039, producto para uso general.",7662.06,190,1,2026-03-10 09:00:00,2026-03-18 11:00:00
3047,SKU-03047,Nova Micrófono Modelo 040,"Micrófono Nova, modelo 040, producto para uso general.",963.42,6,1,2026-03-11 09:00:00,2026-03-20 12:00:00
3048,SKU-03048,MaxiTech Laptop Modelo 041,"Laptop MaxiTech, modelo 041, producto para uso general.",12664.80,23,1,2026-03-12 09:00:00,2026-03-22 13:00:00
3049,SKU-03049,MaxiTech Mouse Modelo 042,"Mouse MaxiTech, modelo 042, producto para uso general.",746.12,40,1,2026-03-13 09:00:00,2026-03-24 14:00:00
3050,SKU-03050,MaxiTech Teclado Modelo 043,"Teclado MaxiTech, modelo 043, producto para uso general.",1467.52,57,1,2026-03-14 09:00:00,2026-03-26 15:00:00
3051,SKU-03051,MaxiTech Monitor Modelo 044,"Monitor MaxiTech, modelo 044, producto para uso general.",6668.91,74,1,2026-03-15 09:00:00,2026-03-28 16:00:00
3052,SKU-03052,MaxiTech Audífonos Modelo 045,"Audífonos MaxiTech, modelo 045, producto para uso general.",2370.27,91,1,2026-03-16 09:00:00,2026-03-30 17:00:00
3053,SKU-03053,MaxiTech Webcam Modelo 046,"Webcam MaxiTech, modelo 046, producto para uso general.",1271.63,108,1,2026-03-17 09:00:00,2026-04-01 18:00:00
3054,SKU-03054,MaxiTech Memoria USB Modelo 047,"Memoria USB MaxiTech, modelo 047, producto para uso general.",582.95,125,1,2026-03-18 09:00:00,2026-04-03 19:00:00
3055,SKU-03055,MaxiTech Disco SSD Modelo 048,"Disco SSD MaxiTech, modelo 048, producto para uso general.",1474.38,142,1,2026-03-19 09:00:00,2026-04-05 20:00:00
3056,SKU-03056,MaxiTech Router Modelo 049,"Router MaxiTech, modelo 049, producto para uso general.",1875.75,159,1,2026-03-20 09:00:00,2026-04-07 09:00:00
3057,SKU-03057,MaxiTech Impresora Modelo 050,"Impresora MaxiTech, modelo 050, producto para uso general.",5977.13,176,1,2026-03-21 09:00:00,2026-04-09 10:00:00
3058,SKU-03058,MaxiTech Bocina Bluetooth Modelo 051,"Bocina Bluetooth MaxiTech, modelo 051, producto para uso general.",2278.49,193,1,2026-03-22 09:00:00,2026-04-11 11:00:00
3059,SKU-03059,MaxiTech Tablet Modelo 052,"Tablet MaxiTech, modelo 052, producto para uso general.",6679.87,9,1,2026-03-23 09:00:00,2026-04-13 12:00:00
3060,SKU-03060,MaxiTech Cargador Modelo 053,"Cargador MaxiTech, modelo 053, producto para uso general.",281.20,26,1,2026-03-24 09:00:00,2026-04-15 13:00:00
3061,SKU-03061,MaxiTech Cable USB Modelo 054,"Cable USB MaxiTech, modelo 054, producto para uso general.",482.52,43,1,2026-03-25 09:00:00,2026-04-17 14:00:00
3062,SKU-03062,MaxiTech Smartwatch Modelo 055,"Smartwatch MaxiTech, modelo 055, producto para uso general.",1083.97,60,1,2026-03-26 09:00:00,2026-04-19 15:00:00
3063,SKU-03063,MaxiTech Teclado mecánico Modelo 056,"Teclado mecánico MaxiTech, modelo 056, producto para uso general.",1285.33,77,1,2026-03-27 09:00:00,2026-04-21 16:00:00
3064,SKU-03064,MaxiTech Silla de oficina Modelo 057,"Silla de oficina MaxiTech, modelo 057, producto para uso general.",5986.72,94,1,2026-03-28 09:00:00,2026-04-23 17:00:00
3065,SKU-03065,MaxiTech Mochila Modelo 058,"Mochila MaxiTech, modelo 058, producto para uso general.",1138.07,111,1,2026-03-29 09:00:00,2026-04-25 18:00:00
3066,SKU-03066,MaxiTech Cámara Modelo 059,"Cámara MaxiTech, modelo 059, producto para uso general.",7689.46,128,1,2026-03-30 09:00:00,2026-04-27 19:00:00
3067,SKU-03067,MaxiTech Micrófono Modelo 060,"Micrófono MaxiTech, modelo 060, producto para uso general.",990.82,145,1,2026-03-31 09:00:00,2026-04-29 20:00:00
3068,SKU-03068,DigitalX Laptop Modelo 061,"Laptop DigitalX, modelo 061, producto para uso general.",12692.20,162,1,2026-04-01 09:00:00,2026-04-01 09:00:00
3069,SKU-03069,DigitalX Mouse Modelo 062,"Mouse DigitalX, modelo 062, producto para uso general.",773.52,179,1,2026-04-02 09:00:00,2026-04-03 10:00:00
3070,SKU-03070,DigitalX Teclado Modelo 063,"Teclado DigitalX, modelo 063, producto para uso general.",1494.92,196,1,2026-04-03 09:00:00,2026-04-05 11:00:00
3071,SKU-03071,DigitalX Monitor Modelo 064,"Monitor DigitalX, modelo 064, producto para uso general.",6696.31,12,1,2026-04-04 09:00:00,2026-04-07 12:00:00
3072,SKU-03072,DigitalX Audífonos Modelo 065,"Audífonos DigitalX, modelo 065, producto para uso general.",2397.67,29,1,2026-04-05 09:00:00,2026-04-09 13:00:00
3073,SKU-03073,DigitalX Webcam Modelo 066,"Webcam DigitalX, modelo 066, producto para uso general.",1299.03,46,1,2026-04-06 09:00:00,2026-04-11 14:00:00
3074,SKU-03074,DigitalX Memoria USB Modelo 067,"Memoria USB DigitalX, modelo 067, producto para uso general.",610.35,63,1,2026-04-07 09:00:00,2026-04-13 15:00:00
3075,SKU-03075,DigitalX Disco SSD Modelo 068,"Disco SSD DigitalX, modelo 068, producto para uso general.",1501.78,80,1,2026-04-08 09:00:00,2026-04-15 16:00:00
3076,SKU-03076,DigitalX Router Modelo 069,"Router DigitalX, modelo 069, producto para uso general.",1903.15,97,1,2026-04-09 09:00:00,2026-04-17 17:00:00
3077,SKU-03077,DigitalX Impresora Modelo 070,"Impresora DigitalX, modelo 070, producto para uso general.",6004.53,114,1,2026-04-10 09:00:00,2026-04-19 18:00:00
3078,SKU-03078,DigitalX Bocina Bluetooth Modelo 071,"Bocina Bluetooth DigitalX, modelo 071, producto para uso general.",2305.89,131,1,2026-04-11 09:00:00,2026-04-21 19:00:00
3079,SKU-03079,DigitalX Tablet Modelo 072,"Tablet DigitalX, modelo 072, producto para uso general.",6707.27,148,1,2026-04-12 09:00:00,2026-04-23 20:00:00
3080,SKU-03080,DigitalX Cargador Modelo 073,"Cargador DigitalX, modelo 073, producto para uso general.",308.60,165,1,2026-04-13 09:00:00,2026-04-25 09:00:00
3081,SKU-03081,DigitalX Cable USB Modelo 074,"Cable USB DigitalX, modelo 074, producto para uso general.",89.91,182,1,2026-04-14 09:00:00,2026-04-27 10:00:00
3082,SKU-03082,DigitalX Smartwatch Modelo 075,"Smartwatch DigitalX, modelo 075, producto para uso general.",1111.37,199,1,2026-04-15 09:00:00,2026-04-29 11:00:00
3083,SKU-03083,DigitalX Teclado mecánico Modelo 076,"Teclado mecánico DigitalX, modelo 076, producto para uso general.",1312.73,15,1,2026-04-16 09:00:00,2026-05-01 12:00:00
3084,SKU-03084,DigitalX Silla de oficina Modelo 077,"Silla de oficina DigitalX, modelo 077, producto para uso general.",6014.12,32,1,2026-04-17 09:00:00,2026-05-03 13:00:00
3085,SKU-03085,DigitalX Mochila Modelo 078,"Mochila DigitalX, modelo 078, producto para uso general.",1165.47,49,1,2026-04-18 09:00:00,2026-05-05 14:00:00
3086,SKU-03086,DigitalX Cámara Modelo 079,"Cámara DigitalX, modelo 079, producto para uso general.",7716.86,66,1,2026-04-19 09:00:00,2026-05-07 15:00:00
3087,SKU-03087,DigitalX Micrófono Modelo 080,"Micrófono DigitalX, modelo 080, producto para uso general.",1018.22,83,1,2026-04-20 09:00:00,2026-05-09 16:00:00
3088,SKU-03088,SmartOne Laptop Modelo 081,"Laptop SmartOne, modelo 081, producto para uso general.",12719.60,100,1,2026-04-21 09:00:00,2026-05-11 17:00:00
3089,SKU-03089,SmartOne Mouse Modelo 082,"Mouse SmartOne, modelo 082, producto para uso general.",800.92,117,1,2026-04-22 09:00:00,2026-05-13 18:00:00
3090,SKU-03090,SmartOne Teclado Modelo 083,"Teclado SmartOne, modelo 083, producto para uso general.",1522.32,134,1,2026-04-23 09:00:00,2026-05-15 19:00:00
3091,SKU-03091,SmartOne Monitor Modelo 084,"Monitor SmartOne, modelo 084, producto para uso general.",6723.71,151,1,2026-04-24 09:00:00,2026-05-17 20:00:00
3092,SKU-03092,SmartOne Audífonos Modelo 085,"Audífonos SmartOne, modelo 085, producto para uso general.",2425.07,168,1,2026-04-25 09:00:00,2026-05-19 09:00:00
3093,SKU-03093,SmartOne Webcam Modelo 086,"Webcam SmartOne, modelo 086, producto para uso general.",1326.43,185,1,2026-04-26 09:00:00,2026-05-21 10:00:00
3094,SKU-03094,SmartOne Memoria USB Modelo 087,"Memoria USB SmartOne, modelo 087, producto para uso general.",637.75,1,1,2026-04-27 09:00:00,2026-05-23 11:00:00
3095,SKU-03095,SmartOne Disco SSD Modelo 088,"Disco SSD SmartOne, modelo 088, producto para uso general.",1529.18,18,1,2026-04-28 09:00:00,2026-05-25 12:00:00
3096,SKU-03096,SmartOne Router Modelo 089,"Router SmartOne, modelo 089, producto para uso general.",1930.55,35,1,2026-04-29 09:00:00,2026-05-27 13:00:00
3097,SKU-03097,SmartOne Impresora Modelo 090,"Impresora SmartOne, modelo 090, producto para uso general.",6031.93,52,1,2026-04-30 09:00:00,2026-05-29 14:00:00
3098,SKU-03098,SmartOne Bocina Bluetooth Modelo 091,"Bocina Bluetooth SmartOne, modelo 091, producto para uso general.",2333.29,69,1,2026-05-01 09:00:00,2026-05-01 15:00:00
3099,SKU-03099,SmartOne Tablet Modelo 092,"Tablet SmartOne, modelo 092, producto para uso general.",6734.67,86,1,2026-05-02 09:00:00,2026-05-03 16:00:00
3100,SKU-03100,SmartOne Cargador Modelo 093,"Cargador SmartOne, modelo 093, producto para uso general.",336.00,103,1,2026-05-03 09:00:00,2026-05-05 17:00:00
3101,SKU-03101,SmartOne Cable USB Modelo 094,"Cable USB SmartOne, modelo 094, producto para uso general.",117.31,120,1,2026-05-04 09:00:00,2026-05-07 18:00:00
3102,SKU-03102,SmartOne Smartwatch Modelo 095,"Smartwatch SmartOne, modelo 095, producto para uso general.",1138.77,137,1,2026-05-05 09:00:00,2026-05-09 19:00:00
3103,SKU-03103,SmartOne Teclado mecánico Modelo 096,"Teclado mecánico SmartOne, modelo 096, producto para uso general.",1340.13,154,1,2026-05-06 09:00:00,2026-05-11 20:00:00
3104,SKU-03104,SmartOne Silla de oficina Modelo 097,"Silla de oficina SmartOne, modelo 097, producto para uso general.",6041.52,171,1,2026-05-07 09:00:00,2026-05-13 09:00:00
3105,SKU-03105,SmartOne Mochila Modelo 098,"Mochila SmartOne, modelo 098, producto para uso general.",1192.87,188,1,2026-05-08 09:00:00,2026-05-15 10:00:00
3106,SKU-03106,SmartOne Cámara Modelo 099,"Cámara SmartOne, modelo 099, producto para uso general.",7744.26,4,1,2026-05-09 09:00:00,2026-05-17 11:00:00
3107,SKU-03107,SmartOne Micrófono Modelo 100,"Micrófono SmartOne, modelo 100, producto para uso general.",1045.62,21,1,2026-05-10 09:00:00,2026-05-19 12:00:00
3108,SKU-03108,ProLine Laptop Modelo 101,"Laptop ProLine, modelo 101, producto para uso general.",12747.00,38,1,2026-05-11 09:00:00,2026-05-21 13:00:00
3109,SKU-03109,ProLine Mouse Modelo 102,"Mouse ProLine, modelo 102, producto para uso general.",828.32,55,1,2026-05-12 09:00:00,2026-05-23 14:00:00
3110,SKU-03110,ProLine Teclado Modelo 103,"Teclado ProLine, modelo 103, producto para uso general.",1549.72,72,1,2026-05-13 09:00:00,2026-05-25 15:00:00
3111,SKU-03111,ProLine Monitor Modelo 104,"Monitor ProLine, modelo 104, producto para uso general.",6751.11,89,1,2026-05-14 09:00:00,2026-05-27 16:00:00
3112,SKU-03112,ProLine Audífonos Modelo 105,"Audífonos ProLine, modelo 105, producto para uso general.",2452.47,106,1,2026-05-15 09:00:00,2026-05-29 17:00:00
3113,SKU-03113,ProLine Webcam Modelo 106,"Webcam ProLine, modelo 106, producto para uso general.",1353.83,123,1,2026-05-16 09:00:00,2026-05-31 18:00:00
3114,SKU-03114,ProLine Memoria USB Modelo 107,"Memoria USB ProLine, modelo 107, producto para uso general.",135.14,140,1,2026-05-17 09:00:00,2026-06-02 19:00:00
3115,SKU-03115,ProLine Disco SSD Modelo 108,"Disco SSD ProLine, modelo 108, producto para uso general.",1556.58,157,1,2026-05-18 09:00:00,2026-06-04 20:00:00
3116,SKU-03116,ProLine Router Modelo 109,"Router ProLine, modelo 109, producto para uso general.",1957.95,174,1,2026-05-19 09:00:00,2026-06-06 09:00:00
3117,SKU-03117,ProLine Impresora Modelo 110,"Impresora ProLine, modelo 110, producto para uso general.",6059.33,191,1,2026-05-20 09:00:00,2026-06-08 10:00:00
3118,SKU-03118,ProLine Bocina Bluetooth Modelo 111,"Bocina Bluetooth ProLine, modelo 111, producto para uso general.",2360.69,7,1,2026-05-21 09:00:00,2026-06-10 11:00:00
3119,SKU-03119,ProLine Tablet Modelo 112,"Tablet ProLine, modelo 112, producto para uso general.",6762.07,24,1,2026-05-22 09:00:00,2026-06-12 12:00:00
3120,SKU-03120,ProLine Cargador Modelo 113,"Cargador ProLine, modelo 113, producto para uso general.",363.40,41,1,2026-05-23 09:00:00,2026-06-14 13:00:00
3121,SKU-03121,ProLine Cable USB Modelo 114,"Cable USB ProLine, modelo 114, producto para uso general.",144.71,58,1,2026-05-24 09:00:00,2026-06-16 14:00:00
3122,SKU-03122,ProLine Smartwatch Modelo 115,"Smartwatch ProLine, modelo 115, producto para uso general.",1166.17,75,1,2026-05-25 09:00:00,2026-06-18 15:00:00
3123,SKU-03123,ProLine Teclado mecánico Modelo 116,"Teclado mecánico ProLine, modelo 116, producto para uso general.",1367.53,92,1,2026-05-26 09:00:00,2026-06-20 16:00:00
3124,SKU-03124,ProLine Silla de oficina Modelo 117,"Silla de oficina ProLine, modelo 117, producto para uso general.",6068.92,109,1,2026-05-27 09:00:00,2026-06-22 17:00:00
3125,SKU-03125,ProLine Mochila Modelo 118,"Mochila ProLine, modelo 118, producto para uso general.",1220.27,126,1,2026-05-28 09:00:00,2026-06-24 18:00:00
3126,SKU-03126,ProLine Cámara Modelo 119,"Cámara ProLine, modelo 119, producto para uso general.",7771.66,143,1,2026-05-29 09:00:00,2026-06-26 19:00:00
3127,SKU-03127,ProLine Micrófono Modelo 120,"Micrófono ProLine, modelo 120, producto para uso general.",1073.02,160,1,2026-05-30 09:00:00,2026-06-28 20:00:00
3128,SKU-03128,Ultra Laptop Modelo 121,"Laptop Ultra, modelo 121, producto para uso general.",12774.40,177,1,2026-05-31 09:00:00,2026-05-31 09:00:00
3129,SKU-03129,Ultra Mouse Modelo 122,"Mouse Ultra, modelo 122, producto para uso general.",855.72,194,1,2026-06-01 09:00:00,2026-06-02 10:00:00
3130,SKU-03130,Ultra Teclado Modelo 123,"Teclado Ultra, modelo 123, producto para uso general.",1577.12,10,1,2026-06-02 09:00:00,2026-06-04 11:00:00
3131,SKU-03131,Ultra Monitor Modelo 124,"Monitor Ultra, modelo 124, producto para uso general.",6778.51,27,1,2026-06-03 09:00:00,2026-06-06 12:00:00
3132,SKU-03132,Ultra Audífonos Modelo 125,"Audífonos Ultra, modelo 125, producto para uso general.",2479.87,44,1,2026-06-04 09:00:00,2026-06-08 13:00:00
3133,SKU-03133,Ultra Webcam Modelo 126,"Webcam Ultra, modelo 126, producto para uso general.",1381.23,61,1,2026-06-05 09:00:00,2026-06-10 14:00:00
3134,SKU-03134,Ultra Memoria USB Modelo 127,"Memoria USB Ultra, modelo 127, producto para uso general.",162.54,78,1,2026-06-06 09:00:00,2026-06-12 15:00:00
3135,SKU-03135,Ultra Disco SSD Modelo 128,"Disco SSD Ultra, modelo 128, producto para uso general.",1583.98,95,1,2026-06-07 09:00:00,2026-06-14 16:00:00
3136,SKU-03136,Ultra Router Modelo 129,"Router Ultra, modelo 129, producto para uso general.",1985.35,112,1,2026-06-08 09:00:00,2026-06-16 17:00:00
3137,SKU-03137,Ultra Impresora Modelo 130,"Impresora Ultra, modelo 130, producto para uso general.",6086.73,129,1,2026-06-09 09:00:00,2026-06-18 18:00:00
3138,SKU-03138,Ultra Bocina Bluetooth Modelo 131,"Bocina Bluetooth Ultra, modelo 131, producto para uso general.",2388.09,146,1,2026-06-10 09:00:00,2026-06-20 19:00:00
3139,SKU-03139,Ultra Tablet Modelo 132,"Tablet Ultra, modelo 132, producto para uso general.",6789.47,163,1,2026-06-11 09:00:00,2026-06-22 20:00:00
3140,SKU-03140,Ultra Cargador Modelo 133,"Cargador Ultra, modelo 133, producto para uso general.",390.80,180,1,2026-06-12 09:00:00,2026-06-24 09:00:00
3141,SKU-03141,Ultra Cable USB Modelo 134,"Cable USB Ultra, modelo 134, producto para uso general.",172.11,197,1,2026-06-13 09:00:00,2026-06-26 10:00:00
3142,SKU-03142,Ultra Smartwatch Modelo 135,"Smartwatch Ultra, modelo 135, producto para uso general.",1193.57,13,1,2026-06-14 09:00:00,2026-06-28 11:00:00
3143,SKU-03143,Ultra Teclado mecánico Modelo 136,"Teclado mecánico Ultra, modelo 136, producto para uso general.",1394.93,30,1,2026-06-15 09:00:00,2026-06-30 12:00:00
3144,SKU-03144,Ultra Silla de oficina Modelo 137,"Silla de oficina Ultra, modelo 137, producto para uso general.",6096.32,47,1,2026-06-16 09:00:00,2026-07-02 13:00:00
3145,SKU-03145,Ultra Mochila Modelo 138,"Mochila Ultra, modelo 138, producto para uso general.",1247.67,64,1,2026-06-17 09:00:00,2026-07-04 14:00:00
3146,SKU-03146,Ultra Cámara Modelo 139,"Cámara Ultra, modelo 139, producto para uso general.",7799.06,81,1,2026-06-18 09:00:00,2026-07-06 15:00:00
3147,SKU-03147,Ultra Micrófono Modelo 140,"Micrófono Ultra, modelo 140, producto para uso general.",1100.42,98,1,2026-06-19 09:00:00,2026-07-08 16:00:00
3148,SKU-03148,Vision Laptop Modelo 141,"Laptop Vision, modelo 141, producto para uso general.",12801.80,115,1,2026-06-20 09:00:00,2026-07-10 17:00:00
3149,SKU-03149,Vision Mouse Modelo 142,"Mouse Vision, modelo 142, producto para uso general.",883.12,132,1,2026-06-21 09:00:00,2026-07-12 18:00:00
3150,SKU-03150,Vision Teclado Modelo 143,"Teclado Vision, modelo 143, producto para uso general.",1604.52,149,1,2026-06-22 09:00:00,2026-07-14 19:00:00
3151,SKU-03151,Vision Monitor Modelo 144,"Monitor Vision, modelo 144, producto para uso general.",6805.91,166,1,2026-06-23 09:00:00,2026-07-16 20:00:00
3152,SKU-03152,Vision Audífonos Modelo 145,"Audífonos Vision, modelo 145, producto para uso general.",357.26,183,1,2026-06-24 09:00:00,2026-07-18 09:00:00
3153,SKU-03153,Vision Webcam Modelo 146,"Webcam Vision, modelo 146, producto para uso general.",1408.63,200,1,2026-06-25 09:00:00,2026-07-20 10:00:00
3154,SKU-03154,Vision Memoria USB Modelo 147,"Memoria USB Vision, modelo 147, producto para uso general.",189.94,16,1,2026-06-26 09:00:00,2026-07-22 11:00:00
3155,SKU-03155,Vision Disco SSD Modelo 148,"Disco SSD Vision, modelo 148, producto para uso general.",1611.38,33,1,2026-06-27 09:00:00,2026-07-24 12:00:00
3156,SKU-03156,Vision Router Modelo 149,"Router Vision, modelo 149, producto para uso general.",2012.75,50,1,2026-06-28 09:00:00,2026-07-26 13:00:00
3157,SKU-03157,Vision Impresora Modelo 150,"Impresora Vision, modelo 150, producto para uso general.",6114.13,67,1,2026-06-29 09:00:00,2026-07-28 14:00:00
3158,SKU-03158,Vision Bocina Bluetooth Modelo 151,"Bocina Bluetooth Vision, modelo 151, producto para uso general.",2415.49,84,1,2026-06-30 09:00:00,2026-06-30 15:00:00
3159,SKU-03159,Vision Tablet Modelo 152,"Tablet Vision, modelo 152, producto para uso general.",6816.87,101,1,2026-07-01 09:00:00,2026-07-02 16:00:00
3160,SKU-03160,Vision Cargador Modelo 153,"Cargador Vision, modelo 153, producto para uso general.",418.20,118,1,2026-07-02 09:00:00,2026-07-04 17:00:00
3161,SKU-03161,Vision Cable USB Modelo 154,"Cable USB Vision, modelo 154, producto para uso general.",199.51,135,1,2026-07-03 09:00:00,2026-07-06 18:00:00
3162,SKU-03162,Vision Smartwatch Modelo 155,"Smartwatch Vision, modelo 155, producto para uso general.",1220.97,152,1,2026-07-04 09:00:00,2026-07-08 19:00:00
3163,SKU-03163,Vision Teclado mecánico Modelo 156,"Teclado mecánico Vision, modelo 156, producto para uso general.",1422.33,169,1,2026-07-05 09:00:00,2026-07-10 20:00:00
3164,SKU-03164,Vision Silla de oficina Modelo 157,"Silla de oficina Vision, modelo 157, producto para uso general.",6123.72,186,1,2026-07-06 09:00:00,2026-07-12 09:00:00
3165,SKU-03165,Vision Mochila Modelo 158,"Mochila Vision, modelo 158, producto para uso general.",1275.07,2,1,2026-07-07 09:00:00,2026-07-14 10:00:00
3166,SKU-03166,Vision Cámara Modelo 159,"Cámara Vision, modelo 159, producto para uso general.",7826.46,19,1,2026-07-08 09:00:00,2026-07-16 11:00:00
3167,SKU-03167,Vision Micrófono Modelo 160,"Micrófono Vision, modelo 160, producto para uso general.",1127.82,36,1,2026-07-09 09:00:00,2026-07-18 12:00:00
3168,SKU-03168,Connect Laptop Modelo 161,"Laptop Connect, modelo 161, producto para uso general.",12829.20,53,1,2026-07-10 09:00:00,2026-07-20 13:00:00
3169,SKU-03169,Connect Mouse Modelo 162,"Mouse Connect, modelo 162, producto para uso general.",190.51,70,1,2026-07-11 09:00:00,2026-07-22 14:00:00
3170,SKU-03170,Connect Teclado Modelo 163,"Teclado Connect, modelo 163, producto para uso general.",1631.92,87,1,2026-07-12 09:00:00,2026-07-24 15:00:00
3171,SKU-03171,Connect Monitor Modelo 164,"Monitor Connect, modelo 164, producto para uso general.",6833.31,104,1,2026-07-13 09:00:00,2026-07-26 16:00:00
3172,SKU-03172,Connect Audífonos Modelo 165,"Audífonos Connect, modelo 165, producto para uso general.",384.66,121,1,2026-07-14 09:00:00,2026-07-28 17:00:00
3173,SKU-03173,Connect Webcam Modelo 166,"Webcam Connect, modelo 166, producto para uso general.",1436.03,138,1,2026-07-15 09:00:00,2026-07-30 18:00:00
3174,SKU-03174,Connect Memoria USB Modelo 167,"Memoria USB Connect, modelo 167, producto para uso general.",217.34,155,1,2026-07-16 09:00:00,2026-08-01 19:00:00
3175,SKU-03175,Connect Disco SSD Modelo 168,"Disco SSD Connect, modelo 168, producto para uso general.",1638.78,172,1,2026-07-17 09:00:00,2026-08-03 20:00:00
3176,SKU-03176,Connect Router Modelo 169,"Router Connect, modelo 169, producto para uso general.",2040.15,189,1,2026-07-18 09:00:00,2026-08-05 09:00:00
3177,SKU-03177,Connect Impresora Modelo 170,"Impresora Connect, modelo 170, producto para uso general.",6141.53,5,1,2026-07-19 09:00:00,2026-08-07 10:00:00
3178,SKU-03178,Connect Bocina Bluetooth Modelo 171,"Bocina Bluetooth Connect, modelo 171, producto para uso general.",2442.89,22,1,2026-07-20 09:00:00,2026-08-09 11:00:00
3179,SKU-03179,Connect Tablet Modelo 172,"Tablet Connect, modelo 172, producto para uso general.",6844.27,39,1,2026-07-21 09:00:00,2026-08-11 12:00:00
3180,SKU-03180,Connect Cargador Modelo 173,"Cargador Connect, modelo 173, producto para uso general.",445.60,56,1,2026-07-22 09:00:00,2026-08-13 13:00:00
3181,SKU-03181,Connect Cable USB Modelo 174,"Cable USB Connect, modelo 174, producto para uso general.",226.91,73,1,2026-07-23 09:00:00,2026-08-15 14:00:00
3182,SKU-03182,Connect Smartwatch Modelo 175,"Smartwatch Connect, modelo 175, producto para uso general.",1248.37,90,1,2026-07-24 09:00:00,2026-08-17 15:00:00
3183,SKU-03183,Connect Teclado mecánico Modelo 176,"Teclado mecánico Connect, modelo 176, producto para uso general.",1449.73,107,1,2026-07-25 09:00:00,2026-08-19 16:00:00
3184,SKU-03184,Connect Silla de oficina Modelo 177,"Silla de oficina Connect, modelo 177, producto para uso general.",6151.12,124,1,2026-07-26 09:00:00,2026-08-21 17:00:00
3185,SKU-03185,Connect Mochila Modelo 178,"Mochila Connect, modelo 178, producto para uso general.",1302.47,141,1,2026-07-27 09:00:00,2026-08-23 18:00:00
3186,SKU-03186,Connect Cámara Modelo 179,"Cámara Connect, modelo 179, producto para uso general.",7853.86,158,1,2026-07-28 09:00:00,2026-08-25 19:00:00
3187,SKU-03187,Connect Micrófono Modelo 180,"Micrófono Connect, modelo 180, producto para uso general.",1155.22,175,1,2026-07-29 09:00:00,2026-08-27 20:00:00
3188,SKU-03188,Advance Laptop Modelo 181,"Laptop Advance, modelo 181, producto para uso general.",12856.60,192,1,2026-07-30 09:00:00,2026-07-30 09:00:00
3189,SKU-03189,Advance Mouse Modelo 182,"Mouse Advance, modelo 182, producto para uso general.",217.91,8,1,2026-07-31 09:00:00,2026-08-01 10:00:00
3190,SKU-03190,Advance Teclado Modelo 183,"Teclado Advance, modelo 183, producto para uso general.",1659.32,25,1,2026-08-01 09:00:00,2026-08-03 11:00:00
3191,SKU-03191,Advance Monitor Modelo 184,"Monitor Advance, modelo 184, producto para uso general.",6860.71,42,1,2026-08-02 09:00:00,2026-08-05 12:00:00
3192,SKU-03192,Advance Audífonos Modelo 185,"Audífonos Advance, modelo 185, producto para uso general.",412.06,59,1,2026-08-03 09:00:00,2026-08-07 13:00:00
3193,SKU-03193,Advance Webcam Modelo 186,"Webcam Advance, modelo 186, producto para uso general.",1463.43,76,1,2026-08-04 09:00:00,2026-08-09 14:00:00
3194,SKU-03194,Advance Memoria USB Modelo 187,"Memoria USB Advance, modelo 187, producto para uso general.",244.74,93,1,2026-08-05 09:00:00,2026-08-11 15:00:00
3195,SKU-03195,Advance Disco SSD Modelo 188,"Disco SSD Advance, modelo 188, producto para uso general.",1666.18,110,1,2026-08-06 09:00:00,2026-08-13 16:00:00
3196,SKU-03196,Advance Router Modelo 189,"Router Advance, modelo 189, producto para uso general.",2067.55,127,1,2026-08-07 09:00:00,2026-08-15 17:00:00
3197,SKU-03197,Advance Impresora Modelo 190,"Impresora Advance, modelo 190, producto para uso general.",6168.93,144,1,2026-08-08 09:00:00,2026-08-17 18:00:00
3198,SKU-03198,Advance Bocina Bluetooth Modelo 191,"Bocina Bluetooth Advance, modelo 191, producto para uso general.",2470.29,161,1,2026-08-09 09:00:00,2026-08-19 19:00:00
3199,SKU-03199,Advance Tablet Modelo 192,"Tablet Advance, modelo 192, producto para uso general.",6871.67,178,1,2026-08-10 09:00:00,2026-08-21 20:00:00
3200,SKU-03200,Advance Cargador Modelo 193,"Cargador Advance, modelo 193, producto para uso general.",473.00,195,1,2026-08-11 09:00:00,2026-08-23 09:00:00
3201,SKU-03201,Advance Cable USB Modelo 194,"Cable USB Advance, modelo 194, producto para uso general.",254.31,11,1,2026-08-12 09:00:00,2026-08-25 10:00:00
3202,SKU-03202,Advance Smartwatch Modelo 195,"Smartwatch Advance, modelo 195, producto para uso general.",1275.77,28,1,2026-08-13 09:00:00,2026-08-27 11:00:00
3203,SKU-03203,Advance Teclado mecánico Modelo 196,"Teclado mecánico Advance, modelo 196, producto para uso general.",1477.13,45,1,2026-08-14 09:00:00,2026-08-29 12:00:00
3204,SKU-03204,Advance Silla de oficina Modelo 197,"Silla de oficina Advance, modelo 197, producto para uso general.",6178.52,62,1,2026-08-15 09:00:00,2026-08-31 13:00:00
3205,SKU-03205,Advance Mochila Modelo 198,"Mochila Advance, modelo 198, producto para uso general.",1329.87,79,1,2026-08-16 09:00:00,2026-09-02 14:00:00
3206,SKU-03206,Advance Cámara Modelo 199,"Cámara Advance, modelo 199, producto para uso general.",7881.26,96,1,2026-08-17 09:00:00,2026-09-04 15:00:00
3207,SKU-03207,Advance Micrófono Modelo 200,"Micrófono Advance, modelo 200, producto para uso general.",1182.62,113,1,2026-08-18 09:00:00,2026-09-06 16:00:00
3208,SKU-03208,TechPro Laptop Modelo 201,"Laptop TechPro, modelo 201, producto para uso general.",12884.00,130,1,2026-08-19 09:00:00,2026-09-08 17:00:00
3209,SKU-03209,TechPro Mouse Modelo 202,"Mouse TechPro, modelo 202, producto para uso general.",245.31,147,1,2026-08-20 09:00:00,2026-09-10 18:00:00
3210,SKU-03210,TechPro Teclado Modelo 203,"Teclado TechPro, modelo 203, producto para uso general.",1686.72,164,1,2026-08-21 09:00:00,2026-09-12 19:00:00
3211,SKU-03211,TechPro Monitor Modelo 204,"Monitor TechPro, modelo 204, producto para uso general.",6888.11,181,1,2026-08-22 09:00:00,2026-09-14 20:00:00
3212,SKU-03212,TechPro Audífonos Modelo 205,"Audífonos TechPro, modelo 205, producto para uso general.",439.46,198,1,2026-08-23 09:00:00,2026-09-16 09:00:00
3213,SKU-03213,TechPro Webcam Modelo 206,"Webcam TechPro, modelo 206, producto para uso general.",1490.83,14,1,2026-08-24 09:00:00,2026-09-18 10:00:00
3214,SKU-03214,TechPro Memoria USB Modelo 207,"Memoria USB TechPro, modelo 207, producto para uso general.",272.14,31,1,2026-08-25 09:00:00,2026-09-20 11:00:00
3215,SKU-03215,TechPro Disco SSD Modelo 208,"Disco SSD TechPro, modelo 208, producto para uso general.",1693.58,48,1,2026-08-26 09:00:00,2026-09-22 12:00:00
3216,SKU-03216,TechPro Router Modelo 209,"Router TechPro, modelo 209, producto para uso general.",2094.95,65,1,2026-08-27 09:00:00,2026-09-24 13:00:00
3217,SKU-03217,TechPro Impresora Modelo 210,"Impresora TechPro, modelo 210, producto para uso general.",6196.33,82,1,2026-08-28 09:00:00,2026-09-26 14:00:00
3218,SKU-03218,TechPro Bocina Bluetooth Modelo 211,"Bocina Bluetooth TechPro, modelo 211, producto para uso general.",2497.69,99,1,2026-08-29 09:00:00,2026-08-29 15:00:00
3219,SKU-03219,TechPro Tablet Modelo 212,"Tablet TechPro, modelo 212, producto para uso general.",6899.07,116,1,2026-08-30 09:00:00,2026-08-31 16:00:00
3220,SKU-03220,TechPro Cargador Modelo 213,"Cargador TechPro, modelo 213, producto para uso general.",500.40,133,1,2026-08-31 09:00:00,2026-09-02 17:00:00
3221,SKU-03221,TechPro Cable USB Modelo 214,"Cable USB TechPro, modelo 214, producto para uso general.",281.71,150,1,2026-09-01 09:00:00,2026-09-04 18:00:00
3222,SKU-03222,TechPro Smartwatch Modelo 215,"Smartwatch TechPro, modelo 215, producto para uso general.",1303.17,167,1,2026-09-02 09:00:00,2026-09-06 19:00:00
3223,SKU-03223,TechPro Teclado mecánico Modelo 216,"Teclado mecánico TechPro, modelo 216, producto para uso general.",1504.53,184,1,2026-09-03 09:00:00,2026-09-08 20:00:00
3224,SKU-03224,TechPro Silla de oficina Modelo 217,"Silla de oficina TechPro, modelo 217, producto para uso general.",6205.92,0,0,2026-09-04 09:00:00,2026-09-10 09:00:00
3225,SKU-03225,TechPro Mochila Modelo 218,"Mochila TechPro, modelo 218, producto para uso general.",1357.27,17,1,2026-09-05 09:00:00,2026-09-12 10:00:00
3226,SKU-03226,TechPro Cámara Modelo 219,"Cámara TechPro, modelo 219, producto para uso general.",7908.66,34,1,2026-09-06 09:00:00,2026-09-14 11:00:00
3227,SKU-03227,TechPro Micrófono Modelo 220,"Micrófono TechPro, modelo 220, producto para uso general.",1210.02,51,1,2026-09-07 09:00:00,2026-09-16 12:00:00
3228,SKU-03228,Nova Laptop Modelo 221,"Laptop Nova, modelo 221, producto para uso general.",12911.40,68,1,2026-09-08 09:00:00,2026-09-18 13:00:00
3229,SKU-03229,Nova Mouse Modelo 222,"Mouse Nova, modelo 222, producto para uso general.",272.71,85,1,2026-09-09 09:00:00,2026-09-20 14:00:00
3230,SKU-03230,Nova Teclado Modelo 223,"Teclado Nova, modelo 223, producto para uso general.",1714.12,102,1,2026-09-10 09:00:00,2026-09-22 15:00:00
3231,SKU-03231,Nova Monitor Modelo 224,"Monitor Nova, modelo 224, producto para uso general.",6915.51,119,1,2026-09-11 09:00:00,2026-09-24 16:00:00
3232,SKU-03232,Nova Audífonos Modelo 225,"Audífonos Nova, modelo 225, producto para uso general.",466.86,136,1,2026-09-12 09:00:00,2026-09-26 17:00:00
3233,SKU-03233,Nova Webcam Modelo 226,"Webcam Nova, modelo 226, producto para uso general.",1518.23,153,1,2026-09-13 09:00:00,2026-09-28 18:00:00
3234,SKU-03234,Nova Memoria USB Modelo 227,"Memoria USB Nova, modelo 227, producto para uso general.",299.54,170,1,2026-09-14 09:00:00,2026-09-30 19:00:00
3235,SKU-03235,Nova Disco SSD Modelo 228,"Disco SSD Nova, modelo 228, producto para uso general.",1720.98,187,1,2026-09-15 09:00:00,2026-10-02 20:00:00
3236,SKU-03236,Nova Router Modelo 229,"Router Nova, modelo 229, producto para uso general.",2122.35,3,1,2026-09-16 09:00:00,2026-10-04 09:00:00
3237,SKU-03237,Nova Impresora Modelo 230,"Impresora Nova, modelo 230, producto para uso general.",6223.73,20,1,2026-09-17 09:00:00,2026-10-06 10:00:00
3238,SKU-03238,Nova Bocina Bluetooth Modelo 231,"Bocina Bluetooth Nova, modelo 231, producto para uso general.",2525.09,37,1,2026-09-18 09:00:00,2026-10-08 11:00:00
3239,SKU-03239,Nova Tablet Modelo 232,"Tablet Nova, modelo 232, producto para uso general.",6926.47,54,1,2026-09-19 09:00:00,2026-10-10 12:00:00
3240,SKU-03240,Nova Cargador Modelo 233,"Cargador Nova, modelo 233, producto para uso general.",527.80,71,1,2026-09-20 09:00:00,2026-10-12 13:00:00
3241,SKU-03241,Nova Cable USB Modelo 234,"Cable USB Nova, modelo 234, producto para uso general.",309.11,88,1,2026-09-21 09:00:00,2026-10-14 14:00:00
3242,SKU-03242,Nova Smartwatch Modelo 235,"Smartwatch Nova, modelo 235, producto para uso general.",1330.57,105,1,2026-09-22 09:00:00,2026-10-16 15:00:00
3243,SKU-03243,Nova Teclado mecánico Modelo 236,"Teclado mecánico Nova, modelo 236, producto para uso general.",1531.93,122,1,2026-09-23 09:00:00,2026-10-18 16:00:00
3244,SKU-03244,Nova Silla de oficina Modelo 237,"Silla de oficina Nova, modelo 237, producto para uso general.",6233.32,139,1,2026-09-24 09:00:00,2026-10-20 17:00:00
3245,SKU-03245,Nova Mochila Modelo 238,"Mochila Nova, modelo 238, producto para uso general.",1384.67,156,1,2026-09-25 09:00:00,2026-10-22 18:00:00
3246,SKU-03246,Nova Cámara Modelo 239,"Cámara Nova, modelo 239, producto para uso general.",7936.06,173,1,2026-09-26 09:00:00,2026-10-24 19:00:00
3247,SKU-03247,Nova Micrófono Modelo 240,"Micrófono Nova, modelo 240, producto para uso general.",1237.42,190,1,2026-09-27 09:00:00,2026-10-26 20:00:00
3248,SKU-03248,MaxiTech Laptop Modelo 241,"Laptop MaxiTech, modelo 241, producto para uso general.",12938.80,6,1,2026-01-01 09:00:00,2026-01-01 09:00:00
3249,SKU-03249,MaxiTech Mouse Modelo 242,"Mouse MaxiTech, modelo 242, producto para uso general.",300.11,23,1,2026-01-02 09:00:00,2026-01-03 10:00:00
3250,SKU-03250,MaxiTech Teclado Modelo 243,"Teclado MaxiTech, modelo 243, producto para uso general.",1741.52,40,1,2026-01-03 09:00:00,2026-01-05 11:00:00
3251,SKU-03251,MaxiTech Monitor Modelo 244,"Monitor MaxiTech, modelo 244, producto para uso general.",6942.91,57,1,2026-01-04 09:00:00,2026-01-07 12:00:00
3252,SKU-03252,MaxiTech Audífonos Modelo 245,"Audífonos MaxiTech, modelo 245, producto para uso general.",494.26,74,1,2026-01-05 09:00:00,2026-01-09 13:00:00
3253,SKU-03253,MaxiTech Webcam Modelo 246,"Webcam MaxiTech, modelo 246, producto para uso general.",1545.63,91,1,2026-01-06 09:00:00,2026-01-11 14:00:00
3254,SKU-03254,MaxiTech Memoria USB Modelo 247,"Memoria USB MaxiTech, modelo 247, producto para uso general.",326.94,108,1,2026-01-07 09:00:00,2026-01-13 15:00:00
3255,SKU-03255,MaxiTech Disco SSD Modelo 248,"Disco SSD MaxiTech, modelo 248, producto para uso general.",1748.38,125,1,2026-01-08 09:00:00,2026-01-15 16:00:00
3256,SKU-03256,MaxiTech Router Modelo 249,"Router MaxiTech, modelo 249, producto para uso general.",2149.75,142,1,2026-01-09 09:00:00,2026-01-17 17:00:00
3257,SKU-03257,MaxiTech Impresora Modelo 250,"Impresora MaxiTech, modelo 250, producto para uso general.",6251.13,159,1,2026-01-10 09:00:00,2026-01-19 18:00:00
3258,SKU-03258,MaxiTech Bocina Bluetooth Modelo 001,"Bocina Bluetooth MaxiTech, modelo 001, producto para uso general.",2552.49,176,1,2026-01-11 09:00:00,2026-01-21 19:00:00
3259,SKU-03259,MaxiTech Tablet Modelo 002,"Tablet MaxiTech, modelo 002, producto para uso general.",6953.87,193,1,2026-01-12 09:00:00,2026-01-23 20:00:00
3260,SKU-03260,MaxiTech Cargador Modelo 003,"Cargador MaxiTech, modelo 003, producto para uso general.",555.20,9,1,2026-01-13 09:00:00,2026-01-25 09:00:00
3261,SKU-03261,MaxiTech Cable USB Modelo 004,"Cable USB MaxiTech, modelo 004, producto para uso general.",336.51,26,1,2026-01-14 09:00:00,2026-01-27 10:00:00
3262,SKU-03262,MaxiTech Smartwatch Modelo 005,"Smartwatch MaxiTech, modelo 005, producto para uso general.",1357.97,43,1,2026-01-15 09:00:00,2026-01-29 11:00:00
3263,SKU-03263,MaxiTech Teclado mecánico Modelo 006,"Teclado mecánico MaxiTech, modelo 006, producto para uso general.",1559.33,60,1,2026-01-16 09:00:00,2026-01-31 12:00:00
3264,SKU-03264,MaxiTech Silla de oficina Modelo 007,"Silla de oficina MaxiTech, modelo 007, producto para uso general.",6260.72,77,1,2026-01-17 09:00:00,2026-02-02 13:00:00
3265,SKU-03265,MaxiTech Mochila Modelo 008,"Mochila MaxiTech, modelo 008, producto para uso general.",1412.07,94,1,2026-01-18 09:00:00,2026-02-04 14:00:00
3266,SKU-03266,MaxiTech Cámara Modelo 009,"Cámara MaxiTech, modelo 009, producto para uso general.",7963.46,111,1,2026-01-19 09:00:00,2026-02-06 15:00:00
3267,SKU-03267,MaxiTech Micrófono Modelo 010,"Micrófono MaxiTech, modelo 010, producto para uso general.",1264.82,128,1,2026-01-20 09:00:00,2026-02-08 16:00:00
3268,SKU-03268,DigitalX Laptop Modelo 011,"Laptop DigitalX, modelo 011, producto para uso general.",12966.20,145,1,2026-01-21 09:00:00,2026-02-10 17:00:00
3269,SKU-03269,DigitalX Mouse Modelo 012,"Mouse DigitalX, modelo 012, producto para uso general.",327.51,162,1,2026-01-22 09:00:00,2026-02-12 18:00:00
3270,SKU-03270,DigitalX Teclado Modelo 013,"Teclado DigitalX, modelo 013, producto para uso general.",1768.92,179,1,2026-01-23 09:00:00,2026-02-14 19:00:00
3271,SKU-03271,DigitalX Monitor Modelo 014,"Monitor DigitalX, modelo 014, producto para uso general.",6970.31,196,1,2026-01-24 09:00:00,2026-02-16 20:00:00
3272,SKU-03272,DigitalX Audífonos Modelo 015,"Audífonos DigitalX, modelo 015, producto para uso general.",521.66,12,1,2026-01-25 09:00:00,2026-02-18 09:00:00
3273,SKU-03273,DigitalX Webcam Modelo 016,"Webcam DigitalX, modelo 016, producto para uso general.",1573.03,29,1,2026-01-26 09:00:00,2026-02-20 10:00:00
3274,SKU-03274,DigitalX Memoria USB Modelo 017,"Memoria USB DigitalX, modelo 017, producto para uso general.",354.34,46,1,2026-01-27 09:00:00,2026-02-22 11:00:00
3275,SKU-03275,DigitalX Disco SSD Modelo 018,"Disco SSD DigitalX, modelo 018, producto para uso general.",1775.78,63,1,2026-01-28 09:00:00,2026-02-24 12:00:00
3276,SKU-03276,DigitalX Router Modelo 019,"Router DigitalX, modelo 019, producto para uso general.",2177.15,80,1,2026-01-29 09:00:00,2026-02-26 13:00:00
3277,SKU-03277,DigitalX Impresora Modelo 020,"Impresora DigitalX, modelo 020, producto para uso general.",6278.53,97,1,2026-01-30 09:00:00,2026-02-28 14:00:00
3278,SKU-03278,DigitalX Bocina Bluetooth Modelo 021,"Bocina Bluetooth DigitalX, modelo 021, producto para uso general.",2579.89,114,1,2026-01-31 09:00:00,2026-01-31 15:00:00
3279,SKU-03279,DigitalX Tablet Modelo 022,"Tablet DigitalX, modelo 022, producto para uso general.",6981.27,131,1,2026-02-01 09:00:00,2026-02-02 16:00:00
3280,SKU-03280,DigitalX Cargador Modelo 023,"Cargador DigitalX, modelo 023, producto para uso general.",582.60,148,1,2026-02-02 09:00:00,2026-02-04 17:00:00
3281,SKU-03281,DigitalX Cable USB Modelo 024,"Cable USB DigitalX, modelo 024, producto para uso general.",363.91,165,1,2026-02-03 09:00:00,2026-02-06 18:00:00
3282,SKU-03282,DigitalX Smartwatch Modelo 025,"Smartwatch DigitalX, modelo 025, producto para uso general.",1385.37,182,1,2026-02-04 09:00:00,2026-02-08 19:00:00
3283,SKU-03283,DigitalX Teclado mecánico Modelo 026,"Teclado mecánico DigitalX, modelo 026, producto para uso general.",1586.73,199,1,2026-02-05 09:00:00,2026-02-10 20:00:00
3284,SKU-03284,DigitalX Silla de oficina Modelo 027,"Silla de oficina DigitalX, modelo 027, producto para uso general.",6288.12,15,1,2026-02-06 09:00:00,2026-02-12 09:00:00
3285,SKU-03285,DigitalX Mochila Modelo 028,"Mochila DigitalX, modelo 028, producto para uso general.",1439.47,32,1,2026-02-07 09:00:00,2026-02-14 10:00:00
3286,SKU-03286,DigitalX Cámara Modelo 029,"Cámara DigitalX, modelo 029, producto para uso general.",7990.86,49,1,2026-02-08 09:00:00,2026-02-16 11:00:00
3287,SKU-03287,DigitalX Micrófono Modelo 030,"Micrófono DigitalX, modelo 030, producto para uso general.",1292.22,66,1,2026-02-09 09:00:00,2026-02-18 12:00:00
3288,SKU-03288,SmartOne Laptop Modelo 031,"Laptop SmartOne, modelo 031, producto para uso general.",12993.60,83,1,2026-02-10 09:00:00,2026-02-20 13:00:00
3289,SKU-03289,SmartOne Mouse Modelo 032,"Mouse SmartOne, modelo 032, producto para uso general.",354.91,100,1,2026-02-11 09:00:00,2026-02-22 14:00:00
3290,SKU-03290,SmartOne Teclado Modelo 033,"Teclado SmartOne, modelo 033, producto para uso general.",1796.32,117,1,2026-02-12 09:00:00,2026-02-24 15:00:00
3291,SKU-03291,SmartOne Monitor Modelo 034,"Monitor SmartOne, modelo 034, producto para uso general.",6997.71,134,1,2026-02-13 09:00:00,2026-02-26 16:00:00
3292,SKU-03292,SmartOne Audífonos Modelo 035,"Audífonos SmartOne, modelo 035, producto para uso general.",549.06,151,1,2026-02-14 09:00:00,2026-02-28 17:00:00
3293,SKU-03293,SmartOne Webcam Modelo 036,"Webcam SmartOne, modelo 036, producto para uso general.",1600.43,168,1,2026-02-15 09:00:00,2026-03-02 18:00:00
3294,SKU-03294,SmartOne Memoria USB Modelo 037,"Memoria USB SmartOne, modelo 037, producto para uso general.",381.74,185,1,2026-02-16 09:00:00,2026-03-04 19:00:00
3295,SKU-03295,SmartOne Disco SSD Modelo 038,"Disco SSD SmartOne, modelo 038, producto para uso general.",1803.18,1,1,2026-02-17 09:00:00,2026-03-06 20:00:00
3296,SKU-03296,SmartOne Router Modelo 039,"Router SmartOne, modelo 039, producto para uso general.",2204.55,18,1,2026-02-18 09:00:00,2026-03-08 09:00:00
3297,SKU-03297,SmartOne Impresora Modelo 040,"Impresora SmartOne, modelo 040, producto para uso general.",6305.93,35,1,2026-02-19 09:00:00,2026-03-10 10:00:00
3298,SKU-03298,SmartOne Bocina Bluetooth Modelo 041,"Bocina Bluetooth SmartOne, modelo 041, producto para uso general.",2607.29,52,1,2026-02-20 09:00:00,2026-03-12 11:00:00
3299,SKU-03299,SmartOne Tablet Modelo 042,"Tablet SmartOne, modelo 042, producto para uso general.",7008.67,69,1,2026-02-21 09:00:00,2026-03-14 12:00:00
3300,SKU-03300,SmartOne Cargador Modelo 043,"Cargador SmartOne, modelo 043, producto para uso general.",610.00,86,1,2026-02-22 09:00:00,2026-03-16 13:00:00
3301,SKU-03301,SmartOne Cable USB Modelo 044,"Cable USB SmartOne, modelo 044, producto para uso general.",391.31,103,1,2026-02-23 09:00:00,2026-03-18 14:00:00
3302,SKU-03302,SmartOne Smartwatch Modelo 045,"Smartwatch SmartOne, modelo 045, producto para uso general.",1412.77,120,1,2026-02-24 09:00:00,2026-03-20 15:00:00
3303,SKU-03303,SmartOne Teclado mecánico Modelo 046,"Teclado mecánico SmartOne, modelo 046, producto para uso general.",1614.13,137,1,2026-02-25 09:00:00,2026-03-22 16:00:00
3304,SKU-03304,SmartOne Silla de oficina Modelo 047,"Silla de oficina SmartOne, modelo 047, producto para uso general.",6315.52,154,1,2026-02-26 09:00:00,2026-03-24 17:00:00
3305,SKU-03305,SmartOne Mochila Modelo 048,"Mochila SmartOne, modelo 048, producto para uso general.",1466.87,171,1,2026-02-27 09:00:00,2026-03-26 18:00:00
3306,SKU-03306,SmartOne Cámara Modelo 049,"Cámara SmartOne, modelo 049, producto para uso general.",8018.26,188,1,2026-02-28 09:00:00,2026-03-28 19:00:00
3307,SKU-03307,SmartOne Micrófono Modelo 050,"Micrófono SmartOne, modelo 050, producto para uso general.",1319.62,4,1,2026-03-01 09:00:00,2026-03-30 20:00:00
3308,SKU-03308,ProLine Laptop Modelo 051,"Laptop ProLine, modelo 051, producto para uso general.",13021.00,21,1,2026-03-02 09:00:00,2026-03-02 09:00:00
3309,SKU-03309,ProLine Mouse Modelo 052,"Mouse ProLine, modelo 052, producto para uso general.",382.31,38,1,2026-03-03 09:00:00,2026-03-04 10:00:00
3310,SKU-03310,ProLine Teclado Modelo 053,"Teclado ProLine, modelo 053, producto para uso general.",323.71,55,1,2026-03-04 09:00:00,2026-03-06 11:00:00
3311,SKU-03311,ProLine Monitor Modelo 054,"Monitor ProLine, modelo 054, producto para uso general.",7025.11,72,1,2026-03-05 09:00:00,2026-03-08 12:00:00
3312,SKU-03312,ProLine Audífonos Modelo 055,"Audífonos ProLine, modelo 055, producto para uso general.",576.46,89,1,2026-03-06 09:00:00,2026-03-10 13:00:00
3313,SKU-03313,ProLine Webcam Modelo 056,"Webcam ProLine, modelo 056, producto para uso general.",1627.83,106,1,2026-03-07 09:00:00,2026-03-12 14:00:00
3314,SKU-03314,ProLine Memoria USB Modelo 057,"Memoria USB ProLine, modelo 057, producto para uso general.",409.14,123,1,2026-03-08 09:00:00,2026-03-14 15:00:00
3315,SKU-03315,ProLine Disco SSD Modelo 058,"Disco SSD ProLine, modelo 058, producto para uso general.",1830.58,140,1,2026-03-09 09:00:00,2026-03-16 16:00:00
3316,SKU-03316,ProLine Router Modelo 059,"Router ProLine, modelo 059, producto para uso general.",2231.95,157,1,2026-03-10 09:00:00,2026-03-18 17:00:00
3317,SKU-03317,ProLine Impresora Modelo 060,"Impresora ProLine, modelo 060, producto para uso general.",6333.33,174,1,2026-03-11 09:00:00,2026-03-20 18:00:00
3318,SKU-03318,ProLine Bocina Bluetooth Modelo 061,"Bocina Bluetooth ProLine, modelo 061, producto para uso general.",2634.69,191,1,2026-03-12 09:00:00,2026-03-22 19:00:00
3319,SKU-03319,ProLine Tablet Modelo 062,"Tablet ProLine, modelo 062, producto para uso general.",7036.07,7,1,2026-03-13 09:00:00,2026-03-24 20:00:00
3320,SKU-03320,ProLine Cargador Modelo 063,"Cargador ProLine, modelo 063, producto para uso general.",637.40,24,1,2026-03-14 09:00:00,2026-03-26 09:00:00
3321,SKU-03321,ProLine Cable USB Modelo 064,"Cable USB ProLine, modelo 064, producto para uso general.",418.71,41,1,2026-03-15 09:00:00,2026-03-28 10:00:00
3322,SKU-03322,ProLine Smartwatch Modelo 065,"Smartwatch ProLine, modelo 065, producto para uso general.",1440.17,58,1,2026-03-16 09:00:00,2026-03-30 11:00:00
3323,SKU-03323,ProLine Teclado mecánico Modelo 066,"Teclado mecánico ProLine, modelo 066, producto para uso general.",1641.53,75,1,2026-03-17 09:00:00,2026-04-01 12:00:00
3324,SKU-03324,ProLine Silla de oficina Modelo 067,"Silla de oficina ProLine, modelo 067, producto para uso general.",6342.92,92,1,2026-03-18 09:00:00,2026-04-03 13:00:00
3325,SKU-03325,ProLine Mochila Modelo 068,"Mochila ProLine, modelo 068, producto para uso general.",1494.27,109,1,2026-03-19 09:00:00,2026-04-05 14:00:00
3326,SKU-03326,ProLine Cámara Modelo 069,"Cámara ProLine, modelo 069, producto para uso general.",8045.66,126,1,2026-03-20 09:00:00,2026-04-07 15:00:00
3327,SKU-03327,ProLine Micrófono Modelo 070,"Micrófono ProLine, modelo 070, producto para uso general.",1347.02,143,1,2026-03-21 09:00:00,2026-04-09 16:00:00
3328,SKU-03328,Ultra Laptop Modelo 071,"Laptop Ultra, modelo 071, producto para uso general.",13048.40,160,1,2026-03-22 09:00:00,2026-04-11 17:00:00
3329,SKU-03329,Ultra Mouse Modelo 072,"Mouse Ultra, modelo 072, producto para uso general.",409.71,177,1,2026-03-23 09:00:00,2026-04-13 18:00:00
3330,SKU-03330,Ultra Teclado Modelo 073,"Teclado Ultra, modelo 073, producto para uso general.",351.11,194,1,2026-03-24 09:00:00,2026-04-15 19:00:00
3331,SKU-03331,Ultra Monitor Modelo 074,"Monitor Ultra, modelo 074, producto para uso general.",7052.51,10,1,2026-03-25 09:00:00,2026-04-17 20:00:00
3332,SKU-03332,Ultra Audífonos Modelo 075,"Audífonos Ultra, modelo 075, producto para uso general.",603.86,27,1,2026-03-26 09:00:00,2026-04-19 09:00:00
3333,SKU-03333,Ultra Webcam Modelo 076,"Webcam Ultra, modelo 076, producto para uso general.",1655.23,44,1,2026-03-27 09:00:00,2026-04-21 10:00:00
3334,SKU-03334,Ultra Memoria USB Modelo 077,"Memoria USB Ultra, modelo 077, producto para uso general.",436.54,61,1,2026-03-28 09:00:00,2026-04-23 11:00:00
3335,SKU-03335,Ultra Disco SSD Modelo 078,"Disco SSD Ultra, modelo 078, producto para uso general.",1857.98,78,1,2026-03-29 09:00:00,2026-04-25 12:00:00
3336,SKU-03336,Ultra Router Modelo 079,"Router Ultra, modelo 079, producto para uso general.",2259.35,95,1,2026-03-30 09:00:00,2026-04-27 13:00:00
3337,SKU-03337,Ultra Impresora Modelo 080,"Impresora Ultra, modelo 080, producto para uso general.",6360.73,112,1,2026-03-31 09:00:00,2026-04-29 14:00:00
3338,SKU-03338,Ultra Bocina Bluetooth Modelo 081,"Bocina Bluetooth Ultra, modelo 081, producto para uso general.",2662.09,129,1,2026-04-01 09:00:00,2026-04-01 15:00:00
3339,SKU-03339,Ultra Tablet Modelo 082,"Tablet Ultra, modelo 082, producto para uso general.",7063.47,146,1,2026-04-02 09:00:00,2026-04-03 16:00:00
3340,SKU-03340,Ultra Cargador Modelo 083,"Cargador Ultra, modelo 083, producto para uso general.",664.80,163,1,2026-04-03 09:00:00,2026-04-05 17:00:00
3341,SKU-03341,Ultra Cable USB Modelo 084,"Cable USB Ultra, modelo 084, producto para uso general.",446.11,180,1,2026-04-04 09:00:00,2026-04-07 18:00:00
3342,SKU-03342,Ultra Smartwatch Modelo 085,"Smartwatch Ultra, modelo 085, producto para uso general.",1467.57,197,1,2026-04-05 09:00:00,2026-04-09 19:00:00
3343,SKU-03343,Ultra Teclado mecánico Modelo 086,"Teclado mecánico Ultra, modelo 086, producto para uso general.",1668.93,13,1,2026-04-06 09:00:00,2026-04-11 20:00:00
3344,SKU-03344,Ultra Silla de oficina Modelo 087,"Silla de oficina Ultra, modelo 087, producto para uso general.",6370.32,30,1,2026-04-07 09:00:00,2026-04-13 09:00:00
3345,SKU-03345,Ultra Mochila Modelo 088,"Mochila Ultra, modelo 088, producto para uso general.",1521.67,47,1,2026-04-08 09:00:00,2026-04-15 10:00:00
3346,SKU-03346,Ultra Cámara Modelo 089,"Cámara Ultra, modelo 089, producto para uso general.",8073.06,64,1,2026-04-09 09:00:00,2026-04-17 11:00:00
3347,SKU-03347,Ultra Micrófono Modelo 090,"Micrófono Ultra, modelo 090, producto para uso general.",1374.42,81,1,2026-04-10 09:00:00,2026-04-19 12:00:00
3348,SKU-03348,Vision Laptop Modelo 091,"Laptop Vision, modelo 091, producto para uso general.",13075.80,98,1,2026-04-11 09:00:00,2026-04-21 13:00:00
3349,SKU-03349,Vision Mouse Modelo 092,"Mouse Vision, modelo 092, producto para uso general.",437.11,115,1,2026-04-12 09:00:00,2026-04-23 14:00:00
3350,SKU-03350,Vision Teclado Modelo 093,"Teclado Vision, modelo 093, producto para uso general.",378.51,132,1,2026-04-13 09:00:00,2026-04-25 15:00:00
3351,SKU-03351,Vision Monitor Modelo 094,"Monitor Vision, modelo 094, producto para uso general.",7079.91,149,1,2026-04-14 09:00:00,2026-04-27 16:00:00
3352,SKU-03352,Vision Audífonos Modelo 095,"Audífonos Vision, modelo 095, producto para uso general.",631.26,166,1,2026-04-15 09:00:00,2026-04-29 17:00:00
3353,SKU-03353,Vision Webcam Modelo 096,"Webcam Vision, modelo 096, producto para uso general.",1682.63,183,1,2026-04-16 09:00:00,2026-05-01 18:00:00
3354,SKU-03354,Vision Memoria USB Modelo 097,"Memoria USB Vision, modelo 097, producto para uso general.",463.94,200,1,2026-04-17 09:00:00,2026-05-03 19:00:00
3355,SKU-03355,Vision Disco SSD Modelo 098,"Disco SSD Vision, modelo 098, producto para uso general.",1885.38,16,1,2026-04-18 09:00:00,2026-05-05 20:00:00
3356,SKU-03356,Vision Router Modelo 099,"Router Vision, modelo 099, producto para uso general.",2286.75,33,1,2026-04-19 09:00:00,2026-05-07 09:00:00
3357,SKU-03357,Vision Impresora Modelo 100,"Impresora Vision, modelo 100, producto para uso general.",6388.13,50,1,2026-04-20 09:00:00,2026-05-09 10:00:00
3358,SKU-03358,Vision Bocina Bluetooth Modelo 101,"Bocina Bluetooth Vision, modelo 101, producto para uso general.",2689.49,67,1,2026-04-21 09:00:00,2026-05-11 11:00:00
3359,SKU-03359,Vision Tablet Modelo 102,"Tablet Vision, modelo 102, producto para uso general.",7090.87,84,1,2026-04-22 09:00:00,2026-05-13 12:00:00
3360,SKU-03360,Vision Cargador Modelo 103,"Cargador Vision, modelo 103, producto para uso general.",692.20,101,1,2026-04-23 09:00:00,2026-05-15 13:00:00
3361,SKU-03361,Vision Cable USB Modelo 104,"Cable USB Vision, modelo 104, producto para uso general.",473.51,118,1,2026-04-24 09:00:00,2026-05-17 14:00:00
3362,SKU-03362,Vision Smartwatch Modelo 105,"Smartwatch Vision, modelo 105, producto para uso general.",1494.97,135,1,2026-04-25 09:00:00,2026-05-19 15:00:00
3363,SKU-03363,Vision Teclado mecánico Modelo 106,"Teclado mecánico Vision, modelo 106, producto para uso general.",1696.33,152,1,2026-04-26 09:00:00,2026-05-21 16:00:00
3364,SKU-03364,Vision Silla de oficina Modelo 107,"Silla de oficina Vision, modelo 107, producto para uso general.",6397.72,169,1,2026-04-27 09:00:00,2026-05-23 17:00:00
3365,SKU-03365,Vision Mochila Modelo 108,"Mochila Vision, modelo 108, producto para uso general.",1549.07,186,1,2026-04-28 09:00:00,2026-05-25 18:00:00
3366,SKU-03366,Vision Cámara Modelo 109,"Cámara Vision, modelo 109, producto para uso general.",8100.46,2,1,2026-04-29 09:00:00,2026-05-27 19:00:00
3367,SKU-03367,Vision Micrófono Modelo 110,"Micrófono Vision, modelo 110, producto para uso general.",1401.82,19,1,2026-04-30 09:00:00,2026-05-29 20:00:00
3368,SKU-03368,Connect Laptop Modelo 111,"Laptop Connect, modelo 111, producto para uso general.",13103.20,36,1,2026-05-01 09:00:00,2026-05-01 09:00:00
3369,SKU-03369,Connect Mouse Modelo 112,"Mouse Connect, modelo 112, producto para uso general.",464.51,53,1,2026-05-02 09:00:00,2026-05-03 10:00:00
3370,SKU-03370,Connect Teclado Modelo 113,"Teclado Connect, modelo 113, producto para uso general.",405.91,70,1,2026-05-03 09:00:00,2026-05-05 11:00:00
3371,SKU-03371,Connect Monitor Modelo 114,"Monitor Connect, modelo 114, producto para uso general.",7107.31,87,1,2026-05-04 09:00:00,2026-05-07 12:00:00
3372,SKU-03372,Connect Audífonos Modelo 115,"Audífonos Connect, modelo 115, producto para uso general.",658.66,104,1,2026-05-05 09:00:00,2026-05-09 13:00:00
3373,SKU-03373,Connect Webcam Modelo 116,"Webcam Connect, modelo 116, producto para uso general.",1710.03,121,1,2026-05-06 09:00:00,2026-05-11 14:00:00
3374,SKU-03374,Connect Memoria USB Modelo 117,"Memoria USB Connect, modelo 117, producto para uso general.",491.34,138,1,2026-05-07 09:00:00,2026-05-13 15:00:00
3375,SKU-03375,Connect Disco SSD Modelo 118,"Disco SSD Connect, modelo 118, producto para uso general.",1912.78,155,1,2026-05-08 09:00:00,2026-05-15 16:00:00
3376,SKU-03376,Connect Router Modelo 119,"Router Connect, modelo 119, producto para uso general.",2314.15,172,1,2026-05-09 09:00:00,2026-05-17 17:00:00
3377,SKU-03377,Connect Impresora Modelo 120,"Impresora Connect, modelo 120, producto para uso general.",6415.53,189,1,2026-05-10 09:00:00,2026-05-19 18:00:00
3378,SKU-03378,Connect Bocina Bluetooth Modelo 121,"Bocina Bluetooth Connect, modelo 121, producto para uso general.",2716.89,5,1,2026-05-11 09:00:00,2026-05-21 19:00:00
3379,SKU-03379,Connect Tablet Modelo 122,"Tablet Connect, modelo 122, producto para uso general.",7118.27,22,1,2026-05-12 09:00:00,2026-05-23 20:00:00
3380,SKU-03380,Connect Cargador Modelo 123,"Cargador Connect, modelo 123, producto para uso general.",719.60,39,1,2026-05-13 09:00:00,2026-05-25 09:00:00
3381,SKU-03381,Connect Cable USB Modelo 124,"Cable USB Connect, modelo 124, producto para uso general.",80.90,56,1,2026-05-14 09:00:00,2026-05-27 10:00:00
3382,SKU-03382,Connect Smartwatch Modelo 125,"Smartwatch Connect, modelo 125, producto para uso general.",1522.37,73,1,2026-05-15 09:00:00,2026-05-29 11:00:00
3383,SKU-03383,Connect Teclado mecánico Modelo 126,"Teclado mecánico Connect, modelo 126, producto para uso general.",1723.73,90,1,2026-05-16 09:00:00,2026-05-31 12:00:00
3384,SKU-03384,Connect Silla de oficina Modelo 127,"Silla de oficina Connect, modelo 127, producto para uso general.",6425.12,107,1,2026-05-17 09:00:00,2026-06-02 13:00:00
3385,SKU-03385,Connect Mochila Modelo 128,"Mochila Connect, modelo 128, producto para uso general.",1576.47,124,1,2026-05-18 09:00:00,2026-06-04 14:00:00
3386,SKU-03386,Connect Cámara Modelo 129,"Cámara Connect, modelo 129, producto para uso general.",8127.86,141,1,2026-05-19 09:00:00,2026-06-06 15:00:00
3387,SKU-03387,Connect Micrófono Modelo 130,"Micrófono Connect, modelo 130, producto para uso general.",1429.22,158,1,2026-05-20 09:00:00,2026-06-08 16:00:00
3388,SKU-03388,Advance Laptop Modelo 131,"Laptop Advance, modelo 131, producto para uso general.",13130.60,175,1,2026-05-21 09:00:00,2026-06-10 17:00:00
3389,SKU-03389,Advance Mouse Modelo 132,"Mouse Advance, modelo 132, producto para uso general.",491.91,192,1,2026-05-22 09:00:00,2026-06-12 18:00:00
3390,SKU-03390,Advance Teclado Modelo 133,"Teclado Advance, modelo 133, producto para uso general.",433.31,8,1,2026-05-23 09:00:00,2026-06-14 19:00:00
3391,SKU-03391,Advance Monitor Modelo 134,"Monitor Advance, modelo 134, producto para uso general.",7134.71,25,1,2026-05-24 09:00:00,2026-06-16 20:00:00
3392,SKU-03392,Advance Audífonos Modelo 135,"Audífonos Advance, modelo 135, producto para uso general.",686.06,42,1,2026-05-25 09:00:00,2026-06-18 09:00:00
3393,SKU-03393,Advance Webcam Modelo 136,"Webcam Advance, modelo 136, producto para uso general.",1737.43,59,1,2026-05-26 09:00:00,2026-06-20 10:00:00
3394,SKU-03394,Advance Memoria USB Modelo 137,"Memoria USB Advance, modelo 137, producto para uso general.",518.74,76,1,2026-05-27 09:00:00,2026-06-22 11:00:00
3395,SKU-03395,Advance Disco SSD Modelo 138,"Disco SSD Advance, modelo 138, producto para uso general.",1940.18,93,1,2026-05-28 09:00:00,2026-06-24 12:00:00
3396,SKU-03396,Advance Router Modelo 139,"Router Advance, modelo 139, producto para uso general.",2341.55,110,1,2026-05-29 09:00:00,2026-06-26 13:00:00
3397,SKU-03397,Advance Impresora Modelo 140,"Impresora Advance, modelo 140, producto para uso general.",6442.93,127,1,2026-05-30 09:00:00,2026-06-28 14:00:00
3398,SKU-03398,Advance Bocina Bluetooth Modelo 141,"Bocina Bluetooth Advance, modelo 141, producto para uso general.",2744.29,144,1,2026-05-31 09:00:00,2026-05-31 15:00:00
3399,SKU-03399,Advance Tablet Modelo 142,"Tablet Advance, modelo 142, producto para uso general.",7145.67,161,1,2026-06-01 09:00:00,2026-06-02 16:00:00
3400,SKU-03400,Advance Cargador Modelo 143,"Cargador Advance, modelo 143, producto para uso general.",747.00,178,1,2026-06-02 09:00:00,2026-06-04 17:00:00
3401,SKU-03401,Advance Cable USB Modelo 144,"Cable USB Advance, modelo 144, producto para uso general.",108.30,195,1,2026-06-03 09:00:00,2026-06-06 18:00:00
3402,SKU-03402,Advance Smartwatch Modelo 145,"Smartwatch Advance, modelo 145, producto para uso general.",1549.77,11,1,2026-06-04 09:00:00,2026-06-08 19:00:00
3403,SKU-03403,Advance Teclado mecánico Modelo 146,"Teclado mecánico Advance, modelo 146, producto para uso general.",1751.13,28,1,2026-06-05 09:00:00,2026-06-10 20:00:00
3404,SKU-03404,Advance Silla de oficina Modelo 147,"Silla de oficina Advance, modelo 147, producto para uso general.",6452.52,45,1,2026-06-06 09:00:00,2026-06-12 09:00:00
3405,SKU-03405,Advance Mochila Modelo 148,"Mochila Advance, modelo 148, producto para uso general.",1603.87,62,1,2026-06-07 09:00:00,2026-06-14 10:00:00
3406,SKU-03406,Advance Cámara Modelo 149,"Cámara Advance, modelo 149, producto para uso general.",8155.26,79,1,2026-06-08 09:00:00,2026-06-16 11:00:00
3407,SKU-03407,Advance Micrófono Modelo 150,"Micrófono Advance, modelo 150, producto para uso general.",1456.62,96,1,2026-06-09 09:00:00,2026-06-18 12:00:00
3408,SKU-03408,TechPro Laptop Modelo 151,"Laptop TechPro, modelo 151, producto para uso general.",13158.00,113,1,2026-06-10 09:00:00,2026-06-20 13:00:00
3409,SKU-03409,TechPro Mouse Modelo 152,"Mouse TechPro, modelo 152, producto para uso general.",519.31,130,1,2026-06-11 09:00:00,2026-06-22 14:00:00
3410,SKU-03410,TechPro Teclado Modelo 153,"Teclado TechPro, modelo 153, producto para uso general.",460.71,147,1,2026-06-12 09:00:00,2026-06-24 15:00:00
3411,SKU-03411,TechPro Monitor Modelo 154,"Monitor TechPro, modelo 154, producto para uso general.",7162.11,164,1,2026-06-13 09:00:00,2026-06-26 16:00:00
3412,SKU-03412,TechPro Audífonos Modelo 155,"Audífonos TechPro, modelo 155, producto para uso general.",713.46,181,1,2026-06-14 09:00:00,2026-06-28 17:00:00
3413,SKU-03413,TechPro Webcam Modelo 156,"Webcam TechPro, modelo 156, producto para uso general.",1764.83,198,1,2026-06-15 09:00:00,2026-06-30 18:00:00
3414,SKU-03414,TechPro Memoria USB Modelo 157,"Memoria USB TechPro, modelo 157, producto para uso general.",546.14,14,1,2026-06-16 09:00:00,2026-07-02 19:00:00
3415,SKU-03415,TechPro Disco SSD Modelo 158,"Disco SSD TechPro, modelo 158, producto para uso general.",1967.58,31,1,2026-06-17 09:00:00,2026-07-04 20:00:00
3416,SKU-03416,TechPro Router Modelo 159,"Router TechPro, modelo 159, producto para uso general.",2368.95,48,1,2026-06-18 09:00:00,2026-07-06 09:00:00
3417,SKU-03417,TechPro Impresora Modelo 160,"Impresora TechPro, modelo 160, producto para uso general.",6470.33,65,1,2026-06-19 09:00:00,2026-07-08 10:00:00
3418,SKU-03418,TechPro Bocina Bluetooth Modelo 161,"Bocina Bluetooth TechPro, modelo 161, producto para uso general.",2771.69,82,1,2026-06-20 09:00:00,2026-07-10 11:00:00
3419,SKU-03419,TechPro Tablet Modelo 162,"Tablet TechPro, modelo 162, producto para uso general.",7173.07,99,1,2026-06-21 09:00:00,2026-07-12 12:00:00
3420,SKU-03420,TechPro Cargador Modelo 163,"Cargador TechPro, modelo 163, producto para uso general.",774.40,116,1,2026-06-22 09:00:00,2026-07-14 13:00:00
3421,SKU-03421,TechPro Cable USB Modelo 164,"Cable USB TechPro, modelo 164, producto para uso general.",135.70,133,1,2026-06-23 09:00:00,2026-07-16 14:00:00
3422,SKU-03422,TechPro Smartwatch Modelo 165,"Smartwatch TechPro, modelo 165, producto para uso general.",1577.17,150,1,2026-06-24 09:00:00,2026-07-18 15:00:00
3423,SKU-03423,TechPro Teclado mecánico Modelo 166,"Teclado mecánico TechPro, modelo 166, producto para uso general.",1778.53,167,1,2026-06-25 09:00:00,2026-07-20 16:00:00
3424,SKU-03424,TechPro Silla de oficina Modelo 167,"Silla de oficina TechPro, modelo 167, producto para uso general.",6479.92,184,1,2026-06-26 09:00:00,2026-07-22 17:00:00
3425,SKU-03425,TechPro Mochila Modelo 168,"Mochila TechPro, modelo 168, producto para uso general.",1631.27,0,0,2026-06-27 09:00:00,2026-07-24 18:00:00
3426,SKU-03426,TechPro Cámara Modelo 169,"Cámara TechPro, modelo 169, producto para uso general.",8182.66,17,1,2026-06-28 09:00:00,2026-07-26 19:00:00
3427,SKU-03427,TechPro Micrófono Modelo 170,"Micrófono TechPro, modelo 170, producto para uso general.",1484.02,34,1,2026-06-29 09:00:00,2026-07-28 20:00:00
3428,SKU-03428,Nova Laptop Modelo 171,"Laptop Nova, modelo 171, producto para uso general.",13185.40,51,1,2026-06-30 09:00:00,2026-06-30 09:00:00
3429,SKU-03429,Nova Mouse Modelo 172,"Mouse Nova, modelo 172, producto para uso general.",546.71,68,1,2026-07-01 09:00:00,2026-07-02 10:00:00
3430,SKU-03430,Nova Teclado Modelo 173,"Teclado Nova, modelo 173, producto para uso general.",488.11,85,1,2026-07-02 09:00:00,2026-07-04 11:00:00
3431,SKU-03431,Nova Monitor Modelo 174,"Monitor Nova, modelo 174, producto para uso general.",7189.51,102,1,2026-07-03 09:00:00,2026-07-06 12:00:00
3432,SKU-03432,Nova Audífonos Modelo 175,"Audífonos Nova, modelo 175, producto para uso general.",740.86,119,1,2026-07-04 09:00:00,2026-07-08 13:00:00
3433,SKU-03433,Nova Webcam Modelo 176,"Webcam Nova, modelo 176, producto para uso general.",1792.23,136,1,2026-07-05 09:00:00,2026-07-10 14:00:00
3434,SKU-03434,Nova Memoria USB Modelo 177,"Memoria USB Nova, modelo 177, producto para uso general.",573.54,153,1,2026-07-06 09:00:00,2026-07-12 15:00:00
3435,SKU-03435,Nova Disco SSD Modelo 178,"Disco SSD Nova, modelo 178, producto para uso general.",1994.98,170,1,2026-07-07 09:00:00,2026-07-14 16:00:00
3436,SKU-03436,Nova Router Modelo 179,"Router Nova, modelo 179, producto para uso general.",2396.35,187,1,2026-07-08 09:00:00,2026-07-16 17:00:00
3437,SKU-03437,Nova Impresora Modelo 180,"Impresora Nova, modelo 180, producto para uso general.",6497.73,3,1,2026-07-09 09:00:00,2026-07-18 18:00:00
3438,SKU-03438,Nova Bocina Bluetooth Modelo 181,"Bocina Bluetooth Nova, modelo 181, producto para uso general.",2799.09,20,1,2026-07-10 09:00:00,2026-07-20 19:00:00
3439,SKU-03439,Nova Tablet Modelo 182,"Tablet Nova, modelo 182, producto para uso general.",7200.47,37,1,2026-07-11 09:00:00,2026-07-22 20:00:00
3440,SKU-03440,Nova Cargador Modelo 183,"Cargador Nova, modelo 183, producto para uso general.",801.80,54,1,2026-07-12 09:00:00,2026-07-24 09:00:00
3441,SKU-03441,Nova Cable USB Modelo 184,"Cable USB Nova, modelo 184, producto para uso general.",163.10,71,1,2026-07-13 09:00:00,2026-07-26 10:00:00
3442,SKU-03442,Nova Smartwatch Modelo 185,"Smartwatch Nova, modelo 185, producto para uso general.",1604.57,88,1,2026-07-14 09:00:00,2026-07-28 11:00:00
3443,SKU-03443,Nova Teclado mecánico Modelo 186,"Teclado mecánico Nova, modelo 186, producto para uso general.",1805.93,105,1,2026-07-15 09:00:00,2026-07-30 12:00:00
3444,SKU-03444,Nova Silla de oficina Modelo 187,"Silla de oficina Nova, modelo 187, producto para uso general.",6507.32,122,1,2026-07-16 09:00:00,2026-08-01 13:00:00
3445,SKU-03445,Nova Mochila Modelo 188,"Mochila Nova, modelo 188, producto para uso general.",1658.67,139,1,2026-07-17 09:00:00,2026-08-03 14:00:00
3446,SKU-03446,Nova Cámara Modelo 189,"Cámara Nova, modelo 189, producto para uso general.",8210.06,156,1,2026-07-18 09:00:00,2026-08-05 15:00:00
3447,SKU-03447,Nova Micrófono Modelo 190,"Micrófono Nova, modelo 190, producto para uso general.",1511.42,173,1,2026-07-19 09:00:00,2026-08-07 16:00:00
3448,SKU-03448,MaxiTech Laptop Modelo 191,"Laptop MaxiTech, modelo 191, producto para uso general.",13212.80,190,1,2026-07-20 09:00:00,2026-08-09 17:00:00
3449,SKU-03449,MaxiTech Mouse Modelo 192,"Mouse MaxiTech, modelo 192, producto para uso general.",574.11,6,1,2026-07-21 09:00:00,2026-08-11 18:00:00
3450,SKU-03450,MaxiTech Teclado Modelo 193,"Teclado MaxiTech, modelo 193, producto para uso general.",515.51,23,1,2026-07-22 09:00:00,2026-08-13 19:00:00
3451,SKU-03451,MaxiTech Monitor Modelo 194,"Monitor MaxiTech, modelo 194, producto para uso general.",7216.91,40,1,2026-07-23 09:00:00,2026-08-15 20:00:00
3452,SKU-03452,MaxiTech Audífonos Modelo 195,"Audífonos MaxiTech, modelo 195, producto para uso general.",768.26,57,1,2026-07-24 09:00:00,2026-08-17 09:00:00
3453,SKU-03453,MaxiTech Webcam Modelo 196,"Webcam MaxiTech, modelo 196, producto para uso general.",1819.63,74,1,2026-07-25 09:00:00,2026-08-19 10:00:00
3454,SKU-03454,MaxiTech Memoria USB Modelo 197,"Memoria USB MaxiTech, modelo 197, producto para uso general.",600.94,91,1,2026-07-26 09:00:00,2026-08-21 11:00:00
3455,SKU-03455,MaxiTech Disco SSD Modelo 198,"Disco SSD MaxiTech, modelo 198, producto para uso general.",2022.38,108,1,2026-07-27 09:00:00,2026-08-23 12:00:00
3456,SKU-03456,MaxiTech Router Modelo 199,"Router MaxiTech, modelo 199, producto para uso general.",2423.75,125,1,2026-07-28 09:00:00,2026-08-25 13:00:00
3457,SKU-03457,MaxiTech Impresora Modelo 200,"Impresora MaxiTech, modelo 200, producto para uso general.",6525.13,142,1,2026-07-29 09:00:00,2026-08-27 14:00:00
3458,SKU-03458,MaxiTech Bocina Bluetooth Modelo 201,"Bocina Bluetooth MaxiTech, modelo 201, producto para uso general.",476.48,159,1,2026-07-30 09:00:00,2026-07-30 15:00:00
3459,SKU-03459,MaxiTech Tablet Modelo 202,"Tablet MaxiTech, modelo 202, producto para uso general.",7227.87,176,1,2026-07-31 09:00:00,2026-08-01 16:00:00
3460,SKU-03460,MaxiTech Cargador Modelo 203,"Cargador MaxiTech, modelo 203, producto para uso general.",829.20,193,1,2026-08-01 09:00:00,2026-08-03 17:00:00
3461,SKU-03461,MaxiTech Cable USB Modelo 204,"Cable USB MaxiTech, modelo 204, producto para uso general.",190.50,9,1,2026-08-02 09:00:00,2026-08-05 18:00:00
3462,SKU-03462,MaxiTech Smartwatch Modelo 205,"Smartwatch MaxiTech, modelo 205, producto para uso general.",1631.97,26,1,2026-08-03 09:00:00,2026-08-07 19:00:00
3463,SKU-03463,MaxiTech Teclado mecánico Modelo 206,"Teclado mecánico MaxiTech, modelo 206, producto para uso general.",1833.33,43,1,2026-08-04 09:00:00,2026-08-09 20:00:00
3464,SKU-03464,MaxiTech Silla de oficina Modelo 207,"Silla de oficina MaxiTech, modelo 207, producto para uso general.",6534.72,60,1,2026-08-05 09:00:00,2026-08-11 09:00:00
3465,SKU-03465,MaxiTech Mochila Modelo 208,"Mochila MaxiTech, modelo 208, producto para uso general.",1686.07,77,1,2026-08-06 09:00:00,2026-08-13 10:00:00
3466,SKU-03466,MaxiTech Cámara Modelo 209,"Cámara MaxiTech, modelo 209, producto para uso general.",8237.46,94,1,2026-08-07 09:00:00,2026-08-15 11:00:00
3467,SKU-03467,MaxiTech Micrófono Modelo 210,"Micrófono MaxiTech, modelo 210, producto para uso general.",1538.82,111,1,2026-08-08 09:00:00,2026-08-17 12:00:00
3468,SKU-03468,DigitalX Laptop Modelo 211,"Laptop DigitalX, modelo 211, producto para uso general.",13240.20,128,1,2026-08-09 09:00:00,2026-08-19 13:00:00
3469,SKU-03469,DigitalX Mouse Modelo 212,"Mouse DigitalX, modelo 212, producto para uso general.",601.51,145,1,2026-08-10 09:00:00,2026-08-21 14:00:00
3470,SKU-03470,DigitalX Teclado Modelo 213,"Teclado DigitalX, modelo 213, producto para uso general.",542.91,162,1,2026-08-11 09:00:00,2026-08-23 15:00:00
3471,SKU-03471,DigitalX Monitor Modelo 214,"Monitor DigitalX, modelo 214, producto para uso general.",7244.31,179,1,2026-08-12 09:00:00,2026-08-25 16:00:00
3472,SKU-03472,DigitalX Audífonos Modelo 215,"Audífonos DigitalX, modelo 215, producto para uso general.",795.66,196,1,2026-08-13 09:00:00,2026-08-27 17:00:00
3473,SKU-03473,DigitalX Webcam Modelo 216,"Webcam DigitalX, modelo 216, producto para uso general.",1847.03,12,1,2026-08-14 09:00:00,2026-08-29 18:00:00
3474,SKU-03474,DigitalX Memoria USB Modelo 217,"Memoria USB DigitalX, modelo 217, producto para uso general.",628.34,29,1,2026-08-15 09:00:00,2026-08-31 19:00:00
3475,SKU-03475,DigitalX Disco SSD Modelo 218,"Disco SSD DigitalX, modelo 218, producto para uso general.",2049.78,46,1,2026-08-16 09:00:00,2026-09-02 20:00:00
3476,SKU-03476,DigitalX Router Modelo 219,"Router DigitalX, modelo 219, producto para uso general.",2451.15,63,1,2026-08-17 09:00:00,2026-09-04 09:00:00
3477,SKU-03477,DigitalX Impresora Modelo 220,"Impresora DigitalX, modelo 220, producto para uso general.",6552.53,80,1,2026-08-18 09:00:00,2026-09-06 10:00:00
3478,SKU-03478,DigitalX Bocina Bluetooth Modelo 221,"Bocina Bluetooth DigitalX, modelo 221, producto para uso general.",503.88,97,1,2026-08-19 09:00:00,2026-09-08 11:00:00
3479,SKU-03479,DigitalX Tablet Modelo 222,"Tablet DigitalX, modelo 222, producto para uso general.",7255.27,114,1,2026-08-20 09:00:00,2026-09-10 12:00:00
3480,SKU-03480,DigitalX Cargador Modelo 223,"Cargador DigitalX, modelo 223, producto para uso general.",856.60,131,1,2026-08-21 09:00:00,2026-09-12 13:00:00
3481,SKU-03481,DigitalX Cable USB Modelo 224,"Cable USB DigitalX, modelo 224, producto para uso general.",217.90,148,1,2026-08-22 09:00:00,2026-09-14 14:00:00
3482,SKU-03482,DigitalX Smartwatch Modelo 225,"Smartwatch DigitalX, modelo 225, producto para uso general.",1659.37,165,1,2026-08-23 09:00:00,2026-09-16 15:00:00
3483,SKU-03483,DigitalX Teclado mecánico Modelo 226,"Teclado mecánico DigitalX, modelo 226, producto para uso general.",1860.73,182,1,2026-08-24 09:00:00,2026-09-18 16:00:00
3484,SKU-03484,DigitalX Silla de oficina Modelo 227,"Silla de oficina DigitalX, modelo 227, producto para uso general.",6562.12,199,1,2026-08-25 09:00:00,2026-09-20 17:00:00
3485,SKU-03485,DigitalX Mochila Modelo 228,"Mochila DigitalX, modelo 228, producto para uso general.",1713.47,15,1,2026-08-26 09:00:00,2026-09-22 18:00:00
3486,SKU-03486,DigitalX Cámara Modelo 229,"Cámara DigitalX, modelo 229, producto para uso general.",8264.86,32,1,2026-08-27 09:00:00,2026-09-24 19:00:00
3487,SKU-03487,DigitalX Micrófono Modelo 230,"Micrófono DigitalX, modelo 230, producto para uso general.",1566.22,49,1,2026-08-28 09:00:00,2026-09-26 20:00:00
3488,SKU-03488,SmartOne Laptop Modelo 231,"Laptop SmartOne, modelo 231, producto para uso general.",13267.60,66,1,2026-08-29 09:00:00,2026-08-29 09:00:00
3489,SKU-03489,SmartOne Mouse Modelo 232,"Mouse SmartOne, modelo 232, producto para uso general.",628.91,83,1,2026-08-30 09:00:00,2026-08-31 10:00:00
3490,SKU-03490,SmartOne Teclado Modelo 233,"Teclado SmartOne, modelo 233, producto para uso general.",570.31,100,1,2026-08-31 09:00:00,2026-09-02 11:00:00
3491,SKU-03491,SmartOne Monitor Modelo 234,"Monitor SmartOne, modelo 234, producto para uso general.",7271.71,117,1,2026-09-01 09:00:00,2026-09-04 12:00:00
3492,SKU-03492,SmartOne Audífonos Modelo 235,"Audífonos SmartOne, modelo 235, producto para uso general.",823.06,134,1,2026-09-02 09:00:00,2026-09-06 13:00:00
3493,SKU-03493,SmartOne Webcam Modelo 236,"Webcam SmartOne, modelo 236, producto para uso general.",1874.43,151,1,2026-09-03 09:00:00,2026-09-08 14:00:00
3494,SKU-03494,SmartOne Memoria USB Modelo 237,"Memoria USB SmartOne, modelo 237, producto para uso general.",125.73,168,1,2026-09-04 09:00:00,2026-09-10 15:00:00
3495,SKU-03495,SmartOne Disco SSD Modelo 238,"Disco SSD SmartOne, modelo 238, producto para uso general.",2077.18,185,1,2026-09-05 09:00:00,2026-09-12 16:00:00
3496,SKU-03496,SmartOne Router Modelo 239,"Router SmartOne, modelo 239, producto para uso general.",2478.55,1,1,2026-09-06 09:00:00,2026-09-14 17:00:00
3497,SKU-03497,SmartOne Impresora Modelo 240,"Impresora SmartOne, modelo 240, producto para uso general.",6579.93,18,1,2026-09-07 09:00:00,2026-09-16 18:00:00
3498,SKU-03498,SmartOne Bocina Bluetooth Modelo 241,"Bocina Bluetooth SmartOne, modelo 241, producto para uso general.",531.28,35,1,2026-09-08 09:00:00,2026-09-18 19:00:00
3499,SKU-03499,SmartOne Tablet Modelo 242,"Tablet SmartOne, modelo 242, producto para uso general.",7282.67,52,1,2026-09-09 09:00:00,2026-09-20 20:00:00
3500,SKU-03500,SmartOne Cargador Modelo 243,"Cargador SmartOne, modelo 243, producto para uso general.",884.00,69,1,2026-09-10 09:00:00,2026-09-22 09:00:00
3501,SKU-03501,SmartOne Cable USB Modelo 244,"Cable USB SmartOne, modelo 244, producto para uso general.",245.30,86,1,2026-09-11 09:00:00,2026-09-24 10:00:00
3502,SKU-03502,SmartOne Smartwatch Modelo 245,"Smartwatch SmartOne, modelo 245, producto para uso general.",1686.77,103,1,2026-09-12 09:00:00,2026-09-26 11:00:00
3503,SKU-03503,SmartOne Teclado mecánico Modelo 246,"Teclado mecánico SmartOne, modelo 246, producto para uso general.",1888.13,120,1,2026-09-13 09:00:00,2026-09-28 12:00:00
3504,SKU-03504,SmartOne Silla de oficina Modelo 247,"Silla de oficina SmartOne, modelo 247, producto para uso general.",6589.52,137,1,2026-09-14 09:00:00,2026-09-30 13:00:00
3505,SKU-03505,SmartOne Mochila Modelo 248,"Mochila SmartOne, modelo 248, producto para uso general.",1740.87,154,1,2026-09-15 09:00:00,2026-10-02 14:00:00
3506,SKU-03506,SmartOne Cámara Modelo 249,"Cámara SmartOne, modelo 249, producto para uso general.",8292.26,171,1,2026-09-16 09:00:00,2026-10-04 15:00:00
3507,SKU-03507,SmartOne Micrófono Modelo 250,"Micrófono SmartOne, modelo 250, producto para uso general.",1593.62,188,1,2026-09-17 09:00:00,2026-10-06 16:00:00
3508,SKU-03508,ProLine Laptop Modelo 001,"Laptop ProLine, modelo 001, producto para uso general.",13295.00,4,1,2026-09-18 09:00:00,2026-10-08 17:00:00
3509,SKU-03509,ProLine Mouse Modelo 002,"Mouse ProLine, modelo 002, producto para uso general.",656.31,21,1,2026-09-19 09:00:00,2026-10-10 18:00:00
3510,SKU-03510,ProLine Teclado Modelo 003,"Teclado ProLine, modelo 003, producto para uso general.",597.71,38,1,2026-09-20 09:00:00,2026-10-12 19:00:00
3511,SKU-03511,ProLine Monitor Modelo 004,"Monitor ProLine, modelo 004, producto para uso general.",7299.11,55,1,2026-09-21 09:00:00,2026-10-14 20:00:00
3512,SKU-03512,ProLine Audífonos Modelo 005,"Audífonos ProLine, modelo 005, producto para uso general.",850.46,72,1,2026-09-22 09:00:00,2026-10-16 09:00:00
3513,SKU-03513,ProLine Webcam Modelo 006,"Webcam ProLine, modelo 006, producto para uso general.",1901.83,89,1,2026-09-23 09:00:00,2026-10-18 10:00:00
3514,SKU-03514,ProLine Memoria USB Modelo 007,"Memoria USB ProLine, modelo 007, producto para uso general.",153.13,106,1,2026-09-24 09:00:00,2026-10-20 11:00:00
3515,SKU-03515,ProLine Disco SSD Modelo 008,"Disco SSD ProLine, modelo 008, producto para uso general.",2104.58,123,1,2026-09-25 09:00:00,2026-10-22 12:00:00
3516,SKU-03516,ProLine Router Modelo 009,"Router ProLine, modelo 009, producto para uso general.",2505.95,140,1,2026-09-26 09:00:00,2026-10-24 13:00:00
3517,SKU-03517,ProLine Impresora Modelo 010,"Impresora ProLine, modelo 010, producto para uso general.",6607.33,157,1,2026-09-27 09:00:00,2026-10-26 14:00:00
3518,SKU-03518,ProLine Bocina Bluetooth Modelo 011,"Bocina Bluetooth ProLine, modelo 011, producto para uso general.",558.68,174,1,2026-01-01 09:00:00,2026-01-01 15:00:00
3519,SKU-03519,ProLine Tablet Modelo 012,"Tablet ProLine, modelo 012, producto para uso general.",7310.07,191,1,2026-01-02 09:00:00,2026-01-03 16:00:00
3520,SKU-03520,ProLine Cargador Modelo 013,"Cargador ProLine, modelo 013, producto para uso general.",911.40,7,1,2026-01-03 09:00:00,2026-01-05 17:00:00
3521,SKU-03521,ProLine Cable USB Modelo 014,"Cable USB ProLine, modelo 014, producto para uso general.",272.70,24,1,2026-01-04 09:00:00,2026-01-07 18:00:00
3522,SKU-03522,ProLine Smartwatch Modelo 015,"Smartwatch ProLine, modelo 015, producto para uso general.",1714.17,41,1,2026-01-05 09:00:00,2026-01-09 19:00:00
3523,SKU-03523,ProLine Teclado mecánico Modelo 016,"Teclado mecánico ProLine, modelo 016, producto para uso general.",1915.53,58,1,2026-01-06 09:00:00,2026-01-11 20:00:00
3524,SKU-03524,ProLine Silla de oficina Modelo 017,"Silla de oficina ProLine, modelo 017, producto para uso general.",6616.92,75,1,2026-01-07 09:00:00,2026-01-13 09:00:00
3525,SKU-03525,ProLine Mochila Modelo 018,"Mochila ProLine, modelo 018, producto para uso general.",1768.27,92,1,2026-01-08 09:00:00,2026-01-15 10:00:00
3526,SKU-03526,ProLine Cámara Modelo 019,"Cámara ProLine, modelo 019, producto para uso general.",8319.66,109,1,2026-01-09 09:00:00,2026-01-17 11:00:00
3527,SKU-03527,ProLine Micrófono Modelo 020,"Micrófono ProLine, modelo 020, producto para uso general.",1621.02,126,1,2026-01-10 09:00:00,2026-01-19 12:00:00
3528,SKU-03528,Ultra Laptop Modelo 021,"Laptop Ultra, modelo 021, producto para uso general.",13322.40,143,1,2026-01-11 09:00:00,2026-01-21 13:00:00
3529,SKU-03529,Ultra Mouse Modelo 022,"Mouse Ultra, modelo 022, producto para uso general.",683.71,160,1,2026-01-12 09:00:00,2026-01-23 14:00:00
3530,SKU-03530,Ultra Teclado Modelo 023,"Teclado Ultra, modelo 023, producto para uso general.",625.11,177,1,2026-01-13 09:00:00,2026-01-25 15:00:00
3531,SKU-03531,Ultra Monitor Modelo 024,"Monitor Ultra, modelo 024, producto para uso general.",7326.51,194,1,2026-01-14 09:00:00,2026-01-27 16:00:00
3532,SKU-03532,Ultra Audífonos Modelo 025,"Audífonos Ultra, modelo 025, producto para uso general.",877.86,10,1,2026-01-15 09:00:00,2026-01-29 17:00:00
3533,SKU-03533,Ultra Webcam Modelo 026,"Webcam Ultra, modelo 026, producto para uso general.",1929.23,27,1,2026-01-16 09:00:00,2026-01-31 18:00:00
3534,SKU-03534,Ultra Memoria USB Modelo 027,"Memoria USB Ultra, modelo 027, producto para uso general.",180.53,44,1,2026-01-17 09:00:00,2026-02-02 19:00:00
3535,SKU-03535,Ultra Disco SSD Modelo 028,"Disco SSD Ultra, modelo 028, producto para uso general.",2131.98,61,1,2026-01-18 09:00:00,2026-02-04 20:00:00
3536,SKU-03536,Ultra Router Modelo 029,"Router Ultra, modelo 029, producto para uso general.",2533.35,78,1,2026-01-19 09:00:00,2026-02-06 09:00:00
3537,SKU-03537,Ultra Impresora Modelo 030,"Impresora Ultra, modelo 030, producto para uso general.",6634.73,95,1,2026-01-20 09:00:00,2026-02-08 10:00:00
3538,SKU-03538,Ultra Bocina Bluetooth Modelo 031,"Bocina Bluetooth Ultra, modelo 031, producto para uso general.",586.08,112,1,2026-01-21 09:00:00,2026-02-10 11:00:00
3539,SKU-03539,Ultra Tablet Modelo 032,"Tablet Ultra, modelo 032, producto para uso general.",7337.47,129,1,2026-01-22 09:00:00,2026-02-12 12:00:00
3540,SKU-03540,Ultra Cargador Modelo 033,"Cargador Ultra, modelo 033, producto para uso general.",938.80,146,1,2026-01-23 09:00:00,2026-02-14 13:00:00
3541,SKU-03541,Ultra Cable USB Modelo 034,"Cable USB Ultra, modelo 034, producto para uso general.",300.10,163,1,2026-01-24 09:00:00,2026-02-16 14:00:00
3542,SKU-03542,Ultra Smartwatch Modelo 035,"Smartwatch Ultra, modelo 035, producto para uso general.",1741.57,180,1,2026-01-25 09:00:00,2026-02-18 15:00:00
3543,SKU-03543,Ultra Teclado mecánico Modelo 036,"Teclado mecánico Ultra, modelo 036, producto para uso general.",1942.93,197,1,2026-01-26 09:00:00,2026-02-20 16:00:00
3544,SKU-03544,Ultra Silla de oficina Modelo 037,"Silla de oficina Ultra, modelo 037, producto para uso general.",6644.32,13,1,2026-01-27 09:00:00,2026-02-22 17:00:00
3545,SKU-03545,Ultra Mochila Modelo 038,"Mochila Ultra, modelo 038, producto para uso general.",1795.67,30,1,2026-01-28 09:00:00,2026-02-24 18:00:00
3546,SKU-03546,Ultra Cámara Modelo 039,"Cámara Ultra, modelo 039, producto para uso general.",8347.06,47,1,2026-01-29 09:00:00,2026-02-26 19:00:00
3547,SKU-03547,Ultra Micrófono Modelo 040,"Micrófono Ultra, modelo 040, producto para uso general.",1648.42,64,1,2026-01-30 09:00:00,2026-02-28 20:00:00
3548,SKU-03548,Vision Laptop Modelo 041,"Laptop Vision, modelo 041, producto para uso general.",13349.80,81,1,2026-01-31 09:00:00,2026-01-31 09:00:00
3549,SKU-03549,Vision Mouse Modelo 042,"Mouse Vision, modelo 042, producto para uso general.",711.11,98,1,2026-02-01 09:00:00,2026-02-02 10:00:00
3550,SKU-03550,Vision Teclado Modelo 043,"Teclado Vision, modelo 043, producto para uso general.",652.51,115,1,2026-02-02 09:00:00,2026-02-04 11:00:00
3551,SKU-03551,Vision Monitor Modelo 044,"Monitor Vision, modelo 044, producto para uso general.",7353.91,132,1,2026-02-03 09:00:00,2026-02-06 12:00:00
3552,SKU-03552,Vision Audífonos Modelo 045,"Audífonos Vision, modelo 045, producto para uso general.",905.26,149,1,2026-02-04 09:00:00,2026-02-08 13:00:00
3553,SKU-03553,Vision Webcam Modelo 046,"Webcam Vision, modelo 046, producto para uso general.",1956.63,166,1,2026-02-05 09:00:00,2026-02-10 14:00:00
3554,SKU-03554,Vision Memoria USB Modelo 047,"Memoria USB Vision, modelo 047, producto para uso general.",207.93,183,1,2026-02-06 09:00:00,2026-02-12 15:00:00
3555,SKU-03555,Vision Disco SSD Modelo 048,"Disco SSD Vision, modelo 048, producto para uso general.",2159.38,200,1,2026-02-07 09:00:00,2026-02-14 16:00:00
3556,SKU-03556,Vision Router Modelo 049,"Router Vision, modelo 049, producto para uso general.",2560.75,16,1,2026-02-08 09:00:00,2026-02-16 17:00:00
3557,SKU-03557,Vision Impresora Modelo 050,"Impresora Vision, modelo 050, producto para uso general.",6662.13,33,1,2026-02-09 09:00:00,2026-02-18 18:00:00
3558,SKU-03558,Vision Bocina Bluetooth Modelo 051,"Bocina Bluetooth Vision, modelo 051, producto para uso general.",613.48,50,1,2026-02-10 09:00:00,2026-02-20 19:00:00
3559,SKU-03559,Vision Tablet Modelo 052,"Tablet Vision, modelo 052, producto para uso general.",7364.87,67,1,2026-02-11 09:00:00,2026-02-22 20:00:00
3560,SKU-03560,Vision Cargador Modelo 053,"Cargador Vision, modelo 053, producto para uso general.",966.20,84,1,2026-02-12 09:00:00,2026-02-24 09:00:00
3561,SKU-03561,Vision Cable USB Modelo 054,"Cable USB Vision, modelo 054, producto para uso general.",327.50,101,1,2026-02-13 09:00:00,2026-02-26 10:00:00
3562,SKU-03562,Vision Smartwatch Modelo 055,"Smartwatch Vision, modelo 055, producto para uso general.",1768.97,118,1,2026-02-14 09:00:00,2026-02-28 11:00:00
3563,SKU-03563,Vision Teclado mecánico Modelo 056,"Teclado mecánico Vision, modelo 056, producto para uso general.",1970.33,135,1,2026-02-15 09:00:00,2026-03-02 12:00:00
3564,SKU-03564,Vision Silla de oficina Modelo 057,"Silla de oficina Vision, modelo 057, producto para uso general.",6671.72,152,1,2026-02-16 09:00:00,2026-03-04 13:00:00
3565,SKU-03565,Vision Mochila Modelo 058,"Mochila Vision, modelo 058, producto para uso general.",1823.07,169,1,2026-02-17 09:00:00,2026-03-06 14:00:00
3566,SKU-03566,Vision Cámara Modelo 059,"Cámara Vision, modelo 059, producto para uso general.",8374.46,186,1,2026-02-18 09:00:00,2026-03-08 15:00:00
3567,SKU-03567,Vision Micrófono Modelo 060,"Micrófono Vision, modelo 060, producto para uso general.",1675.82,2,1,2026-02-19 09:00:00,2026-03-10 16:00:00
3568,SKU-03568,Connect Laptop Modelo 061,"Laptop Connect, modelo 061, producto para uso general.",13377.20,19,1,2026-02-20 09:00:00,2026-03-12 17:00:00
3569,SKU-03569,Connect Mouse Modelo 062,"Mouse Connect, modelo 062, producto para uso general.",738.51,36,1,2026-02-21 09:00:00,2026-03-14 18:00:00
3570,SKU-03570,Connect Teclado Modelo 063,"Teclado Connect, modelo 063, producto para uso general.",679.91,53,1,2026-02-22 09:00:00,2026-03-16 19:00:00
3571,SKU-03571,Connect Monitor Modelo 064,"Monitor Connect, modelo 064, producto para uso general.",7381.31,70,1,2026-02-23 09:00:00,2026-03-18 20:00:00
3572,SKU-03572,Connect Audífonos Modelo 065,"Audífonos Connect, modelo 065, producto para uso general.",932.66,87,1,2026-02-24 09:00:00,2026-03-20 09:00:00
3573,SKU-03573,Connect Webcam Modelo 066,"Webcam Connect, modelo 066, producto para uso general.",1984.03,104,1,2026-02-25 09:00:00,2026-03-22 10:00:00
3574,SKU-03574,Connect Memoria USB Modelo 067,"Memoria USB Connect, modelo 067, producto para uso general.",235.33,121,1,2026-02-26 09:00:00,2026-03-24 11:00:00
3575,SKU-03575,Connect Disco SSD Modelo 068,"Disco SSD Connect, modelo 068, producto para uso general.",2186.78,138,1,2026-02-27 09:00:00,2026-03-26 12:00:00
3576,SKU-03576,Connect Router Modelo 069,"Router Connect, modelo 069, producto para uso general.",2588.15,155,1,2026-02-28 09:00:00,2026-03-28 13:00:00
3577,SKU-03577,Connect Impresora Modelo 070,"Impresora Connect, modelo 070, producto para uso general.",6689.53,172,1,2026-03-01 09:00:00,2026-03-30 14:00:00
3578,SKU-03578,Connect Bocina Bluetooth Modelo 071,"Bocina Bluetooth Connect, modelo 071, producto para uso general.",640.88,189,1,2026-03-02 09:00:00,2026-03-02 15:00:00
3579,SKU-03579,Connect Tablet Modelo 072,"Tablet Connect, modelo 072, producto para uso general.",7392.27,5,1,2026-03-03 09:00:00,2026-03-04 16:00:00
3580,SKU-03580,Connect Cargador Modelo 073,"Cargador Connect, modelo 073, producto para uso general.",993.60,22,1,2026-03-04 09:00:00,2026-03-06 17:00:00
3581,SKU-03581,Connect Cable USB Modelo 074,"Cable USB Connect, modelo 074, producto para uso general.",354.90,39,1,2026-03-05 09:00:00,2026-03-08 18:00:00
3582,SKU-03582,Connect Smartwatch Modelo 075,"Smartwatch Connect, modelo 075, producto para uso general.",1796.37,56,1,2026-03-06 09:00:00,2026-03-10 19:00:00
3583,SKU-03583,Connect Teclado mecánico Modelo 076,"Teclado mecánico Connect, modelo 076, producto para uso general.",1997.73,73,1,2026-03-07 09:00:00,2026-03-12 20:00:00
3584,SKU-03584,Connect Silla de oficina Modelo 077,"Silla de oficina Connect, modelo 077, producto para uso general.",6699.12,90,1,2026-03-08 09:00:00,2026-03-14 09:00:00
3585,SKU-03585,Connect Mochila Modelo 078,"Mochila Connect, modelo 078, producto para uso general.",1850.47,107,1,2026-03-09 09:00:00,2026-03-16 10:00:00
3586,SKU-03586,Connect Cámara Modelo 079,"Cámara Connect, modelo 079, producto para uso general.",8401.86,124,1,2026-03-10 09:00:00,2026-03-18 11:00:00
3587,SKU-03587,Connect Micrófono Modelo 080,"Micrófono Connect, modelo 080, producto para uso general.",1703.22,141,1,2026-03-11 09:00:00,2026-03-20 12:00:00
3588,SKU-03588,Advance Laptop Modelo 081,"Laptop Advance, modelo 081, producto para uso general.",13404.60,158,1,2026-03-12 09:00:00,2026-03-22 13:00:00
3589,SKU-03589,Advance Mouse Modelo 082,"Mouse Advance, modelo 082, producto para uso general.",765.91,175,1,2026-03-13 09:00:00,2026-03-24 14:00:00
3590,SKU-03590,Advance Teclado Modelo 083,"Teclado Advance, modelo 083, producto para uso general.",707.31,192,1,2026-03-14 09:00:00,2026-03-26 15:00:00
3591,SKU-03591,Advance Monitor Modelo 084,"Monitor Advance, modelo 084, producto para uso general.",7408.71,8,1,2026-03-15 09:00:00,2026-03-28 16:00:00
3592,SKU-03592,Advance Audífonos Modelo 085,"Audífonos Advance, modelo 085, producto para uso general.",960.06,25,1,2026-03-16 09:00:00,2026-03-30 17:00:00
3593,SKU-03593,Advance Webcam Modelo 086,"Webcam Advance, modelo 086, producto para uso general.",2011.43,42,1,2026-03-17 09:00:00,2026-04-01 18:00:00
3594,SKU-03594,Advance Memoria USB Modelo 087,"Memoria USB Advance, modelo 087, producto para uso general.",262.73,59,1,2026-03-18 09:00:00,2026-04-03 19:00:00
3595,SKU-03595,Advance Disco SSD Modelo 088,"Disco SSD Advance, modelo 088, producto para uso general.",2214.18,76,1,2026-03-19 09:00:00,2026-04-05 20:00:00
3596,SKU-03596,Advance Router Modelo 089,"Router Advance, modelo 089, producto para uso general.",2615.55,93,1,2026-03-20 09:00:00,2026-04-07 09:00:00
3597,SKU-03597,Advance Impresora Modelo 090,"Impresora Advance, modelo 090, producto para uso general.",6716.93,110,1,2026-03-21 09:00:00,2026-04-09 10:00:00
3598,SKU-03598,Advance Bocina Bluetooth Modelo 091,"Bocina Bluetooth Advance, modelo 091, producto para uso general.",668.28,127,1,2026-03-22 09:00:00,2026-04-11 11:00:00
3599,SKU-03599,Advance Tablet Modelo 092,"Tablet Advance, modelo 092, producto para uso general.",7419.67,144,1,2026-03-23 09:00:00,2026-04-13 12:00:00
3600,SKU-03600,Advance Cargador Modelo 093,"Cargador Advance, modelo 093, producto para uso general.",1021.00,161,1,2026-03-24 09:00:00,2026-04-15 13:00:00
3601,SKU-03601,Advance Cable USB Modelo 094,"Cable USB Advance, modelo 094, producto para uso general.",382.30,178,1,2026-03-25 09:00:00,2026-04-17 14:00:00
3602,SKU-03602,Advance Smartwatch Modelo 095,"Smartwatch Advance, modelo 095, producto para uso general.",1823.77,195,1,2026-03-26 09:00:00,2026-04-19 15:00:00
3603,SKU-03603,Advance Teclado mecánico Modelo 096,"Teclado mecánico Advance, modelo 096, producto para uso general.",2025.13,11,1,2026-03-27 09:00:00,2026-04-21 16:00:00
3604,SKU-03604,Advance Silla de oficina Modelo 097,"Silla de oficina Advance, modelo 097, producto para uso general.",6726.52,28,1,2026-03-28 09:00:00,2026-04-23 17:00:00
3605,SKU-03605,Advance Mochila Modelo 098,"Mochila Advance, modelo 098, producto para uso general.",1877.87,45,1,2026-03-29 09:00:00,2026-04-25 18:00:00
3606,SKU-03606,Advance Cámara Modelo 099,"Cámara Advance, modelo 099, producto para uso general.",8429.26,62,1,2026-03-30 09:00:00,2026-04-27 19:00:00
3607,SKU-03607,Advance Micrófono Modelo 100,"Micrófono Advance, modelo 100, producto para uso general.",1730.62,79,1,2026-03-31 09:00:00,2026-04-29 20:00:00
3608,SKU-03608,TechPro Laptop Modelo 101,"Laptop TechPro, modelo 101, producto para uso general.",13432.00,96,1,2026-04-01 09:00:00,2026-04-01 09:00:00
3609,SKU-03609,TechPro Mouse Modelo 102,"Mouse TechPro, modelo 102, producto para uso general.",793.31,113,1,2026-04-02 09:00:00,2026-04-03 10:00:00
3610,SKU-03610,TechPro Teclado Modelo 103,"Teclado TechPro, modelo 103, producto para uso general.",734.71,130,1,2026-04-03 09:00:00,2026-04-05 11:00:00
3611,SKU-03611,TechPro Monitor Modelo 104,"Monitor TechPro, modelo 104, producto para uso general.",7436.11,147,1,2026-04-04 09:00:00,2026-04-07 12:00:00
3612,SKU-03612,TechPro Audífonos Modelo 105,"Audífonos TechPro, modelo 105, producto para uso general.",987.46,164,1,2026-04-05 09:00:00,2026-04-09 13:00:00
3613,SKU-03613,TechPro Webcam Modelo 106,"Webcam TechPro, modelo 106, producto para uso general.",2038.83,181,1,2026-04-06 09:00:00,2026-04-11 14:00:00
3614,SKU-03614,TechPro Memoria USB Modelo 107,"Memoria USB TechPro, modelo 107, producto para uso general.",290.13,198,1,2026-04-07 09:00:00,2026-04-13 15:00:00
3615,SKU-03615,TechPro Disco SSD Modelo 108,"Disco SSD TechPro, modelo 108, producto para uso general.",2241.58,14,1,2026-04-08 09:00:00,2026-04-15 16:00:00
3616,SKU-03616,TechPro Router Modelo 109,"Router TechPro, modelo 109, producto para uso general.",2642.95,31,1,2026-04-09 09:00:00,2026-04-17 17:00:00
3617,SKU-03617,TechPro Impresora Modelo 110,"Impresora TechPro, modelo 110, producto para uso general.",6744.33,48,1,2026-04-10 09:00:00,2026-04-19 18:00:00
3618,SKU-03618,TechPro Bocina Bluetooth Modelo 111,"Bocina Bluetooth TechPro, modelo 111, producto para uso general.",695.68,65,1,2026-04-11 09:00:00,2026-04-21 19:00:00
3619,SKU-03619,TechPro Tablet Modelo 112,"Tablet TechPro, modelo 112, producto para uso general.",7447.07,82,1,2026-04-12 09:00:00,2026-04-23 20:00:00
3620,SKU-03620,TechPro Cargador Modelo 113,"Cargador TechPro, modelo 113, producto para uso general.",1048.40,99,1,2026-04-13 09:00:00,2026-04-25 09:00:00
3621,SKU-03621,TechPro Cable USB Modelo 114,"Cable USB TechPro, modelo 114, producto para uso general.",409.70,116,1,2026-04-14 09:00:00,2026-04-27 10:00:00
3622,SKU-03622,TechPro Smartwatch Modelo 115,"Smartwatch TechPro, modelo 115, producto para uso general.",1851.17,133,1,2026-04-15 09:00:00,2026-04-29 11:00:00
3623,SKU-03623,TechPro Teclado mecánico Modelo 116,"Teclado mecánico TechPro, modelo 116, producto para uso general.",2052.53,150,1,2026-04-16 09:00:00,2026-05-01 12:00:00
3624,SKU-03624,TechPro Silla de oficina Modelo 117,"Silla de oficina TechPro, modelo 117, producto para uso general.",6753.92,167,1,2026-04-17 09:00:00,2026-05-03 13:00:00
3625,SKU-03625,TechPro Mochila Modelo 118,"Mochila TechPro, modelo 118, producto para uso general.",1905.27,184,1,2026-04-18 09:00:00,2026-05-05 14:00:00
3626,SKU-03626,TechPro Cámara Modelo 119,"Cámara TechPro, modelo 119, producto para uso general.",8456.66,0,0,2026-04-19 09:00:00,2026-05-07 15:00:00
3627,SKU-03627,TechPro Micrófono Modelo 120,"Micrófono TechPro, modelo 120, producto para uso general.",1758.02,17,1,2026-04-20 09:00:00,2026-05-09 16:00:00
3628,SKU-03628,Nova Laptop Modelo 121,"Laptop Nova, modelo 121, producto para uso general.",13459.40,34,1,2026-04-21 09:00:00,2026-05-11 17:00:00
3629,SKU-03629,Nova Mouse Modelo 122,"Mouse Nova, modelo 122, producto para uso general.",820.71,51,1,2026-04-22 09:00:00,2026-05-13 18:00:00
3630,SKU-03630,Nova Teclado Modelo 123,"Teclado Nova, modelo 123, producto para uso general.",762.11,68,1,2026-04-23 09:00:00,2026-05-15 19:00:00
3631,SKU-03631,Nova Monitor Modelo 124,"Monitor Nova, modelo 124, producto para uso general.",7463.51,85,1,2026-04-24 09:00:00,2026-05-17 20:00:00
3632,SKU-03632,Nova Audífonos Modelo 125,"Audífonos Nova, modelo 125, producto para uso general.",1014.86,102,1,2026-04-25 09:00:00,2026-05-19 09:00:00
3633,SKU-03633,Nova Webcam Modelo 126,"Webcam Nova, modelo 126, producto para uso general.",2066.23,119,1,2026-04-26 09:00:00,2026-05-21 10:00:00
3634,SKU-03634,Nova Memoria USB Modelo 127,"Memoria USB Nova, modelo 127, producto para uso general.",317.53,136,1,2026-04-27 09:00:00,2026-05-23 11:00:00
3635,SKU-03635,Nova Disco SSD Modelo 128,"Disco SSD Nova, modelo 128, producto para uso general.",2268.98,153,1,2026-04-28 09:00:00,2026-05-25 12:00:00
3636,SKU-03636,Nova Router Modelo 129,"Router Nova, modelo 129, producto para uso general.",2670.35,170,1,2026-04-29 09:00:00,2026-05-27 13:00:00
3637,SKU-03637,Nova Impresora Modelo 130,"Impresora Nova, modelo 130, producto para uso general.",6771.73,187,1,2026-04-30 09:00:00,2026-05-29 14:00:00
3638,SKU-03638,Nova Bocina Bluetooth Modelo 131,"Bocina Bluetooth Nova, modelo 131, producto para uso general.",723.08,3,1,2026-05-01 09:00:00,2026-05-01 15:00:00
3639,SKU-03639,Nova Tablet Modelo 132,"Tablet Nova, modelo 132, producto para uso general.",7474.47,20,1,2026-05-02 09:00:00,2026-05-03 16:00:00
3640,SKU-03640,Nova Cargador Modelo 133,"Cargador Nova, modelo 133, producto para uso general.",1075.80,37,1,2026-05-03 09:00:00,2026-05-05 17:00:00
3641,SKU-03641,Nova Cable USB Modelo 134,"Cable USB Nova, modelo 134, producto para uso general.",437.10,54,1,2026-05-04 09:00:00,2026-05-07 18:00:00
3642,SKU-03642,Nova Smartwatch Modelo 135,"Smartwatch Nova, modelo 135, producto para uso general.",1878.57,71,1,2026-05-05 09:00:00,2026-05-09 19:00:00
3643,SKU-03643,Nova Teclado mecánico Modelo 136,"Teclado mecánico Nova, modelo 136, producto para uso general.",2079.93,88,1,2026-05-06 09:00:00,2026-05-11 20:00:00
3644,SKU-03644,Nova Silla de oficina Modelo 137,"Silla de oficina Nova, modelo 137, producto para uso general.",6781.32,105,1,2026-05-07 09:00:00,2026-05-13 09:00:00
3645,SKU-03645,Nova Mochila Modelo 138,"Mochila Nova, modelo 138, producto para uso general.",1932.67,122,1,2026-05-08 09:00:00,2026-05-15 10:00:00
3646,SKU-03646,Nova Cámara Modelo 139,"Cámara Nova, modelo 139, producto para uso general.",8484.06,139,1,2026-05-09 09:00:00,2026-05-17 11:00:00
3647,SKU-03647,Nova Micrófono Modelo 140,"Micrófono Nova, modelo 140, producto para uso general.",1785.42,156,1,2026-05-10 09:00:00,2026-05-19 12:00:00
3648,SKU-03648,MaxiTech Laptop Modelo 141,"Laptop MaxiTech, modelo 141, producto para uso general.",13486.80,173,1,2026-05-11 09:00:00,2026-05-21 13:00:00
3649,SKU-03649,MaxiTech Mouse Modelo 142,"Mouse MaxiTech, modelo 142, producto para uso general.",848.11,190,1,2026-05-12 09:00:00,2026-05-23 14:00:00
3650,SKU-03650,MaxiTech Teclado Modelo 143,"Teclado MaxiTech, modelo 143, producto para uso general.",789.51,6,1,2026-05-13 09:00:00,2026-05-25 15:00:00
3651,SKU-03651,MaxiTech Monitor Modelo 144,"Monitor MaxiTech, modelo 144, producto para uso general.",7490.91,23,1,2026-05-14 09:00:00,2026-05-27 16:00:00
3652,SKU-03652,MaxiTech Audífonos Modelo 145,"Audífonos MaxiTech, modelo 145, producto para uso general.",1042.26,40,1,2026-05-15 09:00:00,2026-05-29 17:00:00
3653,SKU-03653,MaxiTech Webcam Modelo 146,"Webcam MaxiTech, modelo 146, producto para uso general.",2093.63,57,1,2026-05-16 09:00:00,2026-05-31 18:00:00
3654,SKU-03654,MaxiTech Memoria USB Modelo 147,"Memoria USB MaxiTech, modelo 147, producto para uso general.",344.93,74,1,2026-05-17 09:00:00,2026-06-02 19:00:00
3655,SKU-03655,MaxiTech Disco SSD Modelo 148,"Disco SSD MaxiTech, modelo 148, producto para uso general.",2296.38,91,1,2026-05-18 09:00:00,2026-06-04 20:00:00
3656,SKU-03656,MaxiTech Router Modelo 149,"Router MaxiTech, modelo 149, producto para uso general.",2697.75,108,1,2026-05-19 09:00:00,2026-06-06 09:00:00
3657,SKU-03657,MaxiTech Impresora Modelo 150,"Impresora MaxiTech, modelo 150, producto para uso general.",6799.13,125,1,2026-05-20 09:00:00,2026-06-08 10:00:00
3658,SKU-03658,MaxiTech Bocina Bluetooth Modelo 151,"Bocina Bluetooth MaxiTech, modelo 151, producto para uso general.",750.48,142,1,2026-05-21 09:00:00,2026-06-10 11:00:00
3659,SKU-03659,MaxiTech Tablet Modelo 152,"Tablet MaxiTech, modelo 152, producto para uso general.",7501.87,159,1,2026-05-22 09:00:00,2026-06-12 12:00:00
3660,SKU-03660,MaxiTech Cargador Modelo 153,"Cargador MaxiTech, modelo 153, producto para uso general.",1103.20,176,1,2026-05-23 09:00:00,2026-06-14 13:00:00
3661,SKU-03661,MaxiTech Cable USB Modelo 154,"Cable USB MaxiTech, modelo 154, producto para uso general.",464.50,193,1,2026-05-24 09:00:00,2026-06-16 14:00:00
3662,SKU-03662,MaxiTech Smartwatch Modelo 155,"Smartwatch MaxiTech, modelo 155, producto para uso general.",1905.97,9,1,2026-05-25 09:00:00,2026-06-18 15:00:00
3663,SKU-03663,MaxiTech Teclado mecánico Modelo 156,"Teclado mecánico MaxiTech, modelo 156, producto para uso general.",2107.33,26,1,2026-05-26 09:00:00,2026-06-20 16:00:00
3664,SKU-03664,MaxiTech Silla de oficina Modelo 157,"Silla de oficina MaxiTech, modelo 157, producto para uso general.",6808.72,43,1,2026-05-27 09:00:00,2026-06-22 17:00:00
3665,SKU-03665,MaxiTech Mochila Modelo 158,"Mochila MaxiTech, modelo 158, producto para uso general.",1960.07,60,1,2026-05-28 09:00:00,2026-06-24 18:00:00
3666,SKU-03666,MaxiTech Cámara Modelo 159,"Cámara MaxiTech, modelo 159, producto para uso general.",8511.46,77,1,2026-05-29 09:00:00,2026-06-26 19:00:00
3667,SKU-03667,MaxiTech Micrófono Modelo 160,"Micrófono MaxiTech, modelo 160, producto para uso general.",1812.82,94,1,2026-05-30 09:00:00,2026-06-28 20:00:00
3668,SKU-03668,DigitalX Laptop Modelo 161,"Laptop DigitalX, modelo 161, producto para uso general.",13514.20,111,1,2026-05-31 09:00:00,2026-05-31 09:00:00
3669,SKU-03669,DigitalX Mouse Modelo 162,"Mouse DigitalX, modelo 162, producto para uso general.",875.51,128,1,2026-06-01 09:00:00,2026-06-02 10:00:00
3670,SKU-03670,DigitalX Teclado Modelo 163,"Teclado DigitalX, modelo 163, producto para uso general.",816.91,145,1,2026-06-02 09:00:00,2026-06-04 11:00:00
3671,SKU-03671,DigitalX Monitor Modelo 164,"Monitor DigitalX, modelo 164, producto para uso general.",7518.31,162,1,2026-06-03 09:00:00,2026-06-06 12:00:00
3672,SKU-03672,DigitalX Audífonos Modelo 165,"Audífonos DigitalX, modelo 165, producto para uso general.",1069.66,179,1,2026-06-04 09:00:00,2026-06-08 13:00:00
3673,SKU-03673,DigitalX Webcam Modelo 166,"Webcam DigitalX, modelo 166, producto para uso general.",2121.03,196,1,2026-06-05 09:00:00,2026-06-10 14:00:00
3674,SKU-03674,DigitalX Memoria USB Modelo 167,"Memoria USB DigitalX, modelo 167, producto para uso general.",372.33,12,1,2026-06-06 09:00:00,2026-06-12 15:00:00
3675,SKU-03675,DigitalX Disco SSD Modelo 168,"Disco SSD DigitalX, modelo 168, producto para uso general.",2323.78,29,1,2026-06-07 09:00:00,2026-06-14 16:00:00
3676,SKU-03676,DigitalX Router Modelo 169,"Router DigitalX, modelo 169, producto para uso general.",2725.15,46,1,2026-06-08 09:00:00,2026-06-16 17:00:00
3677,SKU-03677,DigitalX Impresora Modelo 170,"Impresora DigitalX, modelo 170, producto para uso general.",6826.53,63,1,2026-06-09 09:00:00,2026-06-18 18:00:00
3678,SKU-03678,DigitalX Bocina Bluetooth Modelo 171,"Bocina Bluetooth DigitalX, modelo 171, producto para uso general.",777.88,80,1,2026-06-10 09:00:00,2026-06-20 19:00:00
3679,SKU-03679,DigitalX Tablet Modelo 172,"Tablet DigitalX, modelo 172, producto para uso general.",7529.27,97,1,2026-06-11 09:00:00,2026-06-22 20:00:00
3680,SKU-03680,DigitalX Cargador Modelo 173,"Cargador DigitalX, modelo 173, producto para uso general.",1130.60,114,1,2026-06-12 09:00:00,2026-06-24 09:00:00
3681,SKU-03681,DigitalX Cable USB Modelo 174,"Cable USB DigitalX, modelo 174, producto para uso general.",491.90,131,1,2026-06-13 09:00:00,2026-06-26 10:00:00
3682,SKU-03682,DigitalX Smartwatch Modelo 175,"Smartwatch DigitalX, modelo 175, producto para uso general.",1933.37,148,1,2026-06-14 09:00:00,2026-06-28 11:00:00
3683,SKU-03683,DigitalX Teclado mecánico Modelo 176,"Teclado mecánico DigitalX, modelo 176, producto para uso general.",2134.73,165,1,2026-06-15 09:00:00,2026-06-30 12:00:00
3684,SKU-03684,DigitalX Silla de oficina Modelo 177,"Silla de oficina DigitalX, modelo 177, producto para uso general.",6836.12,182,1,2026-06-16 09:00:00,2026-07-02 13:00:00
3685,SKU-03685,DigitalX Mochila Modelo 178,"Mochila DigitalX, modelo 178, producto para uso general.",1987.47,199,1,2026-06-17 09:00:00,2026-07-04 14:00:00
3686,SKU-03686,DigitalX Cámara Modelo 179,"Cámara DigitalX, modelo 179, producto para uso general.",8538.86,15,1,2026-06-18 09:00:00,2026-07-06 15:00:00
3687,SKU-03687,DigitalX Micrófono Modelo 180,"Micrófono DigitalX, modelo 180, producto para uso general.",1840.22,32,1,2026-06-19 09:00:00,2026-07-08 16:00:00
3688,SKU-03688,SmartOne Laptop Modelo 181,"Laptop SmartOne, modelo 181, producto para uso general.",13541.60,49,1,2026-06-20 09:00:00,2026-07-10 17:00:00
3689,SKU-03689,SmartOne Mouse Modelo 182,"Mouse SmartOne, modelo 182, producto para uso general.",182.90,66,1,2026-06-21 09:00:00,2026-07-12 18:00:00
3690,SKU-03690,SmartOne Teclado Modelo 183,"Teclado SmartOne, modelo 183, producto para uso general.",844.31,83,1,2026-06-22 09:00:00,2026-07-14 19:00:00
3691,SKU-03691,SmartOne Monitor Modelo 184,"Monitor SmartOne, modelo 184, producto para uso general.",7545.71,100,1,2026-06-23 09:00:00,2026-07-16 20:00:00
3692,SKU-03692,SmartOne Audífonos Modelo 185,"Audífonos SmartOne, modelo 185, producto para uso general.",1097.06,117,1,2026-06-24 09:00:00,2026-07-18 09:00:00
3693,SKU-03693,SmartOne Webcam Modelo 186,"Webcam SmartOne, modelo 186, producto para uso general.",2148.43,134,1,2026-06-25 09:00:00,2026-07-20 10:00:00
3694,SKU-03694,SmartOne Memoria USB Modelo 187,"Memoria USB SmartOne, modelo 187, producto para uso general.",399.73,151,1,2026-06-26 09:00:00,2026-07-22 11:00:00
3695,SKU-03695,SmartOne Disco SSD Modelo 188,"Disco SSD SmartOne, modelo 188, producto para uso general.",2351.18,168,1,2026-06-27 09:00:00,2026-07-24 12:00:00
3696,SKU-03696,SmartOne Router Modelo 189,"Router SmartOne, modelo 189, producto para uso general.",2752.55,185,1,2026-06-28 09:00:00,2026-07-26 13:00:00
3697,SKU-03697,SmartOne Impresora Modelo 190,"Impresora SmartOne, modelo 190, producto para uso general.",6853.93,1,1,2026-06-29 09:00:00,2026-07-28 14:00:00
3698,SKU-03698,SmartOne Bocina Bluetooth Modelo 191,"Bocina Bluetooth SmartOne, modelo 191, producto para uso general.",805.28,18,1,2026-06-30 09:00:00,2026-06-30 15:00:00
3699,SKU-03699,SmartOne Tablet Modelo 192,"Tablet SmartOne, modelo 192, producto para uso general.",7556.67,35,1,2026-07-01 09:00:00,2026-07-02 16:00:00
3700,SKU-03700,SmartOne Cargador Modelo 193,"Cargador SmartOne, modelo 193, producto para uso general.",1158.00,52,1,2026-07-02 09:00:00,2026-07-04 17:00:00
3701,SKU-03701,SmartOne Cable USB Modelo 194,"Cable USB SmartOne, modelo 194, producto para uso general.",99.29,69,1,2026-07-03 09:00:00,2026-07-06 18:00:00
3702,SKU-03702,SmartOne Smartwatch Modelo 195,"Smartwatch SmartOne, modelo 195, producto para uso general.",1960.77,86,1,2026-07-04 09:00:00,2026-07-08 19:00:00
3703,SKU-03703,SmartOne Teclado mecánico Modelo 196,"Teclado mecánico SmartOne, modelo 196, producto para uso general.",2162.13,103,1,2026-07-05 09:00:00,2026-07-10 20:00:00
3704,SKU-03704,SmartOne Silla de oficina Modelo 197,"Silla de oficina SmartOne, modelo 197, producto para uso general.",6863.52,120,1,2026-07-06 09:00:00,2026-07-12 09:00:00
3705,SKU-03705,SmartOne Mochila Modelo 198,"Mochila SmartOne, modelo 198, producto para uso general.",2014.87,137,1,2026-07-07 09:00:00,2026-07-14 10:00:00
3706,SKU-03706,SmartOne Cámara Modelo 199,"Cámara SmartOne, modelo 199, producto para uso general.",8566.26,154,1,2026-07-08 09:00:00,2026-07-16 11:00:00
3707,SKU-03707,SmartOne Micrófono Modelo 200,"Micrófono SmartOne, modelo 200, producto para uso general.",1867.62,171,1,2026-07-09 09:00:00,2026-07-18 12:00:00
3708,SKU-03708,ProLine Laptop Modelo 201,"Laptop ProLine, modelo 201, producto para uso general.",13569.00,188,1,2026-07-10 09:00:00,2026-07-20 13:00:00
3709,SKU-03709,ProLine Mouse Modelo 202,"Mouse ProLine, modelo 202, producto para uso general.",210.30,4,1,2026-07-11 09:00:00,2026-07-22 14:00:00
3710,SKU-03710,ProLine Teclado Modelo 203,"Teclado ProLine, modelo 203, producto para uso general.",871.71,21,1,2026-07-12 09:00:00,2026-07-24 15:00:00
3711,SKU-03711,ProLine Monitor Modelo 204,"Monitor ProLine, modelo 204, producto para uso general.",7573.11,38,1,2026-07-13 09:00:00,2026-07-26 16:00:00
3712,SKU-03712,ProLine Audífonos Modelo 205,"Audífonos ProLine, modelo 205, producto para uso general.",1124.46,55,1,2026-07-14 09:00:00,2026-07-28 17:00:00
3713,SKU-03713,ProLine Webcam Modelo 206,"Webcam ProLine, modelo 206, producto para uso general.",2175.83,72,1,2026-07-15 09:00:00,2026-07-30 18:00:00
3714,SKU-03714,ProLine Memoria USB Modelo 207,"Memoria USB ProLine, modelo 207, producto para uso general.",427.13,89,1,2026-07-16 09:00:00,2026-08-01 19:00:00
3715,SKU-03715,ProLine Disco SSD Modelo 208,"Disco SSD ProLine, modelo 208, producto para uso general.",2378.58,106,1,2026-07-17 09:00:00,2026-08-03 20:00:00
3716,SKU-03716,ProLine Router Modelo 209,"Router ProLine, modelo 209, producto para uso general.",2779.95,123,1,2026-07-18 09:00:00,2026-08-05 09:00:00
3717,SKU-03717,ProLine Impresora Modelo 210,"Impresora ProLine, modelo 210, producto para uso general.",6881.33,140,1,2026-07-19 09:00:00,2026-08-07 10:00:00
3718,SKU-03718,ProLine Bocina Bluetooth Modelo 211,"Bocina Bluetooth ProLine, modelo 211, producto para uso general.",832.68,157,1,2026-07-20 09:00:00,2026-08-09 11:00:00
3719,SKU-03719,ProLine Tablet Modelo 212,"Tablet ProLine, modelo 212, producto para uso general.",7584.07,174,1,2026-07-21 09:00:00,2026-08-11 12:00:00
3720,SKU-03720,ProLine Cargador Modelo 213,"Cargador ProLine, modelo 213, producto para uso general.",1185.40,191,1,2026-07-22 09:00:00,2026-08-13 13:00:00
3721,SKU-03721,ProLine Cable USB Modelo 214,"Cable USB ProLine, modelo 214, producto para uso general.",126.69,7,1,2026-07-23 09:00:00,2026-08-15 14:00:00
3722,SKU-03722,ProLine Smartwatch Modelo 215,"Smartwatch ProLine, modelo 215, producto para uso general.",1988.17,24,1,2026-07-24 09:00:00,2026-08-17 15:00:00
3723,SKU-03723,ProLine Teclado mecánico Modelo 216,"Teclado mecánico ProLine, modelo 216, producto para uso general.",2189.53,41,1,2026-07-25 09:00:00,2026-08-19 16:00:00
3724,SKU-03724,ProLine Silla de oficina Modelo 217,"Silla de oficina ProLine, modelo 217, producto para uso general.",6890.92,58,1,2026-07-26 09:00:00,2026-08-21 17:00:00
3725,SKU-03725,ProLine Mochila Modelo 218,"Mochila ProLine, modelo 218, producto para uso general.",2042.27,75,1,2026-07-27 09:00:00,2026-08-23 18:00:00
3726,SKU-03726,ProLine Cámara Modelo 219,"Cámara ProLine, modelo 219, producto para uso general.",8593.66,92,1,2026-07-28 09:00:00,2026-08-25 19:00:00
3727,SKU-03727,ProLine Micrófono Modelo 220,"Micrófono ProLine, modelo 220, producto para uso general.",1895.02,109,1,2026-07-29 09:00:00,2026-08-27 20:00:00
3728,SKU-03728,Ultra Laptop Modelo 221,"Laptop Ultra, modelo 221, producto para uso general.",13596.40,126,1,2026-07-30 09:00:00,2026-07-30 09:00:00
3729,SKU-03729,Ultra Mouse Modelo 222,"Mouse Ultra, modelo 222, producto para uso general.",237.70,143,1,2026-07-31 09:00:00,2026-08-01 10:00:00
3730,SKU-03730,Ultra Teclado Modelo 223,"Teclado Ultra, modelo 223, producto para uso general.",899.11,160,1,2026-08-01 09:00:00,2026-08-03 11:00:00
3731,SKU-03731,Ultra Monitor Modelo 224,"Monitor Ultra, modelo 224, producto para uso general.",7600.51,177,1,2026-08-02 09:00:00,2026-08-05 12:00:00
3732,SKU-03732,Ultra Audífonos Modelo 225,"Audífonos Ultra, modelo 225, producto para uso general.",1151.86,194,1,2026-08-03 09:00:00,2026-08-07 13:00:00
3733,SKU-03733,Ultra Webcam Modelo 226,"Webcam Ultra, modelo 226, producto para uso general.",503.22,10,1,2026-08-04 09:00:00,2026-08-09 14:00:00
3734,SKU-03734,Ultra Memoria USB Modelo 227,"Memoria USB Ultra, modelo 227, producto para uso general.",454.53,27,1,2026-08-05 09:00:00,2026-08-11 15:00:00
3735,SKU-03735,Ultra Disco SSD Modelo 228,"Disco SSD Ultra, modelo 228, producto para uso general.",2405.98,44,1,2026-08-06 09:00:00,2026-08-13 16:00:00
3736,SKU-03736,Ultra Router Modelo 229,"Router Ultra, modelo 229, producto para uso general.",2807.35,61,1,2026-08-07 09:00:00,2026-08-15 17:00:00
3737,SKU-03737,Ultra Impresora Modelo 230,"Impresora Ultra, modelo 230, producto para uso general.",6908.73,78,1,2026-08-08 09:00:00,2026-08-17 18:00:00
3738,SKU-03738,Ultra Bocina Bluetooth Modelo 231,"Bocina Bluetooth Ultra, modelo 231, producto para uso general.",860.08,95,1,2026-08-09 09:00:00,2026-08-19 19:00:00
3739,SKU-03739,Ultra Tablet Modelo 232,"Tablet Ultra, modelo 232, producto para uso general.",7611.47,112,1,2026-08-10 09:00:00,2026-08-21 20:00:00
3740,SKU-03740,Ultra Cargador Modelo 233,"Cargador Ultra, modelo 233, producto para uso general.",192.79,129,1,2026-08-11 09:00:00,2026-08-23 09:00:00
3741,SKU-03741,Ultra Cable USB Modelo 234,"Cable USB Ultra, modelo 234, producto para uso general.",154.09,146,1,2026-08-12 09:00:00,2026-08-25 10:00:00
3742,SKU-03742,Ultra Smartwatch Modelo 235,"Smartwatch Ultra, modelo 235, producto para uso general.",2015.57,163,1,2026-08-13 09:00:00,2026-08-27 11:00:00
3743,SKU-03743,Ultra Teclado mecánico Modelo 236,"Teclado mecánico Ultra, modelo 236, producto para uso general.",2216.93,180,1,2026-08-14 09:00:00,2026-08-29 12:00:00
3744,SKU-03744,Ultra Silla de oficina Modelo 237,"Silla de oficina Ultra, modelo 237, producto para uso general.",6918.32,197,1,2026-08-15 09:00:00,2026-08-31 13:00:00
3745,SKU-03745,Ultra Mochila Modelo 238,"Mochila Ultra, modelo 238, producto para uso general.",2069.67,13,1,2026-08-16 09:00:00,2026-09-02 14:00:00
3746,SKU-03746,Ultra Cámara Modelo 239,"Cámara Ultra, modelo 239, producto para uso general.",8621.06,30,1,2026-08-17 09:00:00,2026-09-04 15:00:00
3747,SKU-03747,Ultra Micrófono Modelo 240,"Micrófono Ultra, modelo 240, producto para uso general.",1922.42,47,1,2026-08-18 09:00:00,2026-09-06 16:00:00
3748,SKU-03748,Vision Laptop Modelo 241,"Laptop Vision, modelo 241, producto para uso general.",13623.80,64,1,2026-08-19 09:00:00,2026-09-08 17:00:00
3749,SKU-03749,Vision Mouse Modelo 242,"Mouse Vision, modelo 242, producto para uso general.",265.10,81,1,2026-08-20 09:00:00,2026-09-10 18:00:00
3750,SKU-03750,Vision Teclado Modelo 243,"Teclado Vision, modelo 243, producto para uso general.",926.51,98,1,2026-08-21 09:00:00,2026-09-12 19:00:00
3751,SKU-03751,Vision Monitor Modelo 244,"Monitor Vision, modelo 244, producto para uso general.",7627.91,115,1,2026-08-22 09:00:00,2026-09-14 20:00:00
3752,SKU-03752,Vision Audífonos Modelo 245,"Audífonos Vision, modelo 245, producto para uso general.",1179.26,132,1,2026-08-23 09:00:00,2026-09-16 09:00:00
3753,SKU-03753,Vision Webcam Modelo 246,"Webcam Vision, modelo 246, producto para uso general.",530.62,149,1,2026-08-24 09:00:00,2026-09-18 10:00:00
3754,SKU-03754,Vision Memoria USB Modelo 247,"Memoria USB Vision, modelo 247, producto para uso general.",481.93,166,1,2026-08-25 09:00:00,2026-09-20 11:00:00
3755,SKU-03755,Vision Disco SSD Modelo 248,"Disco SSD Vision, modelo 248, producto para uso general.",2433.38,183,1,2026-08-26 09:00:00,2026-09-22 12:00:00
3756,SKU-03756,Vision Router Modelo 249,"Router Vision, modelo 249, producto para uso general.",2834.75,200,1,2026-08-27 09:00:00,2026-09-24 13:00:00
3757,SKU-03757,Vision Impresora Modelo 250,"Impresora Vision, modelo 250, producto para uso general.",6936.13,16,1,2026-08-28 09:00:00,2026-09-26 14:00:00
3758,SKU-03758,Vision Bocina Bluetooth Modelo 001,"Bocina Bluetooth Vision, modelo 001, producto para uso general.",887.48,33,1,2026-08-29 09:00:00,2026-08-29 15:00:00
3759,SKU-03759,Vision Tablet Modelo 002,"Tablet Vision, modelo 002, producto para uso general.",7638.87,50,1,2026-08-30 09:00:00,2026-08-31 16:00:00
3760,SKU-03760,Vision Cargador Modelo 003,"Cargador Vision, modelo 003, producto para uso general.",220.19,67,1,2026-08-31 09:00:00,2026-09-02 17:00:00
3761,SKU-03761,Vision Cable USB Modelo 004,"Cable USB Vision, modelo 004, producto para uso general.",181.49,84,1,2026-09-01 09:00:00,2026-09-04 18:00:00
3762,SKU-03762,Vision Smartwatch Modelo 005,"Smartwatch Vision, modelo 005, producto para uso general.",2042.97,101,1,2026-09-02 09:00:00,2026-09-06 19:00:00
3763,SKU-03763,Vision Teclado mecánico Modelo 006,"Teclado mecánico Vision, modelo 006, producto para uso general.",2244.33,118,1,2026-09-03 09:00:00,2026-09-08 20:00:00
3764,SKU-03764,Vision Silla de oficina Modelo 007,"Silla de oficina Vision, modelo 007, producto para uso general.",6945.72,135,1,2026-09-04 09:00:00,2026-09-10 09:00:00
3765,SKU-03765,Vision Mochila Modelo 008,"Mochila Vision, modelo 008, producto para uso general.",2097.07,152,1,2026-09-05 09:00:00,2026-09-12 10:00:00
3766,SKU-03766,Vision Cámara Modelo 009,"Cámara Vision, modelo 009, producto para uso general.",8648.46,169,1,2026-09-06 09:00:00,2026-09-14 11:00:00
3767,SKU-03767,Vision Micrófono Modelo 010,"Micrófono Vision, modelo 010, producto para uso general.",1949.82,186,1,2026-09-07 09:00:00,2026-09-16 12:00:00
3768,SKU-03768,Connect Laptop Modelo 011,"Laptop Connect, modelo 011, producto para uso general.",13651.20,2,1,2026-09-08 09:00:00,2026-09-18 13:00:00
3769,SKU-03769,Connect Mouse Modelo 012,"Mouse Connect, modelo 012, producto para uso general.",292.50,19,1,2026-09-09 09:00:00,2026-09-20 14:00:00
3770,SKU-03770,Connect Teclado Modelo 013,"Teclado Connect, modelo 013, producto para uso general.",953.91,36,1,2026-09-10 09:00:00,2026-09-22 15:00:00
3771,SKU-03771,Connect Monitor Modelo 014,"Monitor Connect, modelo 014, producto para uso general.",7655.31,53,1,2026-09-11 09:00:00,2026-09-24 16:00:00
3772,SKU-03772,Connect Audífonos Modelo 015,"Audífonos Connect, modelo 015, producto para uso general.",1206.66,70,1,2026-09-12 09:00:00,2026-09-26 17:00:00
3773,SKU-03773,Connect Webcam Modelo 016,"Webcam Connect, modelo 016, producto para uso general.",558.02,87,1,2026-09-13 09:00:00,2026-09-28 18:00:00
3774,SKU-03774,Connect Memoria USB Modelo 017,"Memoria USB Connect, modelo 017, producto para uso general.",509.33,104,1,2026-09-14 09:00:00,2026-09-30 19:00:00
3775,SKU-03775,Connect Disco SSD Modelo 018,"Disco SSD Connect, modelo 018, producto para uso general.",2460.78,121,1,2026-09-15 09:00:00,2026-10-02 20:00:00
3776,SKU-03776,Connect Router Modelo 019,"Router Connect, modelo 019, producto para uso general.",2862.15,138,1,2026-09-16 09:00:00,2026-10-04 09:00:00
3777,SKU-03777,Connect Impresora Modelo 020,"Impresora Connect, modelo 020, producto para uso general.",6963.53,155,1,2026-09-17 09:00:00,2026-10-06 10:00:00
3778,SKU-03778,Connect Bocina Bluetooth Modelo 021,"Bocina Bluetooth Connect, modelo 021, producto para uso general.",914.88,172,1,2026-09-18 09:00:00,2026-10-08 11:00:00
3779,SKU-03779,Connect Tablet Modelo 022,"Tablet Connect, modelo 022, producto para uso general.",7666.27,189,1,2026-09-19 09:00:00,2026-10-10 12:00:00
3780,SKU-03780,Connect Cargador Modelo 023,"Cargador Connect, modelo 023, producto para uso general.",247.59,5,1,2026-09-20 09:00:00,2026-10-12 13:00:00
3781,SKU-03781,Connect Cable USB Modelo 024,"Cable USB Connect, modelo 024, producto para uso general.",208.89,22,1,2026-09-21 09:00:00,2026-10-14 14:00:00
3782,SKU-03782,Connect Smartwatch Modelo 025,"Smartwatch Connect, modelo 025, producto para uso general.",2070.37,39,1,2026-09-22 09:00:00,2026-10-16 15:00:00
3783,SKU-03783,Connect Teclado mecánico Modelo 026,"Teclado mecánico Connect, modelo 026, producto para uso general.",2271.73,56,1,2026-09-23 09:00:00,2026-10-18 16:00:00
3784,SKU-03784,Connect Silla de oficina Modelo 027,"Silla de oficina Connect, modelo 027, producto para uso general.",6973.12,73,1,2026-09-24 09:00:00,2026-10-20 17:00:00
3785,SKU-03785,Connect Mochila Modelo 028,"Mochila Connect, modelo 028, producto para uso general.",2124.47,90,1,2026-09-25 09:00:00,2026-10-22 18:00:00
3786,SKU-03786,Connect Cámara Modelo 029,"Cámara Connect, modelo 029, producto para uso general.",8675.86,107,1,2026-09-26 09:00:00,2026-10-24 19:00:00
3787,SKU-03787,Connect Micrófono Modelo 030,"Micrófono Connect, modelo 030, producto para uso general.",1977.22,124,1,2026-09-27 09:00:00,2026-10-26 20:00:00
3788,SKU-03788,Advance Laptop Modelo 031,"Laptop Advance, modelo 031, producto para uso general.",13678.60,141,1,2026-01-01 09:00:00,2026-01-01 09:00:00
3789,SKU-03789,Advance Mouse Modelo 032,"Mouse Advance, modelo 032, producto para uso general.",319.90,158,1,2026-01-02 09:00:00,2026-01-03 10:00:00
3790,SKU-03790,Advance Teclado Modelo 033,"Teclado Advance, modelo 033, producto para uso general.",981.31,175,1,2026-01-03 09:00:00,2026-01-05 11:00:00
3791,SKU-03791,Advance Monitor Modelo 034,"Monitor Advance, modelo 034, producto para uso general.",7682.71,192,1,2026-01-04 09:00:00,2026-01-07 12:00:00
3792,SKU-03792,Advance Audífonos Modelo 035,"Audífonos Advance, modelo 035, producto para uso general.",1234.06,8,1,2026-01-05 09:00:00,2026-01-09 13:00:00
3793,SKU-03793,Advance Webcam Modelo 036,"Webcam Advance, modelo 036, producto para uso general.",585.42,25,1,2026-01-06 09:00:00,2026-01-11 14:00:00
3794,SKU-03794,Advance Memoria USB Modelo 037,"Memoria USB Advance, modelo 037, producto para uso general.",536.73,42,1,2026-01-07 09:00:00,2026-01-13 15:00:00
3795,SKU-03795,Advance Disco SSD Modelo 038,"Disco SSD Advance, modelo 038, producto para uso general.",2488.18,59,1,2026-01-08 09:00:00,2026-01-15 16:00:00
3796,SKU-03796,Advance Router Modelo 039,"Router Advance, modelo 039, producto para uso general.",2889.55,76,1,2026-01-09 09:00:00,2026-01-17 17:00:00
3797,SKU-03797,Advance Impresora Modelo 040,"Impresora Advance, modelo 040, producto para uso general.",6990.93,93,1,2026-01-10 09:00:00,2026-01-19 18:00:00
3798,SKU-03798,Advance Bocina Bluetooth Modelo 041,"Bocina Bluetooth Advance, modelo 041, producto para uso general.",942.28,110,1,2026-01-11 09:00:00,2026-01-21 19:00:00
3799,SKU-03799,Advance Tablet Modelo 042,"Tablet Advance, modelo 042, producto para uso general.",7693.67,127,1,2026-01-12 09:00:00,2026-01-23 20:00:00
3800,SKU-03800,Advance Cargador Modelo 043,"Cargador Advance, modelo 043, producto para uso general.",274.99,144,1,2026-01-13 09:00:00,2026-01-25 09:00:00
3801,SKU-03801,Advance Cable USB Modelo 044,"Cable USB Advance, modelo 044, producto para uso general.",236.29,161,1,2026-01-14 09:00:00,2026-01-27 10:00:00
3802,SKU-03802,Advance Smartwatch Modelo 045,"Smartwatch Advance, modelo 045, producto para uso general.",2097.77,178,1,2026-01-15 09:00:00,2026-01-29 11:00:00
3803,SKU-03803,Advance Teclado mecánico Modelo 046,"Teclado mecánico Advance, modelo 046, producto para uso general.",2299.13,195,1,2026-01-16 09:00:00,2026-01-31 12:00:00
3804,SKU-03804,Advance Silla de oficina Modelo 047,"Silla de oficina Advance, modelo 047, producto para uso general.",1800.51,11,1,2026-01-17 09:00:00,2026-02-02 13:00:00
3805,SKU-03805,Advance Mochila Modelo 048,"Mochila Advance, modelo 048, producto para uso general.",2151.87,28,1,2026-01-18 09:00:00,2026-02-04 14:00:00
3806,SKU-03806,Advance Cámara Modelo 049,"Cámara Advance, modelo 049, producto para uso general.",8703.26,45,1,2026-01-19 09:00:00,2026-02-06 15:00:00
3807,SKU-03807,Advance Micrófono Modelo 050,"Micrófono Advance, modelo 050, producto para uso general.",2004.62,62,1,2026-01-20 09:00:00,2026-02-08 16:00:00
3808,SKU-03808,TechPro Laptop Modelo 051,"Laptop TechPro, modelo 051, producto para uso general.",13706.00,79,1,2026-01-21 09:00:00,2026-02-10 17:00:00
3809,SKU-03809,TechPro Mouse Modelo 052,"Mouse TechPro, modelo 052, producto para uso general.",347.30,96,1,2026-01-22 09:00:00,2026-02-12 18:00:00
3810,SKU-03810,TechPro Teclado Modelo 053,"Teclado TechPro, modelo 053, producto para uso general.",1008.71,113,1,2026-01-23 09:00:00,2026-02-14 19:00:00
3811,SKU-03811,TechPro Monitor Modelo 054,"Monitor TechPro, modelo 054, producto para uso general.",7710.11,130,1,2026-01-24 09:00:00,2026-02-16 20:00:00
3812,SKU-03812,TechPro Audífonos Modelo 055,"Audífonos TechPro, modelo 055, producto para uso general.",1261.46,147,1,2026-01-25 09:00:00,2026-02-18 09:00:00
3813,SKU-03813,TechPro Webcam Modelo 056,"Webcam TechPro, modelo 056, producto para uso general.",612.82,164,1,2026-01-26 09:00:00,2026-02-20 10:00:00
3814,SKU-03814,TechPro Memoria USB Modelo 057,"Memoria USB TechPro, modelo 057, producto para uso general.",564.13,181,1,2026-01-27 09:00:00,2026-02-22 11:00:00
3815,SKU-03815,TechPro Disco SSD Modelo 058,"Disco SSD TechPro, modelo 058, producto para uso general.",2515.58,198,1,2026-01-28 09:00:00,2026-02-24 12:00:00
3816,SKU-03816,TechPro Router Modelo 059,"Router TechPro, modelo 059, producto para uso general.",2916.95,14,1,2026-01-29 09:00:00,2026-02-26 13:00:00
3817,SKU-03817,TechPro Impresora Modelo 060,"Impresora TechPro, modelo 060, producto para uso general.",7018.33,31,1,2026-01-30 09:00:00,2026-02-28 14:00:00
3818,SKU-03818,TechPro Bocina Bluetooth Modelo 061,"Bocina Bluetooth TechPro, modelo 061, producto para uso general.",969.68,48,1,2026-01-31 09:00:00,2026-01-31 15:00:00
3819,SKU-03819,TechPro Tablet Modelo 062,"Tablet TechPro, modelo 062, producto para uso general.",7721.07,65,1,2026-02-01 09:00:00,2026-02-02 16:00:00
3820,SKU-03820,TechPro Cargador Modelo 063,"Cargador TechPro, modelo 063, producto para uso general.",302.39,82,1,2026-02-02 09:00:00,2026-02-04 17:00:00
3821,SKU-03821,TechPro Cable USB Modelo 064,"Cable USB TechPro, modelo 064, producto para uso general.",263.69,99,1,2026-02-03 09:00:00,2026-02-06 18:00:00
3822,SKU-03822,TechPro Smartwatch Modelo 065,"Smartwatch TechPro, modelo 065, producto para uso general.",2125.17,116,1,2026-02-04 09:00:00,2026-02-08 19:00:00
3823,SKU-03823,TechPro Teclado mecánico Modelo 066,"Teclado mecánico TechPro, modelo 066, producto para uso general.",2326.53,133,1,2026-02-05 09:00:00,2026-02-10 20:00:00
3824,SKU-03824,TechPro Silla de oficina Modelo 067,"Silla de oficina TechPro, modelo 067, producto para uso general.",1827.91,150,1,2026-02-06 09:00:00,2026-02-12 09:00:00
3825,SKU-03825,TechPro Mochila Modelo 068,"Mochila TechPro, modelo 068, producto para uso general.",2179.27,167,1,2026-02-07 09:00:00,2026-02-14 10:00:00
3826,SKU-03826,TechPro Cámara Modelo 069,"Cámara TechPro, modelo 069, producto para uso general.",8730.66,184,1,2026-02-08 09:00:00,2026-02-16 11:00:00
3827,SKU-03827,TechPro Micrófono Modelo 070,"Micrófono TechPro, modelo 070, producto para uso general.",2032.02,0,0,2026-02-09 09:00:00,2026-02-18 12:00:00
3828,SKU-03828,Nova Laptop Modelo 071,"Laptop Nova, modelo 071, producto para uso general.",13733.40,17,1,2026-02-10 09:00:00,2026-02-20 13:00:00
3829,SKU-03829,Nova Mouse Modelo 072,"Mouse Nova, modelo 072, producto para uso general.",374.70,34,1,2026-02-11 09:00:00,2026-02-22 14:00:00
3830,SKU-03830,Nova Teclado Modelo 073,"Teclado Nova, modelo 073, producto para uso general.",1036.11,51,1,2026-02-12 09:00:00,2026-02-24 15:00:00
3831,SKU-03831,Nova Monitor Modelo 074,"Monitor Nova, modelo 074, producto para uso general.",7737.51,68,1,2026-02-13 09:00:00,2026-02-26 16:00:00
3832,SKU-03832,Nova Audífonos Modelo 075,"Audífonos Nova, modelo 075, producto para uso general.",1288.86,85,1,2026-02-14 09:00:00,2026-02-28 17:00:00
3833,SKU-03833,Nova Webcam Modelo 076,"Webcam Nova, modelo 076, producto para uso general.",640.22,102,1,2026-02-15 09:00:00,2026-03-02 18:00:00
3834,SKU-03834,Nova Memoria USB Modelo 077,"Memoria USB Nova, modelo 077, producto para uso general.",591.53,119,1,2026-02-16 09:00:00,2026-03-04 19:00:00
3835,SKU-03835,Nova Disco SSD Modelo 078,"Disco SSD Nova, modelo 078, producto para uso general.",2542.98,136,1,2026-02-17 09:00:00,2026-03-06 20:00:00
3836,SKU-03836,Nova Router Modelo 079,"Router Nova, modelo 079, producto para uso general.",2944.35,153,1,2026-02-18 09:00:00,2026-03-08 09:00:00
3837,SKU-03837,Nova Impresora Modelo 080,"Impresora Nova, modelo 080, producto para uso general.",7045.73,170,1,2026-02-19 09:00:00,2026-03-10 10:00:00
3838,SKU-03838,Nova Bocina Bluetooth Modelo 081,"Bocina Bluetooth Nova, modelo 081, producto para uso general.",997.08,187,1,2026-02-20 09:00:00,2026-03-12 11:00:00
3839,SKU-03839,Nova Tablet Modelo 082,"Tablet Nova, modelo 082, producto para uso general.",7748.47,3,1,2026-02-21 09:00:00,2026-03-14 12:00:00
3840,SKU-03840,Nova Cargador Modelo 083,"Cargador Nova, modelo 083, producto para uso general.",329.79,20,1,2026-02-22 09:00:00,2026-03-16 13:00:00
3841,SKU-03841,Nova Cable USB Modelo 084,"Cable USB Nova, modelo 084, producto para uso general.",291.09,37,1,2026-02-23 09:00:00,2026-03-18 14:00:00
3842,SKU-03842,Nova Smartwatch Modelo 085,"Smartwatch Nova, modelo 085, producto para uso general.",2152.57,54,1,2026-02-24 09:00:00,2026-03-20 15:00:00
3843,SKU-03843,Nova Teclado mecánico Modelo 086,"Teclado mecánico Nova, modelo 086, producto para uso general.",2353.93,71,1,2026-02-25 09:00:00,2026-03-22 16:00:00
3844,SKU-03844,Nova Silla de oficina Modelo 087,"Silla de oficina Nova, modelo 087, producto para uso general.",1855.31,88,1,2026-02-26 09:00:00,2026-03-24 17:00:00
3845,SKU-03845,Nova Mochila Modelo 088,"Mochila Nova, modelo 088, producto para uso general.",456.66,105,1,2026-02-27 09:00:00,2026-03-26 18:00:00
3846,SKU-03846,Nova Cámara Modelo 089,"Cámara Nova, modelo 089, producto para uso general.",8758.06,122,1,2026-02-28 09:00:00,2026-03-28 19:00:00
3847,SKU-03847,Nova Micrófono Modelo 090,"Micrófono Nova, modelo 090, producto para uso general.",2059.42,139,1,2026-03-01 09:00:00,2026-03-30 20:00:00
3848,SKU-03848,MaxiTech Laptop Modelo 091,"Laptop MaxiTech, modelo 091, producto para uso general.",13760.80,156,1,2026-03-02 09:00:00,2026-03-02 09:00:00
3849,SKU-03849,MaxiTech Mouse Modelo 092,"Mouse MaxiTech, modelo 092, producto para uso general.",402.10,173,1,2026-03-03 09:00:00,2026-03-04 10:00:00
3850,SKU-03850,MaxiTech Teclado Modelo 093,"Teclado MaxiTech, modelo 093, producto para uso general.",1063.51,190,1,2026-03-04 09:00:00,2026-03-06 11:00:00
3851,SKU-03851,MaxiTech Monitor Modelo 094,"Monitor MaxiTech, modelo 094, producto para uso general.",7764.91,6,1,2026-03-05 09:00:00,2026-03-08 12:00:00
3852,SKU-03852,MaxiTech Audífonos Modelo 095,"Audífonos MaxiTech, modelo 095, producto para uso general.",1316.26,23,1,2026-03-06 09:00:00,2026-03-10 13:00:00
3853,SKU-03853,MaxiTech Webcam Modelo 096,"Webcam MaxiTech, modelo 096, producto para uso general.",667.62,40,1,2026-03-07 09:00:00,2026-03-12 14:00:00
3854,SKU-03854,MaxiTech Memoria USB Modelo 097,"Memoria USB MaxiTech, modelo 097, producto para uso general.",618.93,57,1,2026-03-08 09:00:00,2026-03-14 15:00:00
3855,SKU-03855,MaxiTech Disco SSD Modelo 098,"Disco SSD MaxiTech, modelo 098, producto para uso general.",2570.38,74,1,2026-03-09 09:00:00,2026-03-16 16:00:00
3856,SKU-03856,MaxiTech Router Modelo 099,"Router MaxiTech, modelo 099, producto para uso general.",2971.75,91,1,2026-03-10 09:00:00,2026-03-18 17:00:00
3857,SKU-03857,MaxiTech Impresora Modelo 100,"Impresora MaxiTech, modelo 100, producto para uso general.",7073.13,108,1,2026-03-11 09:00:00,2026-03-20 18:00:00
3858,SKU-03858,MaxiTech Bocina Bluetooth Modelo 101,"Bocina Bluetooth MaxiTech, modelo 101, producto para uso general.",1024.48,125,1,2026-03-12 09:00:00,2026-03-22 19:00:00
3859,SKU-03859,MaxiTech Tablet Modelo 102,"Tablet MaxiTech, modelo 102, producto para uso general.",7775.87,142,1,2026-03-13 09:00:00,2026-03-24 20:00:00
3860,SKU-03860,MaxiTech Cargador Modelo 103,"Cargador MaxiTech, modelo 103, producto para uso general.",357.19,159,1,2026-03-14 09:00:00,2026-03-26 09:00:00
3861,SKU-03861,MaxiTech Cable USB Modelo 104,"Cable USB MaxiTech, modelo 104, producto para uso general.",318.49,176,1,2026-03-15 09:00:00,2026-03-28 10:00:00
3862,SKU-03862,MaxiTech Smartwatch Modelo 105,"Smartwatch MaxiTech, modelo 105, producto para uso general.",2179.97,193,1,2026-03-16 09:00:00,2026-03-30 11:00:00
3863,SKU-03863,MaxiTech Teclado mecánico Modelo 106,"Teclado mecánico MaxiTech, modelo 106, producto para uso general.",2381.33,9,1,2026-03-17 09:00:00,2026-04-01 12:00:00
3864,SKU-03864,MaxiTech Silla de oficina Modelo 107,"Silla de oficina MaxiTech, modelo 107, producto para uso general.",1882.71,26,1,2026-03-18 09:00:00,2026-04-03 13:00:00
3865,SKU-03865,MaxiTech Mochila Modelo 108,"Mochila MaxiTech, modelo 108, producto para uso general.",484.06,43,1,2026-03-19 09:00:00,2026-04-05 14:00:00
3866,SKU-03866,MaxiTech Cámara Modelo 109,"Cámara MaxiTech, modelo 109, producto para uso general.",8785.46,60,1,2026-03-20 09:00:00,2026-04-07 15:00:00
3867,SKU-03867,MaxiTech Micrófono Modelo 110,"Micrófono MaxiTech, modelo 110, producto para uso general.",2086.82,77,1,2026-03-21 09:00:00,2026-04-09 16:00:00
3868,SKU-03868,DigitalX Laptop Modelo 111,"Laptop DigitalX, modelo 111, producto para uso general.",13788.20,94,1,2026-03-22 09:00:00,2026-04-11 17:00:00
3869,SKU-03869,DigitalX Mouse Modelo 112,"Mouse DigitalX, modelo 112, producto para uso general.",429.50,111,1,2026-03-23 09:00:00,2026-04-13 18:00:00
3870,SKU-03870,DigitalX Teclado Modelo 113,"Teclado DigitalX, modelo 113, producto para uso general.",1090.91,128,1,2026-03-24 09:00:00,2026-04-15 19:00:00
3871,SKU-03871,DigitalX Monitor Modelo 114,"Monitor DigitalX, modelo 114, producto para uso general.",7792.31,145,1,2026-03-25 09:00:00,2026-04-17 20:00:00
3872,SKU-03872,DigitalX Audífonos Modelo 115,"Audífonos DigitalX, modelo 115, producto para uso general.",1343.66,162,1,2026-03-26 09:00:00,2026-04-19 09:00:00
3873,SKU-03873,DigitalX Webcam Modelo 116,"Webcam DigitalX, modelo 116, producto para uso general.",695.02,179,1,2026-03-27 09:00:00,2026-04-21 10:00:00
3874,SKU-03874,DigitalX Memoria USB Modelo 117,"Memoria USB DigitalX, modelo 117, producto para uso general.",646.33,196,1,2026-03-28 09:00:00,2026-04-23 11:00:00
3875,SKU-03875,DigitalX Disco SSD Modelo 118,"Disco SSD DigitalX, modelo 118, producto para uso general.",2597.78,12,1,2026-03-29 09:00:00,2026-04-25 12:00:00
3876,SKU-03876,DigitalX Router Modelo 119,"Router DigitalX, modelo 119, producto para uso general.",2999.15,29,1,2026-03-30 09:00:00,2026-04-27 13:00:00
3877,SKU-03877,DigitalX Impresora Modelo 120,"Impresora DigitalX, modelo 120, producto para uso general.",7100.53,46,1,2026-03-31 09:00:00,2026-04-29 14:00:00
3878,SKU-03878,DigitalX Bocina Bluetooth Modelo 121,"Bocina Bluetooth DigitalX, modelo 121, producto para uso general.",1051.88,63,1,2026-04-01 09:00:00,2026-04-01 15:00:00
3879,SKU-03879,DigitalX Tablet Modelo 122,"Tablet DigitalX, modelo 122, producto para uso general.",7803.27,80,1,2026-04-02 09:00:00,2026-04-03 16:00:00
3880,SKU-03880,DigitalX Cargador Modelo 123,"Cargador DigitalX, modelo 123, producto para uso general.",384.59,97,1,2026-04-03 09:00:00,2026-04-05 17:00:00
3881,SKU-03881,DigitalX Cable USB Modelo 124,"Cable USB DigitalX, modelo 124, producto para uso general.",345.89,114,1,2026-04-04 09:00:00,2026-04-07 18:00:00
3882,SKU-03882,DigitalX Smartwatch Modelo 125,"Smartwatch DigitalX, modelo 125, producto para uso general.",2207.37,131,1,2026-04-05 09:00:00,2026-04-09 19:00:00
3883,SKU-03883,DigitalX Teclado mecánico Modelo 126,"Teclado mecánico DigitalX, modelo 126, producto para uso general.",2408.73,148,1,2026-04-06 09:00:00,2026-04-11 20:00:00
3884,SKU-03884,DigitalX Silla de oficina Modelo 127,"Silla de oficina DigitalX, modelo 127, producto para uso general.",1910.11,165,1,2026-04-07 09:00:00,2026-04-13 09:00:00
3885,SKU-03885,DigitalX Mochila Modelo 128,"Mochila DigitalX, modelo 128, producto para uso general.",511.46,182,1,2026-04-08 09:00:00,2026-04-15 10:00:00
3886,SKU-03886,DigitalX Cámara Modelo 129,"Cámara DigitalX, modelo 129, producto para uso general.",8812.86,199,1,2026-04-09 09:00:00,2026-04-17 11:00:00
3887,SKU-03887,DigitalX Micrófono Modelo 130,"Micrófono DigitalX, modelo 130, producto para uso general.",2114.22,15,1,2026-04-10 09:00:00,2026-04-19 12:00:00
3888,SKU-03888,SmartOne Laptop Modelo 131,"Laptop SmartOne, modelo 131, producto para uso general.",13815.60,32,1,2026-04-11 09:00:00,2026-04-21 13:00:00
3889,SKU-03889,SmartOne Mouse Modelo 132,"Mouse SmartOne, modelo 132, producto para uso general.",456.90,49,1,2026-04-12 09:00:00,2026-04-23 14:00:00
3890,SKU-03890,SmartOne Teclado Modelo 133,"Teclado SmartOne, modelo 133, producto para uso general.",1118.31,66,1,2026-04-13 09:00:00,2026-04-25 15:00:00
3891,SKU-03891,SmartOne Monitor Modelo 134,"Monitor SmartOne, modelo 134, producto para uso general.",7819.71,83,1,2026-04-14 09:00:00,2026-04-27 16:00:00
3892,SKU-03892,SmartOne Audífonos Modelo 135,"Audífonos SmartOne, modelo 135, producto para uso general.",1371.06,100,1,2026-04-15 09:00:00,2026-04-29 17:00:00
3893,SKU-03893,SmartOne Webcam Modelo 136,"Webcam SmartOne, modelo 136, producto para uso general.",722.42,117,1,2026-04-16 09:00:00,2026-05-01 18:00:00
3894,SKU-03894,SmartOne Memoria USB Modelo 137,"Memoria USB SmartOne, modelo 137, producto para uso general.",143.72,134,1,2026-04-17 09:00:00,2026-05-03 19:00:00
3895,SKU-03895,SmartOne Disco SSD Modelo 138,"Disco SSD SmartOne, modelo 138, producto para uso general.",2625.18,151,1,2026-04-18 09:00:00,2026-05-05 20:00:00
3896,SKU-03896,SmartOne Router Modelo 139,"Router SmartOne, modelo 139, producto para uso general.",3026.55,168,1,2026-04-19 09:00:00,2026-05-07 09:00:00
3897,SKU-03897,SmartOne Impresora Modelo 140,"Impresora SmartOne, modelo 140, producto para uso general.",7127.93,185,1,2026-04-20 09:00:00,2026-05-09 10:00:00
3898,SKU-03898,SmartOne Bocina Bluetooth Modelo 141,"Bocina Bluetooth SmartOne, modelo 141, producto para uso general.",1079.28,1,1,2026-04-21 09:00:00,2026-05-11 11:00:00
3899,SKU-03899,SmartOne Tablet Modelo 142,"Tablet SmartOne, modelo 142, producto para uso general.",7830.67,18,1,2026-04-22 09:00:00,2026-05-13 12:00:00
3900,SKU-03900,SmartOne Cargador Modelo 143,"Cargador SmartOne, modelo 143, producto para uso general.",411.99,35,1,2026-04-23 09:00:00,2026-05-15 13:00:00
3901,SKU-03901,SmartOne Cable USB Modelo 144,"Cable USB SmartOne, modelo 144, producto para uso general.",373.29,52,1,2026-04-24 09:00:00,2026-05-17 14:00:00
3902,SKU-03902,SmartOne Smartwatch Modelo 145,"Smartwatch SmartOne, modelo 145, producto para uso general.",2234.77,69,1,2026-04-25 09:00:00,2026-05-19 15:00:00
3903,SKU-03903,SmartOne Teclado mecánico Modelo 146,"Teclado mecánico SmartOne, modelo 146, producto para uso general.",2436.13,86,1,2026-04-26 09:00:00,2026-05-21 16:00:00
3904,SKU-03904,SmartOne Silla de oficina Modelo 147,"Silla de oficina SmartOne, modelo 147, producto para uso general.",1937.51,103,1,2026-04-27 09:00:00,2026-05-23 17:00:00
3905,SKU-03905,SmartOne Mochila Modelo 148,"Mochila SmartOne, modelo 148, producto para uso general.",538.86,120,1,2026-04-28 09:00:00,2026-05-25 18:00:00
3906,SKU-03906,SmartOne Cámara Modelo 149,"Cámara SmartOne, modelo 149, producto para uso general.",8840.26,137,1,2026-04-29 09:00:00,2026-05-27 19:00:00
3907,SKU-03907,SmartOne Micrófono Modelo 150,"Micrófono SmartOne, modelo 150, producto para uso general.",2141.62,154,1,2026-04-30 09:00:00,2026-05-29 20:00:00
3908,SKU-03908,ProLine Laptop Modelo 151,"Laptop ProLine, modelo 151, producto para uso general.",13843.00,171,1,2026-05-01 09:00:00,2026-05-01 09:00:00
3909,SKU-03909,ProLine Mouse Modelo 152,"Mouse ProLine, modelo 152, producto para uso general.",484.30,188,1,2026-05-02 09:00:00,2026-05-03 10:00:00
3910,SKU-03910,ProLine Teclado Modelo 153,"Teclado ProLine, modelo 153, producto para uso general.",1145.71,4,1,2026-05-03 09:00:00,2026-05-05 11:00:00
3911,SKU-03911,ProLine Monitor Modelo 154,"Monitor ProLine, modelo 154, producto para uso general.",7847.11,21,1,2026-05-04 09:00:00,2026-05-07 12:00:00
3912,SKU-03912,ProLine Audífonos Modelo 155,"Audífonos ProLine, modelo 155, producto para uso general.",1398.46,38,1,2026-05-05 09:00:00,2026-05-09 13:00:00
3913,SKU-03913,ProLine Webcam Modelo 156,"Webcam ProLine, modelo 156, producto para uso general.",749.82,55,1,2026-05-06 09:00:00,2026-05-11 14:00:00
3914,SKU-03914,ProLine Memoria USB Modelo 157,"Memoria USB ProLine, modelo 157, producto para uso general.",171.12,72,1,2026-05-07 09:00:00,2026-05-13 15:00:00
3915,SKU-03915,ProLine Disco SSD Modelo 158,"Disco SSD ProLine, modelo 158, producto para uso general.",2652.58,89,1,2026-05-08 09:00:00,2026-05-15 16:00:00
3916,SKU-03916,ProLine Router Modelo 159,"Router ProLine, modelo 159, producto para uso general.",3053.95,106,1,2026-05-09 09:00:00,2026-05-17 17:00:00
3917,SKU-03917,ProLine Impresora Modelo 160,"Impresora ProLine, modelo 160, producto para uso general.",7155.33,123,1,2026-05-10 09:00:00,2026-05-19 18:00:00
3918,SKU-03918,ProLine Bocina Bluetooth Modelo 161,"Bocina Bluetooth ProLine, modelo 161, producto para uso general.",1106.68,140,1,2026-05-11 09:00:00,2026-05-21 19:00:00
3919,SKU-03919,ProLine Tablet Modelo 162,"Tablet ProLine, modelo 162, producto para uso general.",7858.07,157,1,2026-05-12 09:00:00,2026-05-23 20:00:00
3920,SKU-03920,ProLine Cargador Modelo 163,"Cargador ProLine, modelo 163, producto para uso general.",439.39,174,1,2026-05-13 09:00:00,2026-05-25 09:00:00
3921,SKU-03921,ProLine Cable USB Modelo 164,"Cable USB ProLine, modelo 164, producto para uso general.",400.69,191,1,2026-05-14 09:00:00,2026-05-27 10:00:00
3922,SKU-03922,ProLine Smartwatch Modelo 165,"Smartwatch ProLine, modelo 165, producto para uso general.",2262.17,7,1,2026-05-15 09:00:00,2026-05-29 11:00:00
3923,SKU-03923,ProLine Teclado mecánico Modelo 166,"Teclado mecánico ProLine, modelo 166, producto para uso general.",2463.53,24,1,2026-05-16 09:00:00,2026-05-31 12:00:00
3924,SKU-03924,ProLine Silla de oficina Modelo 167,"Silla de oficina ProLine, modelo 167, producto para uso general.",1964.91,41,1,2026-05-17 09:00:00,2026-06-02 13:00:00
3925,SKU-03925,ProLine Mochila Modelo 168,"Mochila ProLine, modelo 168, producto para uso general.",566.26,58,1,2026-05-18 09:00:00,2026-06-04 14:00:00
3926,SKU-03926,ProLine Cámara Modelo 169,"Cámara ProLine, modelo 169, producto para uso general.",8867.66,75,1,2026-05-19 09:00:00,2026-06-06 15:00:00
3927,SKU-03927,ProLine Micrófono Modelo 170,"Micrófono ProLine, modelo 170, producto para uso general.",2169.02,92,1,2026-05-20 09:00:00,2026-06-08 16:00:00
3928,SKU-03928,Ultra Laptop Modelo 171,"Laptop Ultra, modelo 171, producto para uso general.",13870.40,109,1,2026-05-21 09:00:00,2026-06-10 17:00:00
3929,SKU-03929,Ultra Mouse Modelo 172,"Mouse Ultra, modelo 172, producto para uso general.",511.70,126,1,2026-05-22 09:00:00,2026-06-12 18:00:00
3930,SKU-03930,Ultra Teclado Modelo 173,"Teclado Ultra, modelo 173, producto para uso general.",1173.11,143,1,2026-05-23 09:00:00,2026-06-14 19:00:00
3931,SKU-03931,Ultra Monitor Modelo 174,"Monitor Ultra, modelo 174, producto para uso general.",7874.51,160,1,2026-05-24 09:00:00,2026-06-16 20:00:00
3932,SKU-03932,Ultra Audífonos Modelo 175,"Audífonos Ultra, modelo 175, producto para uso general.",1425.86,177,1,2026-05-25 09:00:00,2026-06-18 09:00:00
3933,SKU-03933,Ultra Webcam Modelo 176,"Webcam Ultra, modelo 176, producto para uso general.",777.22,194,1,2026-05-26 09:00:00,2026-06-20 10:00:00
3934,SKU-03934,Ultra Memoria USB Modelo 177,"Memoria USB Ultra, modelo 177, producto para uso general.",198.52,10,1,2026-05-27 09:00:00,2026-06-22 11:00:00
3935,SKU-03935,Ultra Disco SSD Modelo 178,"Disco SSD Ultra, modelo 178, producto para uso general.",2679.98,27,1,2026-05-28 09:00:00,2026-06-24 12:00:00
3936,SKU-03936,Ultra Router Modelo 179,"Router Ultra, modelo 179, producto para uso general.",3081.35,44,1,2026-05-29 09:00:00,2026-06-26 13:00:00
3937,SKU-03937,Ultra Impresora Modelo 180,"Impresora Ultra, modelo 180, producto para uso general.",7182.73,61,1,2026-05-30 09:00:00,2026-06-28 14:00:00
3938,SKU-03938,Ultra Bocina Bluetooth Modelo 181,"Bocina Bluetooth Ultra, modelo 181, producto para uso general.",1134.08,78,1,2026-05-31 09:00:00,2026-05-31 15:00:00
3939,SKU-03939,Ultra Tablet Modelo 182,"Tablet Ultra, modelo 182, producto para uso general.",7885.47,95,1,2026-06-01 09:00:00,2026-06-02 16:00:00
3940,SKU-03940,Ultra Cargador Modelo 183,"Cargador Ultra, modelo 183, producto para uso general.",466.79,112,1,2026-06-02 09:00:00,2026-06-04 17:00:00
3941,SKU-03941,Ultra Cable USB Modelo 184,"Cable USB Ultra, modelo 184, producto para uso general.",428.09,129,1,2026-06-03 09:00:00,2026-06-06 18:00:00
3942,SKU-03942,Ultra Smartwatch Modelo 185,"Smartwatch Ultra, modelo 185, producto para uso general.",2289.57,146,1,2026-06-04 09:00:00,2026-06-08 19:00:00
3943,SKU-03943,Ultra Teclado mecánico Modelo 186,"Teclado mecánico Ultra, modelo 186, producto para uso general.",2490.93,163,1,2026-06-05 09:00:00,2026-06-10 20:00:00
3944,SKU-03944,Ultra Silla de oficina Modelo 187,"Silla de oficina Ultra, modelo 187, producto para uso general.",1992.31,180,1,2026-06-06 09:00:00,2026-06-12 09:00:00
3945,SKU-03945,Ultra Mochila Modelo 188,"Mochila Ultra, modelo 188, producto para uso general.",593.66,197,1,2026-06-07 09:00:00,2026-06-14 10:00:00
3946,SKU-03946,Ultra Cámara Modelo 189,"Cámara Ultra, modelo 189, producto para uso general.",8895.06,13,1,2026-06-08 09:00:00,2026-06-16 11:00:00
3947,SKU-03947,Ultra Micrófono Modelo 190,"Micrófono Ultra, modelo 190, producto para uso general.",2196.42,30,1,2026-06-09 09:00:00,2026-06-18 12:00:00
3948,SKU-03948,Vision Laptop Modelo 191,"Laptop Vision, modelo 191, producto para uso general.",13897.80,47,1,2026-06-10 09:00:00,2026-06-20 13:00:00
3949,SKU-03949,Vision Mouse Modelo 192,"Mouse Vision, modelo 192, producto para uso general.",539.10,64,1,2026-06-11 09:00:00,2026-06-22 14:00:00
3950,SKU-03950,Vision Teclado Modelo 193,"Teclado Vision, modelo 193, producto para uso general.",1200.51,81,1,2026-06-12 09:00:00,2026-06-24 15:00:00
3951,SKU-03951,Vision Monitor Modelo 194,"Monitor Vision, modelo 194, producto para uso general.",7901.91,98,1,2026-06-13 09:00:00,2026-06-26 16:00:00
3952,SKU-03952,Vision Audífonos Modelo 195,"Audífonos Vision, modelo 195, producto para uso general.",1453.26,115,1,2026-06-14 09:00:00,2026-06-28 17:00:00
3953,SKU-03953,Vision Webcam Modelo 196,"Webcam Vision, modelo 196, producto para uso general.",804.62,132,1,2026-06-15 09:00:00,2026-06-30 18:00:00
3954,SKU-03954,Vision Memoria USB Modelo 197,"Memoria USB Vision, modelo 197, producto para uso general.",225.92,149,1,2026-06-16 09:00:00,2026-07-02 19:00:00
3955,SKU-03955,Vision Disco SSD Modelo 198,"Disco SSD Vision, modelo 198, producto para uso general.",2707.38,166,1,2026-06-17 09:00:00,2026-07-04 20:00:00
3956,SKU-03956,Vision Router Modelo 199,"Router Vision, modelo 199, producto para uso general.",3108.75,183,1,2026-06-18 09:00:00,2026-07-06 09:00:00
3957,SKU-03957,Vision Impresora Modelo 200,"Impresora Vision, modelo 200, producto para uso general.",7210.13,200,1,2026-06-19 09:00:00,2026-07-08 10:00:00
3958,SKU-03958,Vision Bocina Bluetooth Modelo 201,"Bocina Bluetooth Vision, modelo 201, producto para uso general.",1161.48,16,1,2026-06-20 09:00:00,2026-07-10 11:00:00
3959,SKU-03959,Vision Tablet Modelo 202,"Tablet Vision, modelo 202, producto para uso general.",7912.87,33,1,2026-06-21 09:00:00,2026-07-12 12:00:00
3960,SKU-03960,Vision Cargador Modelo 203,"Cargador Vision, modelo 203, producto para uso general.",494.19,50,1,2026-06-22 09:00:00,2026-07-14 13:00:00
3961,SKU-03961,Vision Cable USB Modelo 204,"Cable USB Vision, modelo 204, producto para uso general.",455.49,67,1,2026-06-23 09:00:00,2026-07-16 14:00:00
3962,SKU-03962,Vision Smartwatch Modelo 205,"Smartwatch Vision, modelo 205, producto para uso general.",2316.97,84,1,2026-06-24 09:00:00,2026-07-18 15:00:00
3963,SKU-03963,Vision Teclado mecánico Modelo 206,"Teclado mecánico Vision, modelo 206, producto para uso general.",718.32,101,1,2026-06-25 09:00:00,2026-07-20 16:00:00
3964,SKU-03964,Vision Silla de oficina Modelo 207,"Silla de oficina Vision, modelo 207, producto para uso general.",2019.71,118,1,2026-06-26 09:00:00,2026-07-22 17:00:00
3965,SKU-03965,Vision Mochila Modelo 208,"Mochila Vision, modelo 208, producto para uso general.",621.06,135,1,2026-06-27 09:00:00,2026-07-24 18:00:00
3966,SKU-03966,Vision Cámara Modelo 209,"Cámara Vision, modelo 209, producto para uso general.",8922.46,152,1,2026-06-28 09:00:00,2026-07-26 19:00:00
3967,SKU-03967,Vision Micrófono Modelo 210,"Micrófono Vision, modelo 210, producto para uso general.",2223.82,169,1,2026-06-29 09:00:00,2026-07-28 20:00:00
3968,SKU-03968,Connect Laptop Modelo 211,"Laptop Connect, modelo 211, producto para uso general.",13925.20,186,1,2026-06-30 09:00:00,2026-06-30 09:00:00
3969,SKU-03969,Connect Mouse Modelo 212,"Mouse Connect, modelo 212, producto para uso general.",566.50,2,1,2026-07-01 09:00:00,2026-07-02 10:00:00
3970,SKU-03970,Connect Teclado Modelo 213,"Teclado Connect, modelo 213, producto para uso general.",1227.91,19,1,2026-07-02 09:00:00,2026-07-04 11:00:00
3971,SKU-03971,Connect Monitor Modelo 214,"Monitor Connect, modelo 214, producto para uso general.",7929.31,36,1,2026-07-03 09:00:00,2026-07-06 12:00:00
3972,SKU-03972,Connect Audífonos Modelo 215,"Audífonos Connect, modelo 215, producto para uso general.",1480.66,53,1,2026-07-04 09:00:00,2026-07-08 13:00:00
3973,SKU-03973,Connect Webcam Modelo 216,"Webcam Connect, modelo 216, producto para uso general.",832.02,70,1,2026-07-05 09:00:00,2026-07-10 14:00:00
3974,SKU-03974,Connect Memoria USB Modelo 217,"Memoria USB Connect, modelo 217, producto para uso general.",253.32,87,1,2026-07-06 09:00:00,2026-07-12 15:00:00
3975,SKU-03975,Connect Disco SSD Modelo 218,"Disco SSD Connect, modelo 218, producto para uso general.",2734.78,104,1,2026-07-07 09:00:00,2026-07-14 16:00:00
3976,SKU-03976,Connect Router Modelo 219,"Router Connect, modelo 219, producto para uso general.",3136.15,121,1,2026-07-08 09:00:00,2026-07-16 17:00:00
3977,SKU-03977,Connect Impresora Modelo 220,"Impresora Connect, modelo 220, producto para uso general.",7237.53,138,1,2026-07-09 09:00:00,2026-07-18 18:00:00
3978,SKU-03978,Connect Bocina Bluetooth Modelo 221,"Bocina Bluetooth Connect, modelo 221, producto para uso general.",1188.88,155,1,2026-07-10 09:00:00,2026-07-20 19:00:00
3979,SKU-03979,Connect Tablet Modelo 222,"Tablet Connect, modelo 222, producto para uso general.",7940.27,172,1,2026-07-11 09:00:00,2026-07-22 20:00:00
3980,SKU-03980,Connect Cargador Modelo 223,"Cargador Connect, modelo 223, producto para uso general.",521.59,189,1,2026-07-12 09:00:00,2026-07-24 09:00:00
3981,SKU-03981,Connect Cable USB Modelo 224,"Cable USB Connect, modelo 224, producto para uso general.",482.89,5,1,2026-07-13 09:00:00,2026-07-26 10:00:00
3982,SKU-03982,Connect Smartwatch Modelo 225,"Smartwatch Connect, modelo 225, producto para uso general.",2344.37,22,1,2026-07-14 09:00:00,2026-07-28 11:00:00
3983,SKU-03983,Connect Teclado mecánico Modelo 226,"Teclado mecánico Connect, modelo 226, producto para uso general.",745.72,39,1,2026-07-15 09:00:00,2026-07-30 12:00:00
3984,SKU-03984,Connect Silla de oficina Modelo 227,"Silla de oficina Connect, modelo 227, producto para uso general.",2047.11,56,1,2026-07-16 09:00:00,2026-08-01 13:00:00
3985,SKU-03985,Connect Mochila Modelo 228,"Mochila Connect, modelo 228, producto para uso general.",648.46,73,1,2026-07-17 09:00:00,2026-08-03 14:00:00
3986,SKU-03986,Connect Cámara Modelo 229,"Cámara Connect, modelo 229, producto para uso general.",8949.86,90,1,2026-07-18 09:00:00,2026-08-05 15:00:00
3987,SKU-03987,Connect Micrófono Modelo 230,"Micrófono Connect, modelo 230, producto para uso general.",2251.22,107,1,2026-07-19 09:00:00,2026-08-07 16:00:00
3988,SKU-03988,Advance Laptop Modelo 231,"Laptop Advance, modelo 231, producto para uso general.",13952.60,124,1,2026-07-20 09:00:00,2026-08-09 17:00:00
3989,SKU-03989,Advance Mouse Modelo 232,"Mouse Advance, modelo 232, producto para uso general.",593.90,141,1,2026-07-21 09:00:00,2026-08-11 18:00:00
3990,SKU-03990,Advance Teclado Modelo 233,"Teclado Advance, modelo 233, producto para uso general.",1255.31,158,1,2026-07-22 09:00:00,2026-08-13 19:00:00
3991,SKU-03991,Advance Monitor Modelo 234,"Monitor Advance, modelo 234, producto para uso general.",7956.71,175,1,2026-07-23 09:00:00,2026-08-15 20:00:00
3992,SKU-03992,Advance Audífonos Modelo 235,"Audífonos Advance, modelo 235, producto para uso general.",1508.06,192,1,2026-07-24 09:00:00,2026-08-17 09:00:00
3993,SKU-03993,Advance Webcam Modelo 236,"Webcam Advance, modelo 236, producto para uso general.",859.42,8,1,2026-07-25 09:00:00,2026-08-19 10:00:00
3994,SKU-03994,Advance Memoria USB Modelo 237,"Memoria USB Advance, modelo 237, producto para uso general.",280.72,25,1,2026-07-26 09:00:00,2026-08-21 11:00:00
3995,SKU-03995,Advance Disco SSD Modelo 238,"Disco SSD Advance, modelo 238, producto para uso general.",2762.18,42,1,2026-07-27 09:00:00,2026-08-23 12:00:00
3996,SKU-03996,Advance Router Modelo 239,"Router Advance, modelo 239, producto para uso general.",3163.55,59,1,2026-07-28 09:00:00,2026-08-25 13:00:00
3997,SKU-03997,Advance Impresora Modelo 240,"Impresora Advance, modelo 240, producto para uso general.",7264.93,76,1,2026-07-29 09:00:00,2026-08-27 14:00:00
3998,SKU-03998,Advance Bocina Bluetooth Modelo 241,"Bocina Bluetooth Advance, modelo 241, producto para uso general.",1216.28,93,1,2026-07-30 09:00:00,2026-07-30 15:00:00
3999,SKU-03999,Advance Tablet Modelo 242,"Tablet Advance, modelo 242, producto para uso general.",7967.67,110,1,2026-07-31 09:00:00,2026-08-01 16:00:00
4000,SKU-04000,Advance Cargador Modelo 243,"Cargador Advance, modelo 243, producto para uso general.",548.99,127,1,2026-08-01 09:00:00,2026-08-03 17:00:00
4001,SKU-04001,Advance Cable USB Modelo 244,"Cable USB Advance, modelo 244, producto para uso general.",90.28,144,1,2026-08-02 09:00:00,2026-08-05 18:00:00
4002,SKU-04002,Advance Smartwatch Modelo 245,"Smartwatch Advance, modelo 245, producto para uso general.",2371.77,161,1,2026-08-03 09:00:00,2026-08-07 19:00:00
4003,SKU-04003,Advance Teclado mecánico Modelo 246,"Teclado mecánico Advance, modelo 246, producto para uso general.",773.12,178,1,2026-08-04 09:00:00,2026-08-09 20:00:00
4004,SKU-04004,Advance Silla de oficina Modelo 247,"Silla de oficina Advance, modelo 247, producto para uso general.",2074.51,195,1,2026-08-05 09:00:00,2026-08-11 09:00:00
4005,SKU-04005,Advance Mochila Modelo 248,"Mochila Advance, modelo 248, producto para uso general.",675.86,11,1,2026-08-06 09:00:00,2026-08-13 10:00:00
4006,SKU-04006,Advance Cámara Modelo 249,"Cámara Advance, modelo 249, producto para uso general.",8977.26,28,1,2026-08-07 09:00:00,2026-08-15 11:00:00
4007,SKU-04007,Advance Micrófono Modelo 250,"Micrófono Advance, modelo 250, producto para uso general.",2278.62,45,1,2026-08-08 09:00:00,2026-08-17 12:00:00
4008,SKU-04008,TechPro Laptop Modelo 001,"Laptop TechPro, modelo 001, producto para uso general.",13980.00,62,1,2026-08-09 09:00:00,2026-08-19 13:00:00
4009,SKU-04009,TechPro Mouse Modelo 002,"Mouse TechPro, modelo 002, producto para uso general.",621.30,79,1,2026-08-10 09:00:00,2026-08-21 14:00:00
4010,SKU-04010,TechPro Teclado Modelo 003,"Teclado TechPro, modelo 003, producto para uso general.",1282.71,96,1,2026-08-11 09:00:00,2026-08-23 15:00:00
4011,SKU-04011,TechPro Monitor Modelo 004,"Monitor TechPro, modelo 004, producto para uso general.",7984.11,113,1,2026-08-12 09:00:00,2026-08-25 16:00:00
4012,SKU-04012,TechPro Audífonos Modelo 005,"Audífonos TechPro, modelo 005, producto para uso general.",1535.46,130,1,2026-08-13 09:00:00,2026-08-27 17:00:00
4013,SKU-04013,TechPro Webcam Modelo 006,"Webcam TechPro, modelo 006, producto para uso general.",886.82,147,1,2026-08-14 09:00:00,2026-08-29 18:00:00
4014,SKU-04014,TechPro Memoria USB Modelo 007,"Memoria USB TechPro, modelo 007, producto para uso general.",308.12,164,1,2026-08-15 09:00:00,2026-08-31 19:00:00
4015,SKU-04015,TechPro Disco SSD Modelo 008,"Disco SSD TechPro, modelo 008, producto para uso general.",2789.58,181,1,2026-08-16 09:00:00,2026-09-02 20:00:00
4016,SKU-04016,TechPro Router Modelo 009,"Router TechPro, modelo 009, producto para uso general.",3190.95,198,1,2026-08-17 09:00:00,2026-09-04 09:00:00
4017,SKU-04017,TechPro Impresora Modelo 010,"Impresora TechPro, modelo 010, producto para uso general.",7292.33,14,1,2026-08-18 09:00:00,2026-09-06 10:00:00
4018,SKU-04018,TechPro Bocina Bluetooth Modelo 011,"Bocina Bluetooth TechPro, modelo 011, producto para uso general.",1243.68,31,1,2026-08-19 09:00:00,2026-09-08 11:00:00
4019,SKU-04019,TechPro Tablet Modelo 012,"Tablet TechPro, modelo 012, producto para uso general.",7995.07,48,1,2026-08-20 09:00:00,2026-09-10 12:00:00
4020,SKU-04020,TechPro Cargador Modelo 013,"Cargador TechPro, modelo 013, producto para uso general.",576.39,65,1,2026-08-21 09:00:00,2026-09-12 13:00:00
4021,SKU-04021,TechPro Cable USB Modelo 014,"Cable USB TechPro, modelo 014, producto para uso general.",117.68,82,1,2026-08-22 09:00:00,2026-09-14 14:00:00
4022,SKU-04022,TechPro Smartwatch Modelo 015,"Smartwatch TechPro, modelo 015, producto para uso general.",2399.17,99,1,2026-08-23 09:00:00,2026-09-16 15:00:00
4023,SKU-04023,TechPro Teclado mecánico Modelo 016,"Teclado mecánico TechPro, modelo 016, producto para uso general.",800.52,116,1,2026-08-24 09:00:00,2026-09-18 16:00:00
4024,SKU-04024,TechPro Silla de oficina Modelo 017,"Silla de oficina TechPro, modelo 017, producto para uso general.",2101.91,133,1,2026-08-25 09:00:00,2026-09-20 17:00:00
4025,SKU-04025,TechPro Mochila Modelo 018,"Mochila TechPro, modelo 018, producto para uso general.",703.26,150,1,2026-08-26 09:00:00,2026-09-22 18:00:00
4026,SKU-04026,TechPro Cámara Modelo 019,"Cámara TechPro, modelo 019, producto para uso general.",9004.66,167,1,2026-08-27 09:00:00,2026-09-24 19:00:00
4027,SKU-04027,TechPro Micrófono Modelo 020,"Micrófono TechPro, modelo 020, producto para uso general.",2306.02,184,1,2026-08-28 09:00:00,2026-09-26 20:00:00
4028,SKU-04028,Nova Laptop Modelo 021,"Laptop Nova, modelo 021, producto para uso general.",14007.40,0,0,2026-08-29 09:00:00,2026-08-29 09:00:00
4029,SKU-04029,Nova Mouse Modelo 022,"Mouse Nova, modelo 022, producto para uso general.",648.70,17,1,2026-08-30 09:00:00,2026-08-31 10:00:00
4030,SKU-04030,Nova Teclado Modelo 023,"Teclado Nova, modelo 023, producto para uso general.",1310.11,34,1,2026-08-31 09:00:00,2026-09-02 11:00:00
4031,SKU-04031,Nova Monitor Modelo 024,"Monitor Nova, modelo 024, producto para uso general.",8011.51,51,1,2026-09-01 09:00:00,2026-09-04 12:00:00
4032,SKU-04032,Nova Audífonos Modelo 025,"Audífonos Nova, modelo 025, producto para uso general.",1562.86,68,1,2026-09-02 09:00:00,2026-09-06 13:00:00
4033,SKU-04033,Nova Webcam Modelo 026,"Webcam Nova, modelo 026, producto para uso general.",914.22,85,1,2026-09-03 09:00:00,2026-09-08 14:00:00
4034,SKU-04034,Nova Memoria USB Modelo 027,"Memoria USB Nova, modelo 027, producto para uso general.",335.52,102,1,2026-09-04 09:00:00,2026-09-10 15:00:00
4035,SKU-04035,Nova Disco SSD Modelo 028,"Disco SSD Nova, modelo 028, producto para uso general.",2816.98,119,1,2026-09-05 09:00:00,2026-09-12 16:00:00
4036,SKU-04036,Nova Router Modelo 029,"Router Nova, modelo 029, producto para uso general.",3218.35,136,1,2026-09-06 09:00:00,2026-09-14 17:00:00
4037,SKU-04037,Nova Impresora Modelo 030,"Impresora Nova, modelo 030, producto para uso general.",7319.73,153,1,2026-09-07 09:00:00,2026-09-16 18:00:00
4038,SKU-04038,Nova Bocina Bluetooth Modelo 031,"Bocina Bluetooth Nova, modelo 031, producto para uso general.",1271.08,170,1,2026-09-08 09:00:00,2026-09-18 19:00:00
4039,SKU-04039,Nova Tablet Modelo 032,"Tablet Nova, modelo 032, producto para uso general.",8022.47,187,1,2026-09-09 09:00:00,2026-09-20 20:00:00
4040,SKU-04040,Nova Cargador Modelo 033,"Cargador Nova, modelo 033, producto para uso general.",603.79,3,1,2026-09-10 09:00:00,2026-09-22 09:00:00
4041,SKU-04041,Nova Cable USB Modelo 034,"Cable USB Nova, modelo 034, producto para uso general.",145.08,20,1,2026-09-11 09:00:00,2026-09-24 10:00:00
4042,SKU-04042,Nova Smartwatch Modelo 035,"Smartwatch Nova, modelo 035, producto para uso general.",2426.57,37,1,2026-09-12 09:00:00,2026-09-26 11:00:00
4043,SKU-04043,Nova Teclado mecánico Modelo 036,"Teclado mecánico Nova, modelo 036, producto para uso general.",827.92,54,1,2026-09-13 09:00:00,2026-09-28 12:00:00
4044,SKU-04044,Nova Silla de oficina Modelo 037,"Silla de oficina Nova, modelo 037, producto para uso general.",2129.31,71,1,2026-09-14 09:00:00,2026-09-30 13:00:00
4045,SKU-04045,Nova Mochila Modelo 038,"Mochila Nova, modelo 038, producto para uso general.",730.66,88,1,2026-09-15 09:00:00,2026-10-02 14:00:00
4046,SKU-04046,Nova Cámara Modelo 039,"Cámara Nova, modelo 039, producto para uso general.",9032.06,105,1,2026-09-16 09:00:00,2026-10-04 15:00:00
4047,SKU-04047,Nova Micrófono Modelo 040,"Micrófono Nova, modelo 040, producto para uso general.",2333.42,122,1,2026-09-17 09:00:00,2026-10-06 16:00:00
4048,SKU-04048,MaxiTech Laptop Modelo 041,"Laptop MaxiTech, modelo 041, producto para uso general.",14034.80,139,1,2026-09-18 09:00:00,2026-10-08 17:00:00
4049,SKU-04049,MaxiTech Mouse Modelo 042,"Mouse MaxiTech, modelo 042, producto para uso general.",676.10,156,1,2026-09-19 09:00:00,2026-10-10 18:00:00
4050,SKU-04050,MaxiTech Teclado Modelo 043,"Teclado MaxiTech, modelo 043, producto para uso general.",1337.51,173,1,2026-09-20 09:00:00,2026-10-12 19:00:00
4051,SKU-04051,MaxiTech Monitor Modelo 044,"Monitor MaxiTech, modelo 044, producto para uso general.",8038.91,190,1,2026-09-21 09:00:00,2026-10-14 20:00:00
4052,SKU-04052,MaxiTech Audífonos Modelo 045,"Audífonos MaxiTech, modelo 045, producto para uso general.",1590.26,6,1,2026-09-22 09:00:00,2026-10-16 09:00:00
4053,SKU-04053,MaxiTech Webcam Modelo 046,"Webcam MaxiTech, modelo 046, producto para uso general.",941.62,23,1,2026-09-23 09:00:00,2026-10-18 10:00:00
4054,SKU-04054,MaxiTech Memoria USB Modelo 047,"Memoria USB MaxiTech, modelo 047, producto para uso general.",362.92,40,1,2026-09-24 09:00:00,2026-10-20 11:00:00
4055,SKU-04055,MaxiTech Disco SSD Modelo 048,"Disco SSD MaxiTech, modelo 048, producto para uso general.",2844.38,57,1,2026-09-25 09:00:00,2026-10-22 12:00:00
4056,SKU-04056,MaxiTech Router Modelo 049,"Router MaxiTech, modelo 049, producto para uso general.",3245.75,74,1,2026-09-26 09:00:00,2026-10-24 13:00:00
4057,SKU-04057,MaxiTech Impresora Modelo 050,"Impresora MaxiTech, modelo 050, producto para uso general.",7347.13,91,1,2026-09-27 09:00:00,2026-10-26 14:00:00
4058,SKU-04058,MaxiTech Bocina Bluetooth Modelo 051,"Bocina Bluetooth MaxiTech, modelo 051, producto para uso general.",1298.48,108,1,2026-01-01 09:00:00,2026-01-01 15:00:00
4059,SKU-04059,MaxiTech Tablet Modelo 052,"Tablet MaxiTech, modelo 052, producto para uso general.",8049.87,125,1,2026-01-02 09:00:00,2026-01-03 16:00:00
4060,SKU-04060,MaxiTech Cargador Modelo 053,"Cargador MaxiTech, modelo 053, producto para uso general.",631.19,142,1,2026-01-03 09:00:00,2026-01-05 17:00:00
4061,SKU-04061,MaxiTech Cable USB Modelo 054,"Cable USB MaxiTech, modelo 054, producto para uso general.",172.48,159,1,2026-01-04 09:00:00,2026-01-07 18:00:00
4062,SKU-04062,MaxiTech Smartwatch Modelo 055,"Smartwatch MaxiTech, modelo 055, producto para uso general.",2453.97,176,1,2026-01-05 09:00:00,2026-01-09 19:00:00
4063,SKU-04063,MaxiTech Teclado mecánico Modelo 056,"Teclado mecánico MaxiTech, modelo 056, producto para uso general.",855.32,193,1,2026-01-06 09:00:00,2026-01-11 20:00:00
4064,SKU-04064,MaxiTech Silla de oficina Modelo 057,"Silla de oficina MaxiTech, modelo 057, producto para uso general.",2156.71,9,1,2026-01-07 09:00:00,2026-01-13 09:00:00
4065,SKU-04065,MaxiTech Mochila Modelo 058,"Mochila MaxiTech, modelo 058, producto para uso general.",758.06,26,1,2026-01-08 09:00:00,2026-01-15 10:00:00
4066,SKU-04066,MaxiTech Cámara Modelo 059,"Cámara MaxiTech, modelo 059, producto para uso general.",9059.46,43,1,2026-01-09 09:00:00,2026-01-17 11:00:00
4067,SKU-04067,MaxiTech Micrófono Modelo 060,"Micrófono MaxiTech, modelo 060, producto para uso general.",2360.82,60,1,2026-01-10 09:00:00,2026-01-19 12:00:00
4068,SKU-04068,DigitalX Laptop Modelo 061,"Laptop DigitalX, modelo 061, producto para uso general.",14062.20,77,1,2026-01-11 09:00:00,2026-01-21 13:00:00
4069,SKU-04069,DigitalX Mouse Modelo 062,"Mouse DigitalX, modelo 062, producto para uso general.",703.50,94,1,2026-01-12 09:00:00,2026-01-23 14:00:00
4070,SKU-04070,DigitalX Teclado Modelo 063,"Teclado DigitalX, modelo 063, producto para uso general.",1364.91,111,1,2026-01-13 09:00:00,2026-01-25 15:00:00
4071,SKU-04071,DigitalX Monitor Modelo 064,"Monitor DigitalX, modelo 064, producto para uso general.",8066.31,128,1,2026-01-14 09:00:00,2026-01-27 16:00:00
4072,SKU-04072,DigitalX Audífonos Modelo 065,"Audífonos DigitalX, modelo 065, producto para uso general.",1617.66,145,1,2026-01-15 09:00:00,2026-01-29 17:00:00
4073,SKU-04073,DigitalX Webcam Modelo 066,"Webcam DigitalX, modelo 066, producto para uso general.",969.02,162,1,2026-01-16 09:00:00,2026-01-31 18:00:00
4074,SKU-04074,DigitalX Memoria USB Modelo 067,"Memoria USB DigitalX, modelo 067, producto para uso general.",390.32,179,1,2026-01-17 09:00:00,2026-02-02 19:00:00
4075,SKU-04075,DigitalX Disco SSD Modelo 068,"Disco SSD DigitalX, modelo 068, producto para uso general.",2871.78,196,1,2026-01-18 09:00:00,2026-02-04 20:00:00
4076,SKU-04076,DigitalX Router Modelo 069,"Router DigitalX, modelo 069, producto para uso general.",3273.15,12,1,2026-01-19 09:00:00,2026-02-06 09:00:00
4077,SKU-04077,DigitalX Impresora Modelo 070,"Impresora DigitalX, modelo 070, producto para uso general.",7374.53,29,1,2026-01-20 09:00:00,2026-02-08 10:00:00
4078,SKU-04078,DigitalX Bocina Bluetooth Modelo 071,"Bocina Bluetooth DigitalX, modelo 071, producto para uso general.",1325.88,46,1,2026-01-21 09:00:00,2026-02-10 11:00:00
4079,SKU-04079,DigitalX Tablet Modelo 072,"Tablet DigitalX, modelo 072, producto para uso general.",8077.27,63,1,2026-01-22 09:00:00,2026-02-12 12:00:00
4080,SKU-04080,DigitalX Cargador Modelo 073,"Cargador DigitalX, modelo 073, producto para uso general.",658.59,80,1,2026-01-23 09:00:00,2026-02-14 13:00:00
4081,SKU-04081,DigitalX Cable USB Modelo 074,"Cable USB DigitalX, modelo 074, producto para uso general.",199.88,97,1,2026-01-24 09:00:00,2026-02-16 14:00:00
4082,SKU-04082,DigitalX Smartwatch Modelo 075,"Smartwatch DigitalX, modelo 075, producto para uso general.",2481.37,114,1,2026-01-25 09:00:00,2026-02-18 15:00:00
4083,SKU-04083,DigitalX Teclado mecánico Modelo 076,"Teclado mecánico DigitalX, modelo 076, producto para uso general.",882.72,131,1,2026-01-26 09:00:00,2026-02-20 16:00:00
4084,SKU-04084,DigitalX Silla de oficina Modelo 077,"Silla de oficina DigitalX, modelo 077, producto para uso general.",2184.11,148,1,2026-01-27 09:00:00,2026-02-22 17:00:00
4085,SKU-04085,DigitalX Mochila Modelo 078,"Mochila DigitalX, modelo 078, producto para uso general.",785.46,165,1,2026-01-28 09:00:00,2026-02-24 18:00:00
4086,SKU-04086,DigitalX Cámara Modelo 079,"Cámara DigitalX, modelo 079, producto para uso general.",9086.86,182,1,2026-01-29 09:00:00,2026-02-26 19:00:00
4087,SKU-04087,DigitalX Micrófono Modelo 080,"Micrófono DigitalX, modelo 080, producto para uso general.",2388.22,199,1,2026-01-30 09:00:00,2026-02-28 20:00:00
4088,SKU-04088,SmartOne Laptop Modelo 081,"Laptop SmartOne, modelo 081, producto para uso general.",14089.60,15,1,2026-01-31 09:00:00,2026-01-31 09:00:00
4089,SKU-04089,SmartOne Mouse Modelo 082,"Mouse SmartOne, modelo 082, producto para uso general.",730.90,32,1,2026-02-01 09:00:00,2026-02-02 10:00:00
4090,SKU-04090,SmartOne Teclado Modelo 083,"Teclado SmartOne, modelo 083, producto para uso general.",1392.31,49,1,2026-02-02 09:00:00,2026-02-04 11:00:00
4091,SKU-04091,SmartOne Monitor Modelo 084,"Monitor SmartOne, modelo 084, producto para uso general.",8093.71,66,1,2026-02-03 09:00:00,2026-02-06 12:00:00
4092,SKU-04092,SmartOne Audífonos Modelo 085,"Audífonos SmartOne, modelo 085, producto para uso general.",1645.06,83,1,2026-02-04 09:00:00,2026-02-08 13:00:00
4093,SKU-04093,SmartOne Webcam Modelo 086,"Webcam SmartOne, modelo 086, producto para uso general.",996.42,100,1,2026-02-05 09:00:00,2026-02-10 14:00:00
4094,SKU-04094,SmartOne Memoria USB Modelo 087,"Memoria USB SmartOne, modelo 087, producto para uso general.",417.72,117,1,2026-02-06 09:00:00,2026-02-12 15:00:00
4095,SKU-04095,SmartOne Disco SSD Modelo 088,"Disco SSD SmartOne, modelo 088, producto para uso general.",2899.18,134,1,2026-02-07 09:00:00,2026-02-14 16:00:00
4096,SKU-04096,SmartOne Router Modelo 089,"Router SmartOne, modelo 089, producto para uso general.",3300.55,151,1,2026-02-08 09:00:00,2026-02-16 17:00:00
4097,SKU-04097,SmartOne Impresora Modelo 090,"Impresora SmartOne, modelo 090, producto para uso general.",7401.93,168,1,2026-02-09 09:00:00,2026-02-18 18:00:00
4098,SKU-04098,SmartOne Bocina Bluetooth Modelo 091,"Bocina Bluetooth SmartOne, modelo 091, producto para uso general.",1353.28,185,1,2026-02-10 09:00:00,2026-02-20 19:00:00
4099,SKU-04099,SmartOne Tablet Modelo 092,"Tablet SmartOne, modelo 092, producto para uso general.",8104.67,1,1,2026-02-11 09:00:00,2026-02-22 20:00:00
4100,SKU-04100,SmartOne Cargador Modelo 093,"Cargador SmartOne, modelo 093, producto para uso general.",685.99,18,1,2026-02-12 09:00:00,2026-02-24 09:00:00
4101,SKU-04101,SmartOne Cable USB Modelo 094,"Cable USB SmartOne, modelo 094, producto para uso general.",227.28,35,1,2026-02-13 09:00:00,2026-02-26 10:00:00
4102,SKU-04102,SmartOne Smartwatch Modelo 095,"Smartwatch SmartOne, modelo 095, producto para uso general.",2508.77,52,1,2026-02-14 09:00:00,2026-02-28 11:00:00
4103,SKU-04103,SmartOne Teclado mecánico Modelo 096,"Teclado mecánico SmartOne, modelo 096, producto para uso general.",910.12,69,1,2026-02-15 09:00:00,2026-03-02 12:00:00
4104,SKU-04104,SmartOne Silla de oficina Modelo 097,"Silla de oficina SmartOne, modelo 097, producto para uso general.",2211.51,86,1,2026-02-16 09:00:00,2026-03-04 13:00:00
4105,SKU-04105,SmartOne Mochila Modelo 098,"Mochila SmartOne, modelo 098, producto para uso general.",812.86,103,1,2026-02-17 09:00:00,2026-03-06 14:00:00
4106,SKU-04106,SmartOne Cámara Modelo 099,"Cámara SmartOne, modelo 099, producto para uso general.",9114.26,120,1,2026-02-18 09:00:00,2026-03-08 15:00:00
4107,SKU-04107,SmartOne Micrófono Modelo 100,"Micrófono SmartOne, modelo 100, producto para uso general.",2415.62,137,1,2026-02-19 09:00:00,2026-03-10 16:00:00
4108,SKU-04108,ProLine Laptop Modelo 101,"Laptop ProLine, modelo 101, producto para uso general.",14117.00,154,1,2026-02-20 09:00:00,2026-03-12 17:00:00
4109,SKU-04109,ProLine Mouse Modelo 102,"Mouse ProLine, modelo 102, producto para uso general.",758.30,171,1,2026-02-21 09:00:00,2026-03-14 18:00:00
4110,SKU-04110,ProLine Teclado Modelo 103,"Teclado ProLine, modelo 103, producto para uso general.",1419.71,188,1,2026-02-22 09:00:00,2026-03-16 19:00:00
4111,SKU-04111,ProLine Monitor Modelo 104,"Monitor ProLine, modelo 104, producto para uso general.",8121.11,4,1,2026-02-23 09:00:00,2026-03-18 20:00:00
4112,SKU-04112,ProLine Audífonos Modelo 105,"Audífonos ProLine, modelo 105, producto para uso general.",1672.46,21,1,2026-02-24 09:00:00,2026-03-20 09:00:00
4113,SKU-04113,ProLine Webcam Modelo 106,"Webcam ProLine, modelo 106, producto para uso general.",1023.82,38,1,2026-02-25 09:00:00,2026-03-22 10:00:00
4114,SKU-04114,ProLine Memoria USB Modelo 107,"Memoria USB ProLine, modelo 107, producto para uso general.",445.12,55,1,2026-02-26 09:00:00,2026-03-24 11:00:00
4115,SKU-04115,ProLine Disco SSD Modelo 108,"Disco SSD ProLine, modelo 108, producto para uso general.",2926.58,72,1,2026-02-27 09:00:00,2026-03-26 12:00:00
4116,SKU-04116,ProLine Router Modelo 109,"Router ProLine, modelo 109, producto para uso general.",3327.95,89,1,2026-02-28 09:00:00,2026-03-28 13:00:00
4117,SKU-04117,ProLine Impresora Modelo 110,"Impresora ProLine, modelo 110, producto para uso general.",7429.33,106,1,2026-03-01 09:00:00,2026-03-30 14:00:00
4118,SKU-04118,ProLine Bocina Bluetooth Modelo 111,"Bocina Bluetooth ProLine, modelo 111, producto para uso general.",1380.68,123,1,2026-03-02 09:00:00,2026-03-02 15:00:00
4119,SKU-04119,ProLine Tablet Modelo 112,"Tablet ProLine, modelo 112, producto para uso general.",8132.07,140,1,2026-03-03 09:00:00,2026-03-04 16:00:00
4120,SKU-04120,ProLine Cargador Modelo 113,"Cargador ProLine, modelo 113, producto para uso general.",713.39,157,1,2026-03-04 09:00:00,2026-03-06 17:00:00
4121,SKU-04121,ProLine Cable USB Modelo 114,"Cable USB ProLine, modelo 114, producto para uso general.",254.68,174,1,2026-03-05 09:00:00,2026-03-08 18:00:00
4122,SKU-04122,ProLine Smartwatch Modelo 115,"Smartwatch ProLine, modelo 115, producto para uso general.",2536.17,191,1,2026-03-06 09:00:00,2026-03-10 19:00:00
4123,SKU-04123,ProLine Teclado mecánico Modelo 116,"Teclado mecánico ProLine, modelo 116, producto para uso general.",937.52,7,1,2026-03-07 09:00:00,2026-03-12 20:00:00
4124,SKU-04124,ProLine Silla de oficina Modelo 117,"Silla de oficina ProLine, modelo 117, producto para uso general.",2238.91,24,1,2026-03-08 09:00:00,2026-03-14 09:00:00
4125,SKU-04125,ProLine Mochila Modelo 118,"Mochila ProLine, modelo 118, producto para uso general.",840.26,41,1,2026-03-09 09:00:00,2026-03-16 10:00:00
4126,SKU-04126,ProLine Cámara Modelo 119,"Cámara ProLine, modelo 119, producto para uso general.",9141.66,58,1,2026-03-10 09:00:00,2026-03-18 11:00:00
4127,SKU-04127,ProLine Micrófono Modelo 120,"Micrófono ProLine, modelo 120, producto para uso general.",2443.02,75,1,2026-03-11 09:00:00,2026-03-20 12:00:00
4128,SKU-04128,Ultra Laptop Modelo 121,"Laptop Ultra, modelo 121, producto para uso general.",14144.40,92,1,2026-03-12 09:00:00,2026-03-22 13:00:00
4129,SKU-04129,Ultra Mouse Modelo 122,"Mouse Ultra, modelo 122, producto para uso general.",785.70,109,1,2026-03-13 09:00:00,2026-03-24 14:00:00
4130,SKU-04130,Ultra Teclado Modelo 123,"Teclado Ultra, modelo 123, producto para uso general.",1447.11,126,1,2026-03-14 09:00:00,2026-03-26 15:00:00
4131,SKU-04131,Ultra Monitor Modelo 124,"Monitor Ultra, modelo 124, producto para uso general.",8148.51,143,1,2026-03-15 09:00:00,2026-03-28 16:00:00
4132,SKU-04132,Ultra Audífonos Modelo 125,"Audífonos Ultra, modelo 125, producto para uso general.",1699.86,160,1,2026-03-16 09:00:00,2026-03-30 17:00:00
4133,SKU-04133,Ultra Webcam Modelo 126,"Webcam Ultra, modelo 126, producto para uso general.",1051.22,177,1,2026-03-17 09:00:00,2026-04-01 18:00:00
4134,SKU-04134,Ultra Memoria USB Modelo 127,"Memoria USB Ultra, modelo 127, producto para uso general.",472.52,194,1,2026-03-18 09:00:00,2026-04-03 19:00:00
4135,SKU-04135,Ultra Disco SSD Modelo 128,"Disco SSD Ultra, modelo 128, producto para uso general.",2953.98,10,1,2026-03-19 09:00:00,2026-04-05 20:00:00
4136,SKU-04136,Ultra Router Modelo 129,"Router Ultra, modelo 129, producto para uso general.",3355.35,27,1,2026-03-20 09:00:00,2026-04-07 09:00:00
4137,SKU-04137,Ultra Impresora Modelo 130,"Impresora Ultra, modelo 130, producto para uso general.",7456.73,44,1,2026-03-21 09:00:00,2026-04-09 10:00:00
4138,SKU-04138,Ultra Bocina Bluetooth Modelo 131,"Bocina Bluetooth Ultra, modelo 131, producto para uso general.",1408.08,61,1,2026-03-22 09:00:00,2026-04-11 11:00:00
4139,SKU-04139,Ultra Tablet Modelo 132,"Tablet Ultra, modelo 132, producto para uso general.",8159.47,78,1,2026-03-23 09:00:00,2026-04-13 12:00:00
4140,SKU-04140,Ultra Cargador Modelo 133,"Cargador Ultra, modelo 133, producto para uso general.",740.79,95,1,2026-03-24 09:00:00,2026-04-15 13:00:00
4141,SKU-04141,Ultra Cable USB Modelo 134,"Cable USB Ultra, modelo 134, producto para uso general.",282.08,112,1,2026-03-25 09:00:00,2026-04-17 14:00:00
4142,SKU-04142,Ultra Smartwatch Modelo 135,"Smartwatch Ultra, modelo 135, producto para uso general.",2563.57,129,1,2026-03-26 09:00:00,2026-04-19 15:00:00
4143,SKU-04143,Ultra Teclado mecánico Modelo 136,"Teclado mecánico Ultra, modelo 136, producto para uso general.",964.92,146,1,2026-03-27 09:00:00,2026-04-21 16:00:00
4144,SKU-04144,Ultra Silla de oficina Modelo 137,"Silla de oficina Ultra, modelo 137, producto para uso general.",2266.31,163,1,2026-03-28 09:00:00,2026-04-23 17:00:00
4145,SKU-04145,Ultra Mochila Modelo 138,"Mochila Ultra, modelo 138, producto para uso general.",867.66,180,1,2026-03-29 09:00:00,2026-04-25 18:00:00
4146,SKU-04146,Ultra Cámara Modelo 139,"Cámara Ultra, modelo 139, producto para uso general.",9169.06,197,1,2026-03-30 09:00:00,2026-04-27 19:00:00
4147,SKU-04147,Ultra Micrófono Modelo 140,"Micrófono Ultra, modelo 140, producto para uso general.",2470.42,13,1,2026-03-31 09:00:00,2026-04-29 20:00:00
4148,SKU-04148,Vision Laptop Modelo 141,"Laptop Vision, modelo 141, producto para uso general.",14171.80,30,1,2026-04-01 09:00:00,2026-04-01 09:00:00
4149,SKU-04149,Vision Mouse Modelo 142,"Mouse Vision, modelo 142, producto para uso general.",813.10,47,1,2026-04-02 09:00:00,2026-04-03 10:00:00
4150,SKU-04150,Vision Teclado Modelo 143,"Teclado Vision, modelo 143, producto para uso general.",1474.51,64,1,2026-04-03 09:00:00,2026-04-05 11:00:00
4151,SKU-04151,Vision Monitor Modelo 144,"Monitor Vision, modelo 144, producto para uso general.",8175.91,81,1,2026-04-04 09:00:00,2026-04-07 12:00:00
4152,SKU-04152,Vision Audífonos Modelo 145,"Audífonos Vision, modelo 145, producto para uso general.",1727.26,98,1,2026-04-05 09:00:00,2026-04-09 13:00:00
4153,SKU-04153,Vision Webcam Modelo 146,"Webcam Vision, modelo 146, producto para uso general.",1078.62,115,1,2026-04-06 09:00:00,2026-04-11 14:00:00
4154,SKU-04154,Vision Memoria USB Modelo 147,"Memoria USB Vision, modelo 147, producto para uso general.",499.92,132,1,2026-04-07 09:00:00,2026-04-13 15:00:00
4155,SKU-04155,Vision Disco SSD Modelo 148,"Disco SSD Vision, modelo 148, producto para uso general.",2981.38,149,1,2026-04-08 09:00:00,2026-04-15 16:00:00
4156,SKU-04156,Vision Router Modelo 149,"Router Vision, modelo 149, producto para uso general.",3382.75,166,1,2026-04-09 09:00:00,2026-04-17 17:00:00
4157,SKU-04157,Vision Impresora Modelo 150,"Impresora Vision, modelo 150, producto para uso general.",7484.13,183,1,2026-04-10 09:00:00,2026-04-19 18:00:00
4158,SKU-04158,Vision Bocina Bluetooth Modelo 151,"Bocina Bluetooth Vision, modelo 151, producto para uso general.",1435.48,200,1,2026-04-11 09:00:00,2026-04-21 19:00:00
4159,SKU-04159,Vision Tablet Modelo 152,"Tablet Vision, modelo 152, producto para uso general.",8186.87,16,1,2026-04-12 09:00:00,2026-04-23 20:00:00
4160,SKU-04160,Vision Cargador Modelo 153,"Cargador Vision, modelo 153, producto para uso general.",768.19,33,1,2026-04-13 09:00:00,2026-04-25 09:00:00
4161,SKU-04161,Vision Cable USB Modelo 154,"Cable USB Vision, modelo 154, producto para uso general.",309.48,50,1,2026-04-14 09:00:00,2026-04-27 10:00:00
4162,SKU-04162,Vision Smartwatch Modelo 155,"Smartwatch Vision, modelo 155, producto para uso general.",2590.97,67,1,2026-04-15 09:00:00,2026-04-29 11:00:00
4163,SKU-04163,Vision Teclado mecánico Modelo 156,"Teclado mecánico Vision, modelo 156, producto para uso general.",992.32,84,1,2026-04-16 09:00:00,2026-05-01 12:00:00
4164,SKU-04164,Vision Silla de oficina Modelo 157,"Silla de oficina Vision, modelo 157, producto para uso general.",2293.71,101,1,2026-04-17 09:00:00,2026-05-03 13:00:00
4165,SKU-04165,Vision Mochila Modelo 158,"Mochila Vision, modelo 158, producto para uso general.",895.06,118,1,2026-04-18 09:00:00,2026-05-05 14:00:00
4166,SKU-04166,Vision Cámara Modelo 159,"Cámara Vision, modelo 159, producto para uso general.",9196.46,135,1,2026-04-19 09:00:00,2026-05-07 15:00:00
4167,SKU-04167,Vision Micrófono Modelo 160,"Micrófono Vision, modelo 160, producto para uso general.",2497.82,152,1,2026-04-20 09:00:00,2026-05-09 16:00:00
4168,SKU-04168,Connect Laptop Modelo 161,"Laptop Connect, modelo 161, producto para uso general.",14199.20,169,1,2026-04-21 09:00:00,2026-05-11 17:00:00
4169,SKU-04169,Connect Mouse Modelo 162,"Mouse Connect, modelo 162, producto para uso general.",840.50,186,1,2026-04-22 09:00:00,2026-05-13 18:00:00
4170,SKU-04170,Connect Teclado Modelo 163,"Teclado Connect, modelo 163, producto para uso general.",1501.91,2,1,2026-04-23 09:00:00,2026-05-15 19:00:00
4171,SKU-04171,Connect Monitor Modelo 164,"Monitor Connect, modelo 164, producto para uso general.",8203.31,19,1,2026-04-24 09:00:00,2026-05-17 20:00:00
4172,SKU-04172,Connect Audífonos Modelo 165,"Audífonos Connect, modelo 165, producto para uso general.",1754.66,36,1,2026-04-25 09:00:00,2026-05-19 09:00:00
4173,SKU-04173,Connect Webcam Modelo 166,"Webcam Connect, modelo 166, producto para uso general.",1106.02,53,1,2026-04-26 09:00:00,2026-05-21 10:00:00
4174,SKU-04174,Connect Memoria USB Modelo 167,"Memoria USB Connect, modelo 167, producto para uso general.",527.32,70,1,2026-04-27 09:00:00,2026-05-23 11:00:00
4175,SKU-04175,Connect Disco SSD Modelo 168,"Disco SSD Connect, modelo 168, producto para uso general.",3008.78,87,1,2026-04-28 09:00:00,2026-05-25 12:00:00
4176,SKU-04176,Connect Router Modelo 169,"Router Connect, modelo 169, producto para uso general.",3410.15,104,1,2026-04-29 09:00:00,2026-05-27 13:00:00
4177,SKU-04177,Connect Impresora Modelo 170,"Impresora Connect, modelo 170, producto para uso general.",7511.53,121,1,2026-04-30 09:00:00,2026-05-29 14:00:00
4178,SKU-04178,Connect Bocina Bluetooth Modelo 171,"Bocina Bluetooth Connect, modelo 171, producto para uso general.",1462.88,138,1,2026-05-01 09:00:00,2026-05-01 15:00:00
4179,SKU-04179,Connect Tablet Modelo 172,"Tablet Connect, modelo 172, producto para uso general.",8214.27,155,1,2026-05-02 09:00:00,2026-05-03 16:00:00
4180,SKU-04180,Connect Cargador Modelo 173,"Cargador Connect, modelo 173, producto para uso general.",795.59,172,1,2026-05-03 09:00:00,2026-05-05 17:00:00
4181,SKU-04181,Connect Cable USB Modelo 174,"Cable USB Connect, modelo 174, producto para uso general.",336.88,189,1,2026-05-04 09:00:00,2026-05-07 18:00:00
4182,SKU-04182,Connect Smartwatch Modelo 175,"Smartwatch Connect, modelo 175, producto para uso general.",2618.37,5,1,2026-05-05 09:00:00,2026-05-09 19:00:00
4183,SKU-04183,Connect Teclado mecánico Modelo 176,"Teclado mecánico Connect, modelo 176, producto para uso general.",1019.72,22,1,2026-05-06 09:00:00,2026-05-11 20:00:00
4184,SKU-04184,Connect Silla de oficina Modelo 177,"Silla de oficina Connect, modelo 177, producto para uso general.",2321.11,39,1,2026-05-07 09:00:00,2026-05-13 09:00:00
4185,SKU-04185,Connect Mochila Modelo 178,"Mochila Connect, modelo 178, producto para uso general.",922.46,56,1,2026-05-08 09:00:00,2026-05-15 10:00:00
4186,SKU-04186,Connect Cámara Modelo 179,"Cámara Connect, modelo 179, producto para uso general.",9223.86,73,1,2026-05-09 09:00:00,2026-05-17 11:00:00
4187,SKU-04187,Connect Micrófono Modelo 180,"Micrófono Connect, modelo 180, producto para uso general.",2525.22,90,1,2026-05-10 09:00:00,2026-05-19 12:00:00
4188,SKU-04188,Advance Laptop Modelo 181,"Laptop Advance, modelo 181, producto para uso general.",14226.60,107,1,2026-05-11 09:00:00,2026-05-21 13:00:00
4189,SKU-04189,Advance Mouse Modelo 182,"Mouse Advance, modelo 182, producto para uso general.",867.90,124,1,2026-05-12 09:00:00,2026-05-23 14:00:00
4190,SKU-04190,Advance Teclado Modelo 183,"Teclado Advance, modelo 183, producto para uso general.",1529.31,141,1,2026-05-13 09:00:00,2026-05-25 15:00:00
4191,SKU-04191,Advance Monitor Modelo 184,"Monitor Advance, modelo 184, producto para uso general.",8230.71,158,1,2026-05-14 09:00:00,2026-05-27 16:00:00
4192,SKU-04192,Advance Audífonos Modelo 185,"Audífonos Advance, modelo 185, producto para uso general.",1782.06,175,1,2026-05-15 09:00:00,2026-05-29 17:00:00
4193,SKU-04193,Advance Webcam Modelo 186,"Webcam Advance, modelo 186, producto para uso general.",1133.42,192,1,2026-05-16 09:00:00,2026-05-31 18:00:00
4194,SKU-04194,Advance Memoria USB Modelo 187,"Memoria USB Advance, modelo 187, producto para uso general.",554.72,8,1,2026-05-17 09:00:00,2026-06-02 19:00:00
4195,SKU-04195,Advance Disco SSD Modelo 188,"Disco SSD Advance, modelo 188, producto para uso general.",3036.18,25,1,2026-05-18 09:00:00,2026-06-04 20:00:00
4196,SKU-04196,Advance Router Modelo 189,"Router Advance, modelo 189, producto para uso general.",3437.55,42,1,2026-05-19 09:00:00,2026-06-06 09:00:00
4197,SKU-04197,Advance Impresora Modelo 190,"Impresora Advance, modelo 190, producto para uso general.",7538.93,59,1,2026-05-20 09:00:00,2026-06-08 10:00:00
4198,SKU-04198,Advance Bocina Bluetooth Modelo 191,"Bocina Bluetooth Advance, modelo 191, producto para uso general.",1490.28,76,1,2026-05-21 09:00:00,2026-06-10 11:00:00
4199,SKU-04199,Advance Tablet Modelo 192,"Tablet Advance, modelo 192, producto para uso general.",8241.67,93,1,2026-05-22 09:00:00,2026-06-12 12:00:00
4200,SKU-04200,Advance Cargador Modelo 193,"Cargador Advance, modelo 193, producto para uso general.",822.99,110,1,2026-05-23 09:00:00,2026-06-14 13:00:00
4201,SKU-04201,Advance Cable USB Modelo 194,"Cable USB Advance, modelo 194, producto para uso general.",364.28,127,1,2026-05-24 09:00:00,2026-06-16 14:00:00
4202,SKU-04202,Advance Smartwatch Modelo 195,"Smartwatch Advance, modelo 195, producto para uso general.",2645.77,144,1,2026-05-25 09:00:00,2026-06-18 15:00:00
4203,SKU-04203,Advance Teclado mecánico Modelo 196,"Teclado mecánico Advance, modelo 196, producto para uso general.",1047.12,161,1,2026-05-26 09:00:00,2026-06-20 16:00:00
4204,SKU-04204,Advance Silla de oficina Modelo 197,"Silla de oficina Advance, modelo 197, producto para uso general.",2348.51,178,1,2026-05-27 09:00:00,2026-06-22 17:00:00
4205,SKU-04205,Advance Mochila Modelo 198,"Mochila Advance, modelo 198, producto para uso general.",949.86,195,1,2026-05-28 09:00:00,2026-06-24 18:00:00
4206,SKU-04206,Advance Cámara Modelo 199,"Cámara Advance, modelo 199, producto para uso general.",9251.26,11,1,2026-05-29 09:00:00,2026-06-26 19:00:00
4207,SKU-04207,Advance Micrófono Modelo 200,"Micrófono Advance, modelo 200, producto para uso general.",2552.62,28,1,2026-05-30 09:00:00,2026-06-28 20:00:00
4208,SKU-04208,TechPro Laptop Modelo 201,"Laptop TechPro, modelo 201, producto para uso general.",14254.00,45,1,2026-05-31 09:00:00,2026-05-31 09:00:00
4209,SKU-04209,TechPro Mouse Modelo 202,"Mouse TechPro, modelo 202, producto para uso general.",895.30,62,1,2026-06-01 09:00:00,2026-06-02 10:00:00
4210,SKU-04210,TechPro Teclado Modelo 203,"Teclado TechPro, modelo 203, producto para uso general.",1556.71,79,1,2026-06-02 09:00:00,2026-06-04 11:00:00
4211,SKU-04211,TechPro Monitor Modelo 204,"Monitor TechPro, modelo 204, producto para uso general.",8258.11,96,1,2026-06-03 09:00:00,2026-06-06 12:00:00
4212,SKU-04212,TechPro Audífonos Modelo 205,"Audífonos TechPro, modelo 205, producto para uso general.",1809.46,113,1,2026-06-04 09:00:00,2026-06-08 13:00:00
4213,SKU-04213,TechPro Webcam Modelo 206,"Webcam TechPro, modelo 206, producto para uso general.",1160.82,130,1,2026-06-05 09:00:00,2026-06-10 14:00:00
4214,SKU-04214,TechPro Memoria USB Modelo 207,"Memoria USB TechPro, modelo 207, producto para uso general.",582.12,147,1,2026-06-06 09:00:00,2026-06-12 15:00:00
4215,SKU-04215,TechPro Disco SSD Modelo 208,"Disco SSD TechPro, modelo 208, producto para uso general.",3063.58,164,1,2026-06-07 09:00:00,2026-06-14 16:00:00
4216,SKU-04216,TechPro Router Modelo 209,"Router TechPro, modelo 209, producto para uso general.",3464.95,181,1,2026-06-08 09:00:00,2026-06-16 17:00:00
4217,SKU-04217,TechPro Impresora Modelo 210,"Impresora TechPro, modelo 210, producto para uso general.",7566.33,198,1,2026-06-09 09:00:00,2026-06-18 18:00:00
4218,SKU-04218,TechPro Bocina Bluetooth Modelo 211,"Bocina Bluetooth TechPro, modelo 211, producto para uso general.",1517.68,14,1,2026-06-10 09:00:00,2026-06-20 19:00:00
4219,SKU-04219,TechPro Tablet Modelo 212,"Tablet TechPro, modelo 212, producto para uso general.",8269.07,31,1,2026-06-11 09:00:00,2026-06-22 20:00:00
4220,SKU-04220,TechPro Cargador Modelo 213,"Cargador TechPro, modelo 213, producto para uso general.",850.39,48,1,2026-06-12 09:00:00,2026-06-24 09:00:00
4221,SKU-04221,TechPro Cable USB Modelo 214,"Cable USB TechPro, modelo 214, producto para uso general.",391.68,65,1,2026-06-13 09:00:00,2026-06-26 10:00:00
4222,SKU-04222,TechPro Smartwatch Modelo 215,"Smartwatch TechPro, modelo 215, producto para uso general.",2673.17,82,1,2026-06-14 09:00:00,2026-06-28 11:00:00
4223,SKU-04223,TechPro Teclado mecánico Modelo 216,"Teclado mecánico TechPro, modelo 216, producto para uso general.",1074.52,99,1,2026-06-15 09:00:00,2026-06-30 12:00:00
4224,SKU-04224,TechPro Silla de oficina Modelo 217,"Silla de oficina TechPro, modelo 217, producto para uso general.",2375.91,116,1,2026-06-16 09:00:00,2026-07-02 13:00:00
4225,SKU-04225,TechPro Mochila Modelo 218,"Mochila TechPro, modelo 218, producto para uso general.",977.26,133,1,2026-06-17 09:00:00,2026-07-04 14:00:00
4226,SKU-04226,TechPro Cámara Modelo 219,"Cámara TechPro, modelo 219, producto para uso general.",9278.66,150,1,2026-06-18 09:00:00,2026-07-06 15:00:00
4227,SKU-04227,TechPro Micrófono Modelo 220,"Micrófono TechPro, modelo 220, producto para uso general.",2580.02,167,1,2026-06-19 09:00:00,2026-07-08 16:00:00
4228,SKU-04228,Nova Laptop Modelo 221,"Laptop Nova, modelo 221, producto para uso general.",14281.40,184,1,2026-06-20 09:00:00,2026-07-10 17:00:00
4229,SKU-04229,Nova Mouse Modelo 222,"Mouse Nova, modelo 222, producto para uso general.",202.69,0,0,2026-06-21 09:00:00,2026-07-12 18:00:00
4230,SKU-04230,Nova Teclado Modelo 223,"Teclado Nova, modelo 223, producto para uso general.",1584.11,17,1,2026-06-22 09:00:00,2026-07-14 19:00:00
4231,SKU-04231,Nova Monitor Modelo 224,"Monitor Nova, modelo 224, producto para uso general.",8285.51,34,1,2026-06-23 09:00:00,2026-07-16 20:00:00
4232,SKU-04232,Nova Audífonos Modelo 225,"Audífonos Nova, modelo 225, producto para uso general.",1836.86,51,1,2026-06-24 09:00:00,2026-07-18 09:00:00
4233,SKU-04233,Nova Webcam Modelo 226,"Webcam Nova, modelo 226, producto para uso general.",1188.22,68,1,2026-06-25 09:00:00,2026-07-20 10:00:00
4234,SKU-04234,Nova Memoria USB Modelo 227,"Memoria USB Nova, modelo 227, producto para uso general.",609.52,85,1,2026-06-26 09:00:00,2026-07-22 11:00:00
4235,SKU-04235,Nova Disco SSD Modelo 228,"Disco SSD Nova, modelo 228, producto para uso general.",3090.98,102,1,2026-06-27 09:00:00,2026-07-24 12:00:00
4236,SKU-04236,Nova Router Modelo 229,"Router Nova, modelo 229, producto para uso general.",3492.35,119,1,2026-06-28 09:00:00,2026-07-26 13:00:00
4237,SKU-04237,Nova Impresora Modelo 230,"Impresora Nova, modelo 230, producto para uso general.",7593.73,136,1,2026-06-29 09:00:00,2026-07-28 14:00:00
4238,SKU-04238,Nova Bocina Bluetooth Modelo 231,"Bocina Bluetooth Nova, modelo 231, producto para uso general.",1545.08,153,1,2026-06-30 09:00:00,2026-06-30 15:00:00
4239,SKU-04239,Nova Tablet Modelo 232,"Tablet Nova, modelo 232, producto para uso general.",8296.47,170,1,2026-07-01 09:00:00,2026-07-02 16:00:00
4240,SKU-04240,Nova Cargador Modelo 233,"Cargador Nova, modelo 233, producto para uso general.",877.79,187,1,2026-07-02 09:00:00,2026-07-04 17:00:00
4241,SKU-04241,Nova Cable USB Modelo 234,"Cable USB Nova, modelo 234, producto para uso general.",419.08,3,1,2026-07-03 09:00:00,2026-07-06 18:00:00
4242,SKU-04242,Nova Smartwatch Modelo 235,"Smartwatch Nova, modelo 235, producto para uso general.",2700.57,20,1,2026-07-04 09:00:00,2026-07-08 19:00:00
4243,SKU-04243,Nova Teclado mecánico Modelo 236,"Teclado mecánico Nova, modelo 236, producto para uso general.",1101.92,37,1,2026-07-05 09:00:00,2026-07-10 20:00:00
4244,SKU-04244,Nova Silla de oficina Modelo 237,"Silla de oficina Nova, modelo 237, producto para uso general.",2403.31,54,1,2026-07-06 09:00:00,2026-07-12 09:00:00
4245,SKU-04245,Nova Mochila Modelo 238,"Mochila Nova, modelo 238, producto para uso general.",1004.66,71,1,2026-07-07 09:00:00,2026-07-14 10:00:00
4246,SKU-04246,Nova Cámara Modelo 239,"Cámara Nova, modelo 239, producto para uso general.",9306.06,88,1,2026-07-08 09:00:00,2026-07-16 11:00:00
4247,SKU-04247,Nova Micrófono Modelo 240,"Micrófono Nova, modelo 240, producto para uso general.",2607.42,105,1,2026-07-09 09:00:00,2026-07-18 12:00:00
4248,SKU-04248,MaxiTech Laptop Modelo 241,"Laptop MaxiTech, modelo 241, producto para uso general.",14308.80,122,1,2026-07-10 09:00:00,2026-07-20 13:00:00
4249,SKU-04249,MaxiTech Mouse Modelo 242,"Mouse MaxiTech, modelo 242, producto para uso general.",230.09,139,1,2026-07-11 09:00:00,2026-07-22 14:00:00
4250,SKU-04250,MaxiTech Teclado Modelo 243,"Teclado MaxiTech, modelo 243, producto para uso general.",1611.51,156,1,2026-07-12 09:00:00,2026-07-24 15:00:00
4251,SKU-04251,MaxiTech Monitor Modelo 244,"Monitor MaxiTech, modelo 244, producto para uso general.",8312.91,173,1,2026-07-13 09:00:00,2026-07-26 16:00:00
4252,SKU-04252,MaxiTech Audífonos Modelo 245,"Audífonos MaxiTech, modelo 245, producto para uso general.",1864.26,190,1,2026-07-14 09:00:00,2026-07-28 17:00:00
4253,SKU-04253,MaxiTech Webcam Modelo 246,"Webcam MaxiTech, modelo 246, producto para uso general.",1215.62,6,1,2026-07-15 09:00:00,2026-07-30 18:00:00
4254,SKU-04254,MaxiTech Memoria USB Modelo 247,"Memoria USB MaxiTech, modelo 247, producto para uso general.",636.92,23,1,2026-07-16 09:00:00,2026-08-01 19:00:00
4255,SKU-04255,MaxiTech Disco SSD Modelo 248,"Disco SSD MaxiTech, modelo 248, producto para uso general.",3118.38,40,1,2026-07-17 09:00:00,2026-08-03 20:00:00
4256,SKU-04256,MaxiTech Router Modelo 249,"Router MaxiTech, modelo 249, producto para uso general.",619.74,57,1,2026-07-18 09:00:00,2026-08-05 09:00:00
4257,SKU-04257,MaxiTech Impresora Modelo 250,"Impresora MaxiTech, modelo 250, producto para uso general.",7621.13,74,1,2026-07-19 09:00:00,2026-08-07 10:00:00
4258,SKU-04258,MaxiTech Bocina Bluetooth Modelo 001,"Bocina Bluetooth MaxiTech, modelo 001, producto para uso general.",1572.48,91,1,2026-07-20 09:00:00,2026-08-09 11:00:00
4259,SKU-04259,MaxiTech Tablet Modelo 002,"Tablet MaxiTech, modelo 002, producto para uso general.",8323.87,108,1,2026-07-21 09:00:00,2026-08-11 12:00:00
4260,SKU-04260,MaxiTech Cargador Modelo 003,"Cargador MaxiTech, modelo 003, producto para uso general.",905.19,125,1,2026-07-22 09:00:00,2026-08-13 13:00:00
4261,SKU-04261,MaxiTech Cable USB Modelo 004,"Cable USB MaxiTech, modelo 004, producto para uso general.",446.48,142,1,2026-07-23 09:00:00,2026-08-15 14:00:00
4262,SKU-04262,MaxiTech Smartwatch Modelo 005,"Smartwatch MaxiTech, modelo 005, producto para uso general.",2727.97,159,1,2026-07-24 09:00:00,2026-08-17 15:00:00
4263,SKU-04263,MaxiTech Teclado mecánico Modelo 006,"Teclado mecánico MaxiTech, modelo 006, producto para uso general.",1129.32,176,1,2026-07-25 09:00:00,2026-08-19 16:00:00
4264,SKU-04264,MaxiTech Silla de oficina Modelo 007,"Silla de oficina MaxiTech, modelo 007, producto para uso general.",2430.71,193,1,2026-07-26 09:00:00,2026-08-21 17:00:00
4265,SKU-04265,MaxiTech Mochila Modelo 008,"Mochila MaxiTech, modelo 008, producto para uso general.",1032.06,9,1,2026-07-27 09:00:00,2026-08-23 18:00:00
4266,SKU-04266,MaxiTech Cámara Modelo 009,"Cámara MaxiTech, modelo 009, producto para uso general.",9333.46,26,1,2026-07-28 09:00:00,2026-08-25 19:00:00
4267,SKU-04267,MaxiTech Micrófono Modelo 010,"Micrófono MaxiTech, modelo 010, producto para uso general.",2634.82,43,1,2026-07-29 09:00:00,2026-08-27 20:00:00
4268,SKU-04268,DigitalX Laptop Modelo 011,"Laptop DigitalX, modelo 011, producto para uso general.",14336.20,60,1,2026-07-30 09:00:00,2026-07-30 09:00:00
4269,SKU-04269,DigitalX Mouse Modelo 012,"Mouse DigitalX, modelo 012, producto para uso general.",257.49,77,1,2026-07-31 09:00:00,2026-08-01 10:00:00
4270,SKU-04270,DigitalX Teclado Modelo 013,"Teclado DigitalX, modelo 013, producto para uso general.",1638.91,94,1,2026-08-01 09:00:00,2026-08-03 11:00:00
4271,SKU-04271,DigitalX Monitor Modelo 014,"Monitor DigitalX, modelo 014, producto para uso general.",8340.31,111,1,2026-08-02 09:00:00,2026-08-05 12:00:00
4272,SKU-04272,DigitalX Audífonos Modelo 015,"Audífonos DigitalX, modelo 015, producto para uso general.",1891.66,128,1,2026-08-03 09:00:00,2026-08-07 13:00:00
4273,SKU-04273,DigitalX Webcam Modelo 016,"Webcam DigitalX, modelo 016, producto para uso general.",1243.02,145,1,2026-08-04 09:00:00,2026-08-09 14:00:00
4274,SKU-04274,DigitalX Memoria USB Modelo 017,"Memoria USB DigitalX, modelo 017, producto para uso general.",134.31,162,1,2026-08-05 09:00:00,2026-08-11 15:00:00
4275,SKU-04275,DigitalX Disco SSD Modelo 018,"Disco SSD DigitalX, modelo 018, producto para uso general.",3145.78,179,1,2026-08-06 09:00:00,2026-08-13 16:00:00
4276,SKU-04276,DigitalX Router Modelo 019,"Router DigitalX, modelo 019, producto para uso general.",647.14,196,1,2026-08-07 09:00:00,2026-08-15 17:00:00
4277,SKU-04277,DigitalX Impresora Modelo 020,"Impresora DigitalX, modelo 020, producto para uso general.",7648.53,12,1,2026-08-08 09:00:00,2026-08-17 18:00:00
4278,SKU-04278,DigitalX Bocina Bluetooth Modelo 021,"Bocina Bluetooth DigitalX, modelo 021, producto para uso general.",1599.88,29,1,2026-08-09 09:00:00,2026-08-19 19:00:00
4279,SKU-04279,DigitalX Tablet Modelo 022,"Tablet DigitalX, modelo 022, producto para uso general.",8351.27,46,1,2026-08-10 09:00:00,2026-08-21 20:00:00
4280,SKU-04280,DigitalX Cargador Modelo 023,"Cargador DigitalX, modelo 023, producto para uso general.",932.59,63,1,2026-08-11 09:00:00,2026-08-23 09:00:00
4281,SKU-04281,DigitalX Cable USB Modelo 024,"Cable USB DigitalX, modelo 024, producto para uso general.",473.88,80,1,2026-08-12 09:00:00,2026-08-25 10:00:00
4282,SKU-04282,DigitalX Smartwatch Modelo 025,"Smartwatch DigitalX, modelo 025, producto para uso general.",2755.37,97,1,2026-08-13 09:00:00,2026-08-27 11:00:00
4283,SKU-04283,DigitalX Teclado mecánico Modelo 026,"Teclado mecánico DigitalX, modelo 026, producto para uso general.",1156.72,114,1,2026-08-14 09:00:00,2026-08-29 12:00:00
4284,SKU-04284,DigitalX Silla de oficina Modelo 027,"Silla de oficina DigitalX, modelo 027, producto para uso general.",2458.11,131,1,2026-08-15 09:00:00,2026-08-31 13:00:00
4285,SKU-04285,DigitalX Mochila Modelo 028,"Mochila DigitalX, modelo 028, producto para uso general.",1059.46,148,1,2026-08-16 09:00:00,2026-09-02 14:00:00
4286,SKU-04286,DigitalX Cámara Modelo 029,"Cámara DigitalX, modelo 029, producto para uso general.",9360.86,165,1,2026-08-17 09:00:00,2026-09-04 15:00:00
4287,SKU-04287,DigitalX Micrófono Modelo 030,"Micrófono DigitalX, modelo 030, producto para uso general.",2662.22,182,1,2026-08-18 09:00:00,2026-09-06 16:00:00
4288,SKU-04288,SmartOne Laptop Modelo 031,"Laptop SmartOne, modelo 031, producto para uso general.",14363.60,199,1,2026-08-19 09:00:00,2026-09-08 17:00:00
4289,SKU-04289,SmartOne Mouse Modelo 032,"Mouse SmartOne, modelo 032, producto para uso general.",284.89,15,1,2026-08-20 09:00:00,2026-09-10 18:00:00
4290,SKU-04290,SmartOne Teclado Modelo 033,"Teclado SmartOne, modelo 033, producto para uso general.",1666.31,32,1,2026-08-21 09:00:00,2026-09-12 19:00:00
4291,SKU-04291,SmartOne Monitor Modelo 034,"Monitor SmartOne, modelo 034, producto para uso general.",8367.71,49,1,2026-08-22 09:00:00,2026-09-14 20:00:00
4292,SKU-04292,SmartOne Audífonos Modelo 035,"Audífonos SmartOne, modelo 035, producto para uso general.",1919.06,66,1,2026-08-23 09:00:00,2026-09-16 09:00:00
4293,SKU-04293,SmartOne Webcam Modelo 036,"Webcam SmartOne, modelo 036, producto para uso general.",1270.42,83,1,2026-08-24 09:00:00,2026-09-18 10:00:00
4294,SKU-04294,SmartOne Memoria USB Modelo 037,"Memoria USB SmartOne, modelo 037, producto para uso general.",161.71,100,1,2026-08-25 09:00:00,2026-09-20 11:00:00
4295,SKU-04295,SmartOne Disco SSD Modelo 038,"Disco SSD SmartOne, modelo 038, producto para uso general.",3173.18,117,1,2026-08-26 09:00:00,2026-09-22 12:00:00
4296,SKU-04296,SmartOne Router Modelo 039,"Router SmartOne, modelo 039, producto para uso general.",674.54,134,1,2026-08-27 09:00:00,2026-09-24 13:00:00
4297,SKU-04297,SmartOne Impresora Modelo 040,"Impresora SmartOne, modelo 040, producto para uso general.",7675.93,151,1,2026-08-28 09:00:00,2026-09-26 14:00:00
4298,SKU-04298,SmartOne Bocina Bluetooth Modelo 041,"Bocina Bluetooth SmartOne, modelo 041, producto para uso general.",1627.28,168,1,2026-08-29 09:00:00,2026-08-29 15:00:00
4299,SKU-04299,SmartOne Tablet Modelo 042,"Tablet SmartOne, modelo 042, producto para uso general.",8378.67,185,1,2026-08-30 09:00:00,2026-08-31 16:00:00
4300,SKU-04300,SmartOne Cargador Modelo 043,"Cargador SmartOne, modelo 043, producto para uso general.",959.99,1,1,2026-08-31 09:00:00,2026-09-02 17:00:00
4301,SKU-04301,SmartOne Cable USB Modelo 044,"Cable USB SmartOne, modelo 044, producto para uso general.",81.27,18,1,2026-09-01 09:00:00,2026-09-04 18:00:00
4302,SKU-04302,SmartOne Smartwatch Modelo 045,"Smartwatch SmartOne, modelo 045, producto para uso general.",2782.77,35,1,2026-09-02 09:00:00,2026-09-06 19:00:00
4303,SKU-04303,SmartOne Teclado mecánico Modelo 046,"Teclado mecánico SmartOne, modelo 046, producto para uso general.",1184.12,52,1,2026-09-03 09:00:00,2026-09-08 20:00:00
4304,SKU-04304,SmartOne Silla de oficina Modelo 047,"Silla de oficina SmartOne, modelo 047, producto para uso general.",2485.51,69,1,2026-09-04 09:00:00,2026-09-10 09:00:00
4305,SKU-04305,SmartOne Mochila Modelo 048,"Mochila SmartOne, modelo 048, producto para uso general.",1086.86,86,1,2026-09-05 09:00:00,2026-09-12 10:00:00
4306,SKU-04306,SmartOne Cámara Modelo 049,"Cámara SmartOne, modelo 049, producto para uso general.",9388.26,103,1,2026-09-06 09:00:00,2026-09-14 11:00:00
4307,SKU-04307,SmartOne Micrófono Modelo 050,"Micrófono SmartOne, modelo 050, producto para uso general.",2689.62,120,1,2026-09-07 09:00:00,2026-09-16 12:00:00
4308,SKU-04308,ProLine Laptop Modelo 051,"Laptop ProLine, modelo 051, producto para uso general.",14391.00,137,1,2026-09-08 09:00:00,2026-09-18 13:00:00
4309,SKU-04309,ProLine Mouse Modelo 052,"Mouse ProLine, modelo 052, producto para uso general.",312.29,154,1,2026-09-09 09:00:00,2026-09-20 14:00:00
4310,SKU-04310,ProLine Teclado Modelo 053,"Teclado ProLine, modelo 053, producto para uso general.",1693.71,171,1,2026-09-10 09:00:00,2026-09-22 15:00:00
4311,SKU-04311,ProLine Monitor Modelo 054,"Monitor ProLine, modelo 054, producto para uso general.",8395.11,188,1,2026-09-11 09:00:00,2026-09-24 16:00:00
4312,SKU-04312,ProLine Audífonos Modelo 055,"Audífonos ProLine, modelo 055, producto para uso general.",1946.46,4,1,2026-09-12 09:00:00,2026-09-26 17:00:00
4313,SKU-04313,ProLine Webcam Modelo 056,"Webcam ProLine, modelo 056, producto para uso general.",1297.82,21,1,2026-09-13 09:00:00,2026-09-28 18:00:00
4314,SKU-04314,ProLine Memoria USB Modelo 057,"Memoria USB ProLine, modelo 057, producto para uso general.",189.11,38,1,2026-09-14 09:00:00,2026-09-30 19:00:00
4315,SKU-04315,ProLine Disco SSD Modelo 058,"Disco SSD ProLine, modelo 058, producto para uso general.",3200.58,55,1,2026-09-15 09:00:00,2026-10-02 20:00:00
4316,SKU-04316,ProLine Router Modelo 059,"Router ProLine, modelo 059, producto para uso general.",701.94,72,1,2026-09-16 09:00:00,2026-10-04 09:00:00
4317,SKU-04317,ProLine Impresora Modelo 060,"Impresora ProLine, modelo 060, producto para uso general.",7703.33,89,1,2026-09-17 09:00:00,2026-10-06 10:00:00
4318,SKU-04318,ProLine Bocina Bluetooth Modelo 061,"Bocina Bluetooth ProLine, modelo 061, producto para uso general.",1654.68,106,1,2026-09-18 09:00:00,2026-10-08 11:00:00
4319,SKU-04319,ProLine Tablet Modelo 062,"Tablet ProLine, modelo 062, producto para uso general.",8406.07,123,1,2026-09-19 09:00:00,2026-10-10 12:00:00
4320,SKU-04320,ProLine Cargador Modelo 063,"Cargador ProLine, modelo 063, producto para uso general.",987.39,140,1,2026-09-20 09:00:00,2026-10-12 13:00:00
4321,SKU-04321,ProLine Cable USB Modelo 064,"Cable USB ProLine, modelo 064, producto para uso general.",108.67,157,1,2026-09-21 09:00:00,2026-10-14 14:00:00
4322,SKU-04322,ProLine Smartwatch Modelo 065,"Smartwatch ProLine, modelo 065, producto para uso general.",2810.17,174,1,2026-09-22 09:00:00,2026-10-16 15:00:00
4323,SKU-04323,ProLine Teclado mecánico Modelo 066,"Teclado mecánico ProLine, modelo 066, producto para uso general.",1211.52,191,1,2026-09-23 09:00:00,2026-10-18 16:00:00
4324,SKU-04324,ProLine Silla de oficina Modelo 067,"Silla de oficina ProLine, modelo 067, producto para uso general.",2512.91,7,1,2026-09-24 09:00:00,2026-10-20 17:00:00
4325,SKU-04325,ProLine Mochila Modelo 068,"Mochila ProLine, modelo 068, producto para uso general.",1114.26,24,1,2026-09-25 09:00:00,2026-10-22 18:00:00
4326,SKU-04326,ProLine Cámara Modelo 069,"Cámara ProLine, modelo 069, producto para uso general.",9415.66,41,1,2026-09-26 09:00:00,2026-10-24 19:00:00
4327,SKU-04327,ProLine Micrófono Modelo 070,"Micrófono ProLine, modelo 070, producto para uso general.",2717.02,58,1,2026-09-27 09:00:00,2026-10-26 20:00:00
4328,SKU-04328,Ultra Laptop Modelo 071,"Laptop Ultra, modelo 071, producto para uso general.",14418.40,75,1,2026-01-01 09:00:00,2026-01-01 09:00:00
4329,SKU-04329,Ultra Mouse Modelo 072,"Mouse Ultra, modelo 072, producto para uso general.",339.69,92,1,2026-01-02 09:00:00,2026-01-03 10:00:00
4330,SKU-04330,Ultra Teclado Modelo 073,"Teclado Ultra, modelo 073, producto para uso general.",1721.11,109,1,2026-01-03 09:00:00,2026-01-05 11:00:00
4331,SKU-04331,Ultra Monitor Modelo 074,"Monitor Ultra, modelo 074, producto para uso general.",8422.51,126,1,2026-01-04 09:00:00,2026-01-07 12:00:00
4332,SKU-04332,Ultra Audífonos Modelo 075,"Audífonos Ultra, modelo 075, producto para uso general.",1973.86,143,1,2026-01-05 09:00:00,2026-01-09 13:00:00
4333,SKU-04333,Ultra Webcam Modelo 076,"Webcam Ultra, modelo 076, producto para uso general.",1325.22,160,1,2026-01-06 09:00:00,2026-01-11 14:00:00
4334,SKU-04334,Ultra Memoria USB Modelo 077,"Memoria USB Ultra, modelo 077, producto para uso general.",216.51,177,1,2026-01-07 09:00:00,2026-01-13 15:00:00
4335,SKU-04335,Ultra Disco SSD Modelo 078,"Disco SSD Ultra, modelo 078, producto para uso general.",3227.98,194,1,2026-01-08 09:00:00,2026-01-15 16:00:00
4336,SKU-04336,Ultra Router Modelo 079,"Router Ultra, modelo 079, producto para uso general.",729.34,10,1,2026-01-09 09:00:00,2026-01-17 17:00:00
4337,SKU-04337,Ultra Impresora Modelo 080,"Impresora Ultra, modelo 080, producto para uso general.",7730.73,27,1,2026-01-10 09:00:00,2026-01-19 18:00:00
4338,SKU-04338,Ultra Bocina Bluetooth Modelo 081,"Bocina Bluetooth Ultra, modelo 081, producto para uso general.",1682.08,44,1,2026-01-11 09:00:00,2026-01-21 19:00:00
4339,SKU-04339,Ultra Tablet Modelo 082,"Tablet Ultra, modelo 082, producto para uso general.",8433.47,61,1,2026-01-12 09:00:00,2026-01-23 20:00:00
4340,SKU-04340,Ultra Cargador Modelo 083,"Cargador Ultra, modelo 083, producto para uso general.",1014.79,78,1,2026-01-13 09:00:00,2026-01-25 09:00:00
4341,SKU-04341,Ultra Cable USB Modelo 084,"Cable USB Ultra, modelo 084, producto para uso general.",136.07,95,1,2026-01-14 09:00:00,2026-01-27 10:00:00
4342,SKU-04342,Ultra Smartwatch Modelo 085,"Smartwatch Ultra, modelo 085, producto para uso general.",2837.57,112,1,2026-01-15 09:00:00,2026-01-29 11:00:00
4343,SKU-04343,Ultra Teclado mecánico Modelo 086,"Teclado mecánico Ultra, modelo 086, producto para uso general.",1238.92,129,1,2026-01-16 09:00:00,2026-01-31 12:00:00
4344,SKU-04344,Ultra Silla de oficina Modelo 087,"Silla de oficina Ultra, modelo 087, producto para uso general.",2540.31,146,1,2026-01-17 09:00:00,2026-02-02 13:00:00
4345,SKU-04345,Ultra Mochila Modelo 088,"Mochila Ultra, modelo 088, producto para uso general.",1141.66,163,1,2026-01-18 09:00:00,2026-02-04 14:00:00
4346,SKU-04346,Ultra Cámara Modelo 089,"Cámara Ultra, modelo 089, producto para uso general.",9443.06,180,1,2026-01-19 09:00:00,2026-02-06 15:00:00
4347,SKU-04347,Ultra Micrófono Modelo 090,"Micrófono Ultra, modelo 090, producto para uso general.",2744.42,197,1,2026-01-20 09:00:00,2026-02-08 16:00:00
4348,SKU-04348,Vision Laptop Modelo 091,"Laptop Vision, modelo 091, producto para uso general.",14445.80,13,1,2026-01-21 09:00:00,2026-02-10 17:00:00
4349,SKU-04349,Vision Mouse Modelo 092,"Mouse Vision, modelo 092, producto para uso general.",367.09,30,1,2026-01-22 09:00:00,2026-02-12 18:00:00
4350,SKU-04350,Vision Teclado Modelo 093,"Teclado Vision, modelo 093, producto para uso general.",1748.51,47,1,2026-01-23 09:00:00,2026-02-14 19:00:00
4351,SKU-04351,Vision Monitor Modelo 094,"Monitor Vision, modelo 094, producto para uso general.",8449.91,64,1,2026-01-24 09:00:00,2026-02-16 20:00:00
4352,SKU-04352,Vision Audífonos Modelo 095,"Audífonos Vision, modelo 095, producto para uso general.",2001.26,81,1,2026-01-25 09:00:00,2026-02-18 09:00:00
4353,SKU-04353,Vision Webcam Modelo 096,"Webcam Vision, modelo 096, producto para uso general.",1352.62,98,1,2026-01-26 09:00:00,2026-02-20 10:00:00
4354,SKU-04354,Vision Memoria USB Modelo 097,"Memoria USB Vision, modelo 097, producto para uso general.",243.91,115,1,2026-01-27 09:00:00,2026-02-22 11:00:00
4355,SKU-04355,Vision Disco SSD Modelo 098,"Disco SSD Vision, modelo 098, producto para uso general.",3255.38,132,1,2026-01-28 09:00:00,2026-02-24 12:00:00
4356,SKU-04356,Vision Router Modelo 099,"Router Vision, modelo 099, producto para uso general.",756.74,149,1,2026-01-29 09:00:00,2026-02-26 13:00:00
4357,SKU-04357,Vision Impresora Modelo 100,"Impresora Vision, modelo 100, producto para uso general.",7758.13,166,1,2026-01-30 09:00:00,2026-02-28 14:00:00
4358,SKU-04358,Vision Bocina Bluetooth Modelo 101,"Bocina Bluetooth Vision, modelo 101, producto para uso general.",1709.48,183,1,2026-01-31 09:00:00,2026-01-31 15:00:00
4359,SKU-04359,Vision Tablet Modelo 102,"Tablet Vision, modelo 102, producto para uso general.",8460.87,200,1,2026-02-01 09:00:00,2026-02-02 16:00:00
4360,SKU-04360,Vision Cargador Modelo 103,"Cargador Vision, modelo 103, producto para uso general.",1042.19,16,1,2026-02-02 09:00:00,2026-02-04 17:00:00
4361,SKU-04361,Vision Cable USB Modelo 104,"Cable USB Vision, modelo 104, producto para uso general.",163.47,33,1,2026-02-03 09:00:00,2026-02-06 18:00:00
4362,SKU-04362,Vision Smartwatch Modelo 105,"Smartwatch Vision, modelo 105, producto para uso general.",2864.97,50,1,2026-02-04 09:00:00,2026-02-08 19:00:00
4363,SKU-04363,Vision Teclado mecánico Modelo 106,"Teclado mecánico Vision, modelo 106, producto para uso general.",1266.32,67,1,2026-02-05 09:00:00,2026-02-10 20:00:00
4364,SKU-04364,Vision Silla de oficina Modelo 107,"Silla de oficina Vision, modelo 107, producto para uso general.",2567.71,84,1,2026-02-06 09:00:00,2026-02-12 09:00:00
4365,SKU-04365,Vision Mochila Modelo 108,"Mochila Vision, modelo 108, producto para uso general.",1169.06,101,1,2026-02-07 09:00:00,2026-02-14 10:00:00
4366,SKU-04366,Vision Cámara Modelo 109,"Cámara Vision, modelo 109, producto para uso general.",9470.46,118,1,2026-02-08 09:00:00,2026-02-16 11:00:00
4367,SKU-04367,Vision Micrófono Modelo 110,"Micrófono Vision, modelo 110, producto para uso general.",2771.82,135,1,2026-02-09 09:00:00,2026-02-18 12:00:00
4368,SKU-04368,Connect Laptop Modelo 111,"Laptop Connect, modelo 111, producto para uso general.",14473.20,152,1,2026-02-10 09:00:00,2026-02-20 13:00:00
4369,SKU-04369,Connect Mouse Modelo 112,"Mouse Connect, modelo 112, producto para uso general.",394.49,169,1,2026-02-11 09:00:00,2026-02-22 14:00:00
4370,SKU-04370,Connect Teclado Modelo 113,"Teclado Connect, modelo 113, producto para uso general.",1775.91,186,1,2026-02-12 09:00:00,2026-02-24 15:00:00
4371,SKU-04371,Connect Monitor Modelo 114,"Monitor Connect, modelo 114, producto para uso general.",8477.31,2,1,2026-02-13 09:00:00,2026-02-26 16:00:00
4372,SKU-04372,Connect Audífonos Modelo 115,"Audífonos Connect, modelo 115, producto para uso general.",2028.66,19,1,2026-02-14 09:00:00,2026-02-28 17:00:00
4373,SKU-04373,Connect Webcam Modelo 116,"Webcam Connect, modelo 116, producto para uso general.",1380.02,36,1,2026-02-15 09:00:00,2026-03-02 18:00:00
4374,SKU-04374,Connect Memoria USB Modelo 117,"Memoria USB Connect, modelo 117, producto para uso general.",271.31,53,1,2026-02-16 09:00:00,2026-03-04 19:00:00
4375,SKU-04375,Connect Disco SSD Modelo 118,"Disco SSD Connect, modelo 118, producto para uso general.",3282.78,70,1,2026-02-17 09:00:00,2026-03-06 20:00:00
4376,SKU-04376,Connect Router Modelo 119,"Router Connect, modelo 119, producto para uso general.",784.14,87,1,2026-02-18 09:00:00,2026-03-08 09:00:00
4377,SKU-04377,Connect Impresora Modelo 120,"Impresora Connect, modelo 120, producto para uso general.",7785.53,104,1,2026-02-19 09:00:00,2026-03-10 10:00:00
4378,SKU-04378,Connect Bocina Bluetooth Modelo 121,"Bocina Bluetooth Connect, modelo 121, producto para uso general.",1736.88,121,1,2026-02-20 09:00:00,2026-03-12 11:00:00
4379,SKU-04379,Connect Tablet Modelo 122,"Tablet Connect, modelo 122, producto para uso general.",8488.27,138,1,2026-02-21 09:00:00,2026-03-14 12:00:00
4380,SKU-04380,Connect Cargador Modelo 123,"Cargador Connect, modelo 123, producto para uso general.",1069.59,155,1,2026-02-22 09:00:00,2026-03-16 13:00:00
4381,SKU-04381,Connect Cable USB Modelo 124,"Cable USB Connect, modelo 124, producto para uso general.",190.87,172,1,2026-02-23 09:00:00,2026-03-18 14:00:00
4382,SKU-04382,Connect Smartwatch Modelo 125,"Smartwatch Connect, modelo 125, producto para uso general.",2892.37,189,1,2026-02-24 09:00:00,2026-03-20 15:00:00
4383,SKU-04383,Connect Teclado mecánico Modelo 126,"Teclado mecánico Connect, modelo 126, producto para uso general.",1293.72,5,1,2026-02-25 09:00:00,2026-03-22 16:00:00
4384,SKU-04384,Connect Silla de oficina Modelo 127,"Silla de oficina Connect, modelo 127, producto para uso general.",2595.11,22,1,2026-02-26 09:00:00,2026-03-24 17:00:00
4385,SKU-04385,Connect Mochila Modelo 128,"Mochila Connect, modelo 128, producto para uso general.",1196.46,39,1,2026-02-27 09:00:00,2026-03-26 18:00:00
4386,SKU-04386,Connect Cámara Modelo 129,"Cámara Connect, modelo 129, producto para uso general.",9497.86,56,1,2026-02-28 09:00:00,2026-03-28 19:00:00
4387,SKU-04387,Connect Micrófono Modelo 130,"Micrófono Connect, modelo 130, producto para uso general.",2799.22,73,1,2026-03-01 09:00:00,2026-03-30 20:00:00
4388,SKU-04388,Advance Laptop Modelo 131,"Laptop Advance, modelo 131, producto para uso general.",14500.60,90,1,2026-03-02 09:00:00,2026-03-02 09:00:00
4389,SKU-04389,Advance Mouse Modelo 132,"Mouse Advance, modelo 132, producto para uso general.",421.89,107,1,2026-03-03 09:00:00,2026-03-04 10:00:00
4390,SKU-04390,Advance Teclado Modelo 133,"Teclado Advance, modelo 133, producto para uso general.",303.30,124,1,2026-03-04 09:00:00,2026-03-06 11:00:00
4391,SKU-04391,Advance Monitor Modelo 134,"Monitor Advance, modelo 134, producto para uso general.",8504.71,141,1,2026-03-05 09:00:00,2026-03-08 12:00:00
4392,SKU-04392,Advance Audífonos Modelo 135,"Audífonos Advance, modelo 135, producto para uso general.",2056.06,158,1,2026-03-06 09:00:00,2026-03-10 13:00:00
4393,SKU-04393,Advance Webcam Modelo 136,"Webcam Advance, modelo 136, producto para uso general.",1407.42,175,1,2026-03-07 09:00:00,2026-03-12 14:00:00
4394,SKU-04394,Advance Memoria USB Modelo 137,"Memoria USB Advance, modelo 137, producto para uso general.",298.71,192,1,2026-03-08 09:00:00,2026-03-14 15:00:00
4395,SKU-04395,Advance Disco SSD Modelo 138,"Disco SSD Advance, modelo 138, producto para uso general.",3310.18,8,1,2026-03-09 09:00:00,2026-03-16 16:00:00
4396,SKU-04396,Advance Router Modelo 139,"Router Advance, modelo 139, producto para uso general.",811.54,25,1,2026-03-10 09:00:00,2026-03-18 17:00:00
4397,SKU-04397,Advance Impresora Modelo 140,"Impresora Advance, modelo 140, producto para uso general.",7812.93,42,1,2026-03-11 09:00:00,2026-03-20 18:00:00
4398,SKU-04398,Advance Bocina Bluetooth Modelo 141,"Bocina Bluetooth Advance, modelo 141, producto para uso general.",1764.28,59,1,2026-03-12 09:00:00,2026-03-22 19:00:00
4399,SKU-04399,Advance Tablet Modelo 142,"Tablet Advance, modelo 142, producto para uso general.",8515.67,76,1,2026-03-13 09:00:00,2026-03-24 20:00:00
4400,SKU-04400,Advance Cargador Modelo 143,"Cargador Advance, modelo 143, producto para uso general.",1096.99,93,1,2026-03-14 09:00:00,2026-03-26 09:00:00
4401,SKU-04401,Advance Cable USB Modelo 144,"Cable USB Advance, modelo 144, producto para uso general.",218.27,110,1,2026-03-15 09:00:00,2026-03-28 10:00:00
4402,SKU-04402,Advance Smartwatch Modelo 145,"Smartwatch Advance, modelo 145, producto para uso general.",2919.77,127,1,2026-03-16 09:00:00,2026-03-30 11:00:00
4403,SKU-04403,Advance Teclado mecánico Modelo 146,"Teclado mecánico Advance, modelo 146, producto para uso general.",1321.12,144,1,2026-03-17 09:00:00,2026-04-01 12:00:00
4404,SKU-04404,Advance Silla de oficina Modelo 147,"Silla de oficina Advance, modelo 147, producto para uso general.",2622.51,161,1,2026-03-18 09:00:00,2026-04-03 13:00:00
4405,SKU-04405,Advance Mochila Modelo 148,"Mochila Advance, modelo 148, producto para uso general.",1223.86,178,1,2026-03-19 09:00:00,2026-04-05 14:00:00
4406,SKU-04406,Advance Cámara Modelo 149,"Cámara Advance, modelo 149, producto para uso general.",9525.26,195,1,2026-03-20 09:00:00,2026-04-07 15:00:00
4407,SKU-04407,Advance Micrófono Modelo 150,"Micrófono Advance, modelo 150, producto para uso general.",2826.62,11,1,2026-03-21 09:00:00,2026-04-09 16:00:00
4408,SKU-04408,TechPro Laptop Modelo 151,"Laptop TechPro, modelo 151, producto para uso general.",14528.00,28,1,2026-03-22 09:00:00,2026-04-11 17:00:00
4409,SKU-04409,TechPro Mouse Modelo 152,"Mouse TechPro, modelo 152, producto para uso general.",449.29,45,1,2026-03-23 09:00:00,2026-04-13 18:00:00
4410,SKU-04410,TechPro Teclado Modelo 153,"Teclado TechPro, modelo 153, producto para uso general.",330.70,62,1,2026-03-24 09:00:00,2026-04-15 19:00:00
4411,SKU-04411,TechPro Monitor Modelo 154,"Monitor TechPro, modelo 154, producto para uso general.",8532.11,79,1,2026-03-25 09:00:00,2026-04-17 20:00:00
4412,SKU-04412,TechPro Audífonos Modelo 155,"Audífonos TechPro, modelo 155, producto para uso general.",2083.46,96,1,2026-03-26 09:00:00,2026-04-19 09:00:00
4413,SKU-04413,TechPro Webcam Modelo 156,"Webcam TechPro, modelo 156, producto para uso general.",1434.82,113,1,2026-03-27 09:00:00,2026-04-21 10:00:00
4414,SKU-04414,TechPro Memoria USB Modelo 157,"Memoria USB TechPro, modelo 157, producto para uso general.",326.11,130,1,2026-03-28 09:00:00,2026-04-23 11:00:00
4415,SKU-04415,TechPro Disco SSD Modelo 158,"Disco SSD TechPro, modelo 158, producto para uso general.",3337.58,147,1,2026-03-29 09:00:00,2026-04-25 12:00:00
4416,SKU-04416,TechPro Router Modelo 159,"Router TechPro, modelo 159, producto para uso general.",838.94,164,1,2026-03-30 09:00:00,2026-04-27 13:00:00
4417,SKU-04417,TechPro Impresora Modelo 160,"Impresora TechPro, modelo 160, producto para uso general.",7840.33,181,1,2026-03-31 09:00:00,2026-04-29 14:00:00
4418,SKU-04418,TechPro Bocina Bluetooth Modelo 161,"Bocina Bluetooth TechPro, modelo 161, producto para uso general.",1791.68,198,1,2026-04-01 09:00:00,2026-04-01 15:00:00
4419,SKU-04419,TechPro Tablet Modelo 162,"Tablet TechPro, modelo 162, producto para uso general.",8543.07,14,1,2026-04-02 09:00:00,2026-04-03 16:00:00
4420,SKU-04420,TechPro Cargador Modelo 163,"Cargador TechPro, modelo 163, producto para uso general.",1124.39,31,1,2026-04-03 09:00:00,2026-04-05 17:00:00
4421,SKU-04421,TechPro Cable USB Modelo 164,"Cable USB TechPro, modelo 164, producto para uso general.",245.67,48,1,2026-04-04 09:00:00,2026-04-07 18:00:00
4422,SKU-04422,TechPro Smartwatch Modelo 165,"Smartwatch TechPro, modelo 165, producto para uso general.",2947.17,65,1,2026-04-05 09:00:00,2026-04-09 19:00:00
4423,SKU-04423,TechPro Teclado mecánico Modelo 166,"Teclado mecánico TechPro, modelo 166, producto para uso general.",1348.52,82,1,2026-04-06 09:00:00,2026-04-11 20:00:00
4424,SKU-04424,TechPro Silla de oficina Modelo 167,"Silla de oficina TechPro, modelo 167, producto para uso general.",2649.91,99,1,2026-04-07 09:00:00,2026-04-13 09:00:00
4425,SKU-04425,TechPro Mochila Modelo 168,"Mochila TechPro, modelo 168, producto para uso general.",1251.26,116,1,2026-04-08 09:00:00,2026-04-15 10:00:00
4426,SKU-04426,TechPro Cámara Modelo 169,"Cámara TechPro, modelo 169, producto para uso general.",9552.66,133,1,2026-04-09 09:00:00,2026-04-17 11:00:00
4427,SKU-04427,TechPro Micrófono Modelo 170,"Micrófono TechPro, modelo 170, producto para uso general.",2854.02,150,1,2026-04-10 09:00:00,2026-04-19 12:00:00
4428,SKU-04428,Nova Laptop Modelo 171,"Laptop Nova, modelo 171, producto para uso general.",14555.40,167,1,2026-04-11 09:00:00,2026-04-21 13:00:00
4429,SKU-04429,Nova Mouse Modelo 172,"Mouse Nova, modelo 172, producto para uso general.",476.69,184,1,2026-04-12 09:00:00,2026-04-23 14:00:00
4430,SKU-04430,Nova Teclado Modelo 173,"Teclado Nova, modelo 173, producto para uso general.",358.10,0,0,2026-04-13 09:00:00,2026-04-25 15:00:00
4431,SKU-04431,Nova Monitor Modelo 174,"Monitor Nova, modelo 174, producto para uso general.",8559.51,17,1,2026-04-14 09:00:00,2026-04-27 16:00:00
4432,SKU-04432,Nova Audífonos Modelo 175,"Audífonos Nova, modelo 175, producto para uso general.",2110.86,34,1,2026-04-15 09:00:00,2026-04-29 17:00:00
4433,SKU-04433,Nova Webcam Modelo 176,"Webcam Nova, modelo 176, producto para uso general.",1462.22,51,1,2026-04-16 09:00:00,2026-05-01 18:00:00
4434,SKU-04434,Nova Memoria USB Modelo 177,"Memoria USB Nova, modelo 177, producto para uso general.",353.51,68,1,2026-04-17 09:00:00,2026-05-03 19:00:00
4435,SKU-04435,Nova Disco SSD Modelo 178,"Disco SSD Nova, modelo 178, producto para uso general.",3364.98,85,1,2026-04-18 09:00:00,2026-05-05 20:00:00
4436,SKU-04436,Nova Router Modelo 179,"Router Nova, modelo 179, producto para uso general.",866.34,102,1,2026-04-19 09:00:00,2026-05-07 09:00:00
4437,SKU-04437,Nova Impresora Modelo 180,"Impresora Nova, modelo 180, producto para uso general.",7867.73,119,1,2026-04-20 09:00:00,2026-05-09 10:00:00
4438,SKU-04438,Nova Bocina Bluetooth Modelo 181,"Bocina Bluetooth Nova, modelo 181, producto para uso general.",1819.08,136,1,2026-04-21 09:00:00,2026-05-11 11:00:00
4439,SKU-04439,Nova Tablet Modelo 182,"Tablet Nova, modelo 182, producto para uso general.",8570.47,153,1,2026-04-22 09:00:00,2026-05-13 12:00:00
4440,SKU-04440,Nova Cargador Modelo 183,"Cargador Nova, modelo 183, producto para uso general.",1151.79,170,1,2026-04-23 09:00:00,2026-05-15 13:00:00
4441,SKU-04441,Nova Cable USB Modelo 184,"Cable USB Nova, modelo 184, producto para uso general.",273.07,187,1,2026-04-24 09:00:00,2026-05-17 14:00:00
4442,SKU-04442,Nova Smartwatch Modelo 185,"Smartwatch Nova, modelo 185, producto para uso general.",2974.57,3,1,2026-04-25 09:00:00,2026-05-19 15:00:00
4443,SKU-04443,Nova Teclado mecánico Modelo 186,"Teclado mecánico Nova, modelo 186, producto para uso general.",1375.92,20,1,2026-04-26 09:00:00,2026-05-21 16:00:00
4444,SKU-04444,Nova Silla de oficina Modelo 187,"Silla de oficina Nova, modelo 187, producto para uso general.",2677.31,37,1,2026-04-27 09:00:00,2026-05-23 17:00:00
4445,SKU-04445,Nova Mochila Modelo 188,"Mochila Nova, modelo 188, producto para uso general.",1278.66,54,1,2026-04-28 09:00:00,2026-05-25 18:00:00
4446,SKU-04446,Nova Cámara Modelo 189,"Cámara Nova, modelo 189, producto para uso general.",9580.06,71,1,2026-04-29 09:00:00,2026-05-27 19:00:00
4447,SKU-04447,Nova Micrófono Modelo 190,"Micrófono Nova, modelo 190, producto para uso general.",2881.42,88,1,2026-04-30 09:00:00,2026-05-29 20:00:00
4448,SKU-04448,MaxiTech Laptop Modelo 191,"Laptop MaxiTech, modelo 191, producto para uso general.",14582.80,105,1,2026-05-01 09:00:00,2026-05-01 09:00:00
4449,SKU-04449,MaxiTech Mouse Modelo 192,"Mouse MaxiTech, modelo 192, producto para uso general.",504.09,122,1,2026-05-02 09:00:00,2026-05-03 10:00:00
4450,SKU-04450,MaxiTech Teclado Modelo 193,"Teclado MaxiTech, modelo 193, producto para uso general.",385.50,139,1,2026-05-03 09:00:00,2026-05-05 11:00:00
4451,SKU-04451,MaxiTech Monitor Modelo 194,"Monitor MaxiTech, modelo 194, producto para uso general.",8586.91,156,1,2026-05-04 09:00:00,2026-05-07 12:00:00
4452,SKU-04452,MaxiTech Audífonos Modelo 195,"Audífonos MaxiTech, modelo 195, producto para uso general.",2138.26,173,1,2026-05-05 09:00:00,2026-05-09 13:00:00
4453,SKU-04453,MaxiTech Webcam Modelo 196,"Webcam MaxiTech, modelo 196, producto para uso general.",1489.62,190,1,2026-05-06 09:00:00,2026-05-11 14:00:00
4454,SKU-04454,MaxiTech Memoria USB Modelo 197,"Memoria USB MaxiTech, modelo 197, producto para uso general.",380.91,6,1,2026-05-07 09:00:00,2026-05-13 15:00:00
4455,SKU-04455,MaxiTech Disco SSD Modelo 198,"Disco SSD MaxiTech, modelo 198, producto para uso general.",3392.38,23,1,2026-05-08 09:00:00,2026-05-15 16:00:00
4456,SKU-04456,MaxiTech Router Modelo 199,"Router MaxiTech, modelo 199, producto para uso general.",893.74,40,1,2026-05-09 09:00:00,2026-05-17 17:00:00
4457,SKU-04457,MaxiTech Impresora Modelo 200,"Impresora MaxiTech, modelo 200, producto para uso general.",7895.13,57,1,2026-05-10 09:00:00,2026-05-19 18:00:00
4458,SKU-04458,MaxiTech Bocina Bluetooth Modelo 201,"Bocina Bluetooth MaxiTech, modelo 201, producto para uso general.",1846.48,74,1,2026-05-11 09:00:00,2026-05-21 19:00:00
4459,SKU-04459,MaxiTech Tablet Modelo 202,"Tablet MaxiTech, modelo 202, producto para uso general.",8597.87,91,1,2026-05-12 09:00:00,2026-05-23 20:00:00
4460,SKU-04460,MaxiTech Cargador Modelo 203,"Cargador MaxiTech, modelo 203, producto para uso general.",1179.19,108,1,2026-05-13 09:00:00,2026-05-25 09:00:00
4461,SKU-04461,MaxiTech Cable USB Modelo 204,"Cable USB MaxiTech, modelo 204, producto para uso general.",300.47,125,1,2026-05-14 09:00:00,2026-05-27 10:00:00
4462,SKU-04462,MaxiTech Smartwatch Modelo 205,"Smartwatch MaxiTech, modelo 205, producto para uso general.",3001.97,142,1,2026-05-15 09:00:00,2026-05-29 11:00:00
4463,SKU-04463,MaxiTech Teclado mecánico Modelo 206,"Teclado mecánico MaxiTech, modelo 206, producto para uso general.",1403.32,159,1,2026-05-16 09:00:00,2026-05-31 12:00:00
4464,SKU-04464,MaxiTech Silla de oficina Modelo 207,"Silla de oficina MaxiTech, modelo 207, producto para uso general.",2704.71,176,1,2026-05-17 09:00:00,2026-06-02 13:00:00
4465,SKU-04465,MaxiTech Mochila Modelo 208,"Mochila MaxiTech, modelo 208, producto para uso general.",1306.06,193,1,2026-05-18 09:00:00,2026-06-04 14:00:00
4466,SKU-04466,MaxiTech Cámara Modelo 209,"Cámara MaxiTech, modelo 209, producto para uso general.",9607.46,9,1,2026-05-19 09:00:00,2026-06-06 15:00:00
4467,SKU-04467,MaxiTech Micrófono Modelo 210,"Micrófono MaxiTech, modelo 210, producto para uso general.",2908.82,26,1,2026-05-20 09:00:00,2026-06-08 16:00:00
4468,SKU-04468,DigitalX Laptop Modelo 211,"Laptop DigitalX, modelo 211, producto para uso general.",14610.20,43,1,2026-05-21 09:00:00,2026-06-10 17:00:00
4469,SKU-04469,DigitalX Mouse Modelo 212,"Mouse DigitalX, modelo 212, producto para uso general.",531.49,60,1,2026-05-22 09:00:00,2026-06-12 18:00:00
4470,SKU-04470,DigitalX Teclado Modelo 213,"Teclado DigitalX, modelo 213, producto para uso general.",412.90,77,1,2026-05-23 09:00:00,2026-06-14 19:00:00
4471,SKU-04471,DigitalX Monitor Modelo 214,"Monitor DigitalX, modelo 214, producto para uso general.",8614.31,94,1,2026-05-24 09:00:00,2026-06-16 20:00:00
4472,SKU-04472,DigitalX Audífonos Modelo 215,"Audífonos DigitalX, modelo 215, producto para uso general.",2165.66,111,1,2026-05-25 09:00:00,2026-06-18 09:00:00
4473,SKU-04473,DigitalX Webcam Modelo 216,"Webcam DigitalX, modelo 216, producto para uso general.",1517.02,128,1,2026-05-26 09:00:00,2026-06-20 10:00:00
4474,SKU-04474,DigitalX Memoria USB Modelo 217,"Memoria USB DigitalX, modelo 217, producto para uso general.",408.31,145,1,2026-05-27 09:00:00,2026-06-22 11:00:00
4475,SKU-04475,DigitalX Disco SSD Modelo 218,"Disco SSD DigitalX, modelo 218, producto para uso general.",3419.78,162,1,2026-05-28 09:00:00,2026-06-24 12:00:00
4476,SKU-04476,DigitalX Router Modelo 219,"Router DigitalX, modelo 219, producto para uso general.",921.14,179,1,2026-05-29 09:00:00,2026-06-26 13:00:00
4477,SKU-04477,DigitalX Impresora Modelo 220,"Impresora DigitalX, modelo 220, producto para uso general.",7922.53,196,1,2026-05-30 09:00:00,2026-06-28 14:00:00
4478,SKU-04478,DigitalX Bocina Bluetooth Modelo 221,"Bocina Bluetooth DigitalX, modelo 221, producto para uso general.",1873.88,12,1,2026-05-31 09:00:00,2026-05-31 15:00:00
4479,SKU-04479,DigitalX Tablet Modelo 222,"Tablet DigitalX, modelo 222, producto para uso general.",8625.27,29,1,2026-06-01 09:00:00,2026-06-02 16:00:00
4480,SKU-04480,DigitalX Cargador Modelo 223,"Cargador DigitalX, modelo 223, producto para uso general.",186.58,46,1,2026-06-02 09:00:00,2026-06-04 17:00:00
4481,SKU-04481,DigitalX Cable USB Modelo 224,"Cable USB DigitalX, modelo 224, producto para uso general.",327.87,63,1,2026-06-03 09:00:00,2026-06-06 18:00:00
4482,SKU-04482,DigitalX Smartwatch Modelo 225,"Smartwatch DigitalX, modelo 225, producto para uso general.",3029.37,80,1,2026-06-04 09:00:00,2026-06-08 19:00:00
4483,SKU-04483,DigitalX Teclado mecánico Modelo 226,"Teclado mecánico DigitalX, modelo 226, producto para uso general.",1430.72,97,1,2026-06-05 09:00:00,2026-06-10 20:00:00
4484,SKU-04484,DigitalX Silla de oficina Modelo 227,"Silla de oficina DigitalX, modelo 227, producto para uso general.",2732.11,114,1,2026-06-06 09:00:00,2026-06-12 09:00:00
4485,SKU-04485,DigitalX Mochila Modelo 228,"Mochila DigitalX, modelo 228, producto para uso general.",1333.46,131,1,2026-06-07 09:00:00,2026-06-14 10:00:00
4486,SKU-04486,DigitalX Cámara Modelo 229,"Cámara DigitalX, modelo 229, producto para uso general.",9634.86,148,1,2026-06-08 09:00:00,2026-06-16 11:00:00
4487,SKU-04487,DigitalX Micrófono Modelo 230,"Micrófono DigitalX, modelo 230, producto para uso general.",2936.22,165,1,2026-06-09 09:00:00,2026-06-18 12:00:00
4488,SKU-04488,SmartOne Laptop Modelo 231,"Laptop SmartOne, modelo 231, producto para uso general.",14637.60,182,1,2026-06-10 09:00:00,2026-06-20 13:00:00
4489,SKU-04489,SmartOne Mouse Modelo 232,"Mouse SmartOne, modelo 232, producto para uso general.",558.89,199,1,2026-06-11 09:00:00,2026-06-22 14:00:00
4490,SKU-04490,SmartOne Teclado Modelo 233,"Teclado SmartOne, modelo 233, producto para uso general.",440.30,15,1,2026-06-12 09:00:00,2026-06-24 15:00:00
4491,SKU-04491,SmartOne Monitor Modelo 234,"Monitor SmartOne, modelo 234, producto para uso general.",8641.71,32,1,2026-06-13 09:00:00,2026-06-26 16:00:00
4492,SKU-04492,SmartOne Audífonos Modelo 235,"Audífonos SmartOne, modelo 235, producto para uso general.",2193.06,49,1,2026-06-14 09:00:00,2026-06-28 17:00:00
4493,SKU-04493,SmartOne Webcam Modelo 236,"Webcam SmartOne, modelo 236, producto para uso general.",1544.42,66,1,2026-06-15 09:00:00,2026-06-30 18:00:00
4494,SKU-04494,SmartOne Memoria USB Modelo 237,"Memoria USB SmartOne, modelo 237, producto para uso general.",435.71,83,1,2026-06-16 09:00:00,2026-07-02 19:00:00
4495,SKU-04495,SmartOne Disco SSD Modelo 238,"Disco SSD SmartOne, modelo 238, producto para uso general.",3447.18,100,1,2026-06-17 09:00:00,2026-07-04 20:00:00
4496,SKU-04496,SmartOne Router Modelo 239,"Router SmartOne, modelo 239, producto para uso general.",948.54,117,1,2026-06-18 09:00:00,2026-07-06 09:00:00
4497,SKU-04497,SmartOne Impresora Modelo 240,"Impresora SmartOne, modelo 240, producto para uso general.",7949.93,134,1,2026-06-19 09:00:00,2026-07-08 10:00:00
4498,SKU-04498,SmartOne Bocina Bluetooth Modelo 241,"Bocina Bluetooth SmartOne, modelo 241, producto para uso general.",1901.28,151,1,2026-06-20 09:00:00,2026-07-10 11:00:00
4499,SKU-04499,SmartOne Tablet Modelo 242,"Tablet SmartOne, modelo 242, producto para uso general.",8652.67,168,1,2026-06-21 09:00:00,2026-07-12 12:00:00
4500,SKU-04500,SmartOne Cargador Modelo 243,"Cargador SmartOne, modelo 243, producto para uso general.",213.98,185,1,2026-06-22 09:00:00,2026-07-14 13:00:00
4501,SKU-04501,SmartOne Cable USB Modelo 244,"Cable USB SmartOne, modelo 244, producto para uso general.",355.27,1,1,2026-06-23 09:00:00,2026-07-16 14:00:00
4502,SKU-04502,SmartOne Smartwatch Modelo 245,"Smartwatch SmartOne, modelo 245, producto para uso general.",3056.77,18,1,2026-06-24 09:00:00,2026-07-18 15:00:00
4503,SKU-04503,SmartOne Teclado mecánico Modelo 246,"Teclado mecánico SmartOne, modelo 246, producto para uso general.",1458.12,35,1,2026-06-25 09:00:00,2026-07-20 16:00:00
4504,SKU-04504,SmartOne Silla de oficina Modelo 247,"Silla de oficina SmartOne, modelo 247, producto para uso general.",2759.51,52,1,2026-06-26 09:00:00,2026-07-22 17:00:00
4505,SKU-04505,SmartOne Mochila Modelo 248,"Mochila SmartOne, modelo 248, producto para uso general.",1360.86,69,1,2026-06-27 09:00:00,2026-07-24 18:00:00
4506,SKU-04506,SmartOne Cámara Modelo 249,"Cámara SmartOne, modelo 249, producto para uso general.",9662.26,86,1,2026-06-28 09:00:00,2026-07-26 19:00:00
4507,SKU-04507,SmartOne Micrófono Modelo 250,"Micrófono SmartOne, modelo 250, producto para uso general.",2963.62,103,1,2026-06-29 09:00:00,2026-07-28 20:00:00
4508,SKU-04508,ProLine Laptop Modelo 001,"Laptop ProLine, modelo 001, producto para uso general.",14665.00,120,1,2026-06-30 09:00:00,2026-06-30 09:00:00
4509,SKU-04509,ProLine Mouse Modelo 002,"Mouse ProLine, modelo 002, producto para uso general.",586.29,137,1,2026-07-01 09:00:00,2026-07-02 10:00:00
4510,SKU-04510,ProLine Teclado Modelo 003,"Teclado ProLine, modelo 003, producto para uso general.",467.70,154,1,2026-07-02 09:00:00,2026-07-04 11:00:00
4511,SKU-04511,ProLine Monitor Modelo 004,"Monitor ProLine, modelo 004, producto para uso general.",8669.11,171,1,2026-07-03 09:00:00,2026-07-06 12:00:00
4512,SKU-04512,ProLine Audífonos Modelo 005,"Audífonos ProLine, modelo 005, producto para uso general.",2220.46,188,1,2026-07-04 09:00:00,2026-07-08 13:00:00
4513,SKU-04513,ProLine Webcam Modelo 006,"Webcam ProLine, modelo 006, producto para uso general.",1571.82,4,1,2026-07-05 09:00:00,2026-07-10 14:00:00
4514,SKU-04514,ProLine Memoria USB Modelo 007,"Memoria USB ProLine, modelo 007, producto para uso general.",463.11,21,1,2026-07-06 09:00:00,2026-07-12 15:00:00
4515,SKU-04515,ProLine Disco SSD Modelo 008,"Disco SSD ProLine, modelo 008, producto para uso general.",3474.58,38,1,2026-07-07 09:00:00,2026-07-14 16:00:00
4516,SKU-04516,ProLine Router Modelo 009,"Router ProLine, modelo 009, producto para uso general.",975.94,55,1,2026-07-08 09:00:00,2026-07-16 17:00:00
4517,SKU-04517,ProLine Impresora Modelo 010,"Impresora ProLine, modelo 010, producto para uso general.",7977.33,72,1,2026-07-09 09:00:00,2026-07-18 18:00:00
4518,SKU-04518,ProLine Bocina Bluetooth Modelo 011,"Bocina Bluetooth ProLine, modelo 011, producto para uso general.",1928.68,89,1,2026-07-10 09:00:00,2026-07-20 19:00:00
4519,SKU-04519,ProLine Tablet Modelo 012,"Tablet ProLine, modelo 012, producto para uso general.",8680.07,106,1,2026-07-11 09:00:00,2026-07-22 20:00:00
4520,SKU-04520,ProLine Cargador Modelo 013,"Cargador ProLine, modelo 013, producto para uso general.",241.38,123,1,2026-07-12 09:00:00,2026-07-24 09:00:00
4521,SKU-04521,ProLine Cable USB Modelo 014,"Cable USB ProLine, modelo 014, producto para uso general.",382.67,140,1,2026-07-13 09:00:00,2026-07-26 10:00:00
4522,SKU-04522,ProLine Smartwatch Modelo 015,"Smartwatch ProLine, modelo 015, producto para uso general.",3084.17,157,1,2026-07-14 09:00:00,2026-07-28 11:00:00
4523,SKU-04523,ProLine Teclado mecánico Modelo 016,"Teclado mecánico ProLine, modelo 016, producto para uso general.",1485.52,174,1,2026-07-15 09:00:00,2026-07-30 12:00:00
4524,SKU-04524,ProLine Silla de oficina Modelo 017,"Silla de oficina ProLine, modelo 017, producto para uso general.",2786.91,191,1,2026-07-16 09:00:00,2026-08-01 13:00:00
4525,SKU-04525,ProLine Mochila Modelo 018,"Mochila ProLine, modelo 018, producto para uso general.",1388.26,7,1,2026-07-17 09:00:00,2026-08-03 14:00:00
4526,SKU-04526,ProLine Cámara Modelo 019,"Cámara ProLine, modelo 019, producto para uso general.",9689.66,24,1,2026-07-18 09:00:00,2026-08-05 15:00:00
4527,SKU-04527,ProLine Micrófono Modelo 020,"Micrófono ProLine, modelo 020, producto para uso general.",2991.02,41,1,2026-07-19 09:00:00,2026-08-07 16:00:00
4528,SKU-04528,Ultra Laptop Modelo 021,"Laptop Ultra, modelo 021, producto para uso general.",14692.40,58,1,2026-07-20 09:00:00,2026-08-09 17:00:00
4529,SKU-04529,Ultra Mouse Modelo 022,"Mouse Ultra, modelo 022, producto para uso general.",613.69,75,1,2026-07-21 09:00:00,2026-08-11 18:00:00
4530,SKU-04530,Ultra Teclado Modelo 023,"Teclado Ultra, modelo 023, producto para uso general.",495.10,92,1,2026-07-22 09:00:00,2026-08-13 19:00:00
4531,SKU-04531,Ultra Monitor Modelo 024,"Monitor Ultra, modelo 024, producto para uso general.",8696.51,109,1,2026-07-23 09:00:00,2026-08-15 20:00:00
4532,SKU-04532,Ultra Audífonos Modelo 025,"Audífonos Ultra, modelo 025, producto para uso general.",2247.86,126,1,2026-07-24 09:00:00,2026-08-17 09:00:00
4533,SKU-04533,Ultra Webcam Modelo 026,"Webcam Ultra, modelo 026, producto para uso general.",1599.22,143,1,2026-07-25 09:00:00,2026-08-19 10:00:00
4534,SKU-04534,Ultra Memoria USB Modelo 027,"Memoria USB Ultra, modelo 027, producto para uso general.",490.51,160,1,2026-07-26 09:00:00,2026-08-21 11:00:00
4535,SKU-04535,Ultra Disco SSD Modelo 028,"Disco SSD Ultra, modelo 028, producto para uso general.",3501.98,177,1,2026-07-27 09:00:00,2026-08-23 12:00:00
4536,SKU-04536,Ultra Router Modelo 029,"Router Ultra, modelo 029, producto para uso general.",1003.34,194,1,2026-07-28 09:00:00,2026-08-25 13:00:00
4537,SKU-04537,Ultra Impresora Modelo 030,"Impresora Ultra, modelo 030, producto para uso general.",8004.73,10,1,2026-07-29 09:00:00,2026-08-27 14:00:00
4538,SKU-04538,Ultra Bocina Bluetooth Modelo 031,"Bocina Bluetooth Ultra, modelo 031, producto para uso general.",1956.08,27,1,2026-07-30 09:00:00,2026-07-30 15:00:00
4539,SKU-04539,Ultra Tablet Modelo 032,"Tablet Ultra, modelo 032, producto para uso general.",8707.47,44,1,2026-07-31 09:00:00,2026-08-01 16:00:00
4540,SKU-04540,Ultra Cargador Modelo 033,"Cargador Ultra, modelo 033, producto para uso general.",268.78,61,1,2026-08-01 09:00:00,2026-08-03 17:00:00
4541,SKU-04541,Ultra Cable USB Modelo 034,"Cable USB Ultra, modelo 034, producto para uso general.",410.07,78,1,2026-08-02 09:00:00,2026-08-05 18:00:00
4542,SKU-04542,Ultra Smartwatch Modelo 035,"Smartwatch Ultra, modelo 035, producto para uso general.",3111.57,95,1,2026-08-03 09:00:00,2026-08-07 19:00:00
4543,SKU-04543,Ultra Teclado mecánico Modelo 036,"Teclado mecánico Ultra, modelo 036, producto para uso general.",1512.92,112,1,2026-08-04 09:00:00,2026-08-09 20:00:00
4544,SKU-04544,Ultra Silla de oficina Modelo 037,"Silla de oficina Ultra, modelo 037, producto para uso general.",2814.31,129,1,2026-08-05 09:00:00,2026-08-11 09:00:00
4545,SKU-04545,Ultra Mochila Modelo 038,"Mochila Ultra, modelo 038, producto para uso general.",1415.66,146,1,2026-08-06 09:00:00,2026-08-13 10:00:00
4546,SKU-04546,Ultra Cámara Modelo 039,"Cámara Ultra, modelo 039, producto para uso general.",9717.06,163,1,2026-08-07 09:00:00,2026-08-15 11:00:00
4547,SKU-04547,Ultra Micrófono Modelo 040,"Micrófono Ultra, modelo 040, producto para uso general.",3018.42,180,1,2026-08-08 09:00:00,2026-08-17 12:00:00
4548,SKU-04548,Vision Laptop Modelo 041,"Laptop Vision, modelo 041, producto para uso general.",14719.80,197,1,2026-08-09 09:00:00,2026-08-19 13:00:00
4549,SKU-04549,Vision Mouse Modelo 042,"Mouse Vision, modelo 042, producto para uso general.",641.09,13,1,2026-08-10 09:00:00,2026-08-21 14:00:00
4550,SKU-04550,Vision Teclado Modelo 043,"Teclado Vision, modelo 043, producto para uso general.",522.50,30,1,2026-08-11 09:00:00,2026-08-23 15:00:00
4551,SKU-04551,Vision Monitor Modelo 044,"Monitor Vision, modelo 044, producto para uso general.",8723.91,47,1,2026-08-12 09:00:00,2026-08-25 16:00:00
4552,SKU-04552,Vision Audífonos Modelo 045,"Audífonos Vision, modelo 045, producto para uso general.",2275.26,64,1,2026-08-13 09:00:00,2026-08-27 17:00:00
4553,SKU-04553,Vision Webcam Modelo 046,"Webcam Vision, modelo 046, producto para uso general.",1626.62,81,1,2026-08-14 09:00:00,2026-08-29 18:00:00
4554,SKU-04554,Vision Memoria USB Modelo 047,"Memoria USB Vision, modelo 047, producto para uso general.",517.91,98,1,2026-08-15 09:00:00,2026-08-31 19:00:00
4555,SKU-04555,Vision Disco SSD Modelo 048,"Disco SSD Vision, modelo 048, producto para uso general.",3529.38,115,1,2026-08-16 09:00:00,2026-09-02 20:00:00
4556,SKU-04556,Vision Router Modelo 049,"Router Vision, modelo 049, producto para uso general.",1030.74,132,1,2026-08-17 09:00:00,2026-09-04 09:00:00
4557,SKU-04557,Vision Impresora Modelo 050,"Impresora Vision, modelo 050, producto para uso general.",8032.13,149,1,2026-08-18 09:00:00,2026-09-06 10:00:00
4558,SKU-04558,Vision Bocina Bluetooth Modelo 051,"Bocina Bluetooth Vision, modelo 051, producto para uso general.",1983.48,166,1,2026-08-19 09:00:00,2026-09-08 11:00:00
4559,SKU-04559,Vision Tablet Modelo 052,"Tablet Vision, modelo 052, producto para uso general.",8734.87,183,1,2026-08-20 09:00:00,2026-09-10 12:00:00
4560,SKU-04560,Vision Cargador Modelo 053,"Cargador Vision, modelo 053, producto para uso general.",296.18,200,1,2026-08-21 09:00:00,2026-09-12 13:00:00
4561,SKU-04561,Vision Cable USB Modelo 054,"Cable USB Vision, modelo 054, producto para uso general.",437.47,16,1,2026-08-22 09:00:00,2026-09-14 14:00:00
4562,SKU-04562,Vision Smartwatch Modelo 055,"Smartwatch Vision, modelo 055, producto para uso general.",3138.97,33,1,2026-08-23 09:00:00,2026-09-16 15:00:00
4563,SKU-04563,Vision Teclado mecánico Modelo 056,"Teclado mecánico Vision, modelo 056, producto para uso general.",1540.32,50,1,2026-08-24 09:00:00,2026-09-18 16:00:00
4564,SKU-04564,Vision Silla de oficina Modelo 057,"Silla de oficina Vision, modelo 057, producto para uso general.",2841.71,67,1,2026-08-25 09:00:00,2026-09-20 17:00:00
4565,SKU-04565,Vision Mochila Modelo 058,"Mochila Vision, modelo 058, producto para uso general.",1443.06,84,1,2026-08-26 09:00:00,2026-09-22 18:00:00
4566,SKU-04566,Vision Cámara Modelo 059,"Cámara Vision, modelo 059, producto para uso general.",9744.46,101,1,2026-08-27 09:00:00,2026-09-24 19:00:00
4567,SKU-04567,Vision Micrófono Modelo 060,"Micrófono Vision, modelo 060, producto para uso general.",3045.82,118,1,2026-08-28 09:00:00,2026-09-26 20:00:00
4568,SKU-04568,Connect Laptop Modelo 061,"Laptop Connect, modelo 061, producto para uso general.",14747.20,135,1,2026-08-29 09:00:00,2026-08-29 09:00:00
4569,SKU-04569,Connect Mouse Modelo 062,"Mouse Connect, modelo 062, producto para uso general.",668.49,152,1,2026-08-30 09:00:00,2026-08-31 10:00:00
4570,SKU-04570,Connect Teclado Modelo 063,"Teclado Connect, modelo 063, producto para uso general.",549.90,169,1,2026-08-31 09:00:00,2026-09-02 11:00:00
4571,SKU-04571,Connect Monitor Modelo 064,"Monitor Connect, modelo 064, producto para uso general.",8751.31,186,1,2026-09-01 09:00:00,2026-09-04 12:00:00
4572,SKU-04572,Connect Audífonos Modelo 065,"Audífonos Connect, modelo 065, producto para uso general.",2302.66,2,1,2026-09-02 09:00:00,2026-09-06 13:00:00
4573,SKU-04573,Connect Webcam Modelo 066,"Webcam Connect, modelo 066, producto para uso general.",1654.02,19,1,2026-09-03 09:00:00,2026-09-08 14:00:00
4574,SKU-04574,Connect Memoria USB Modelo 067,"Memoria USB Connect, modelo 067, producto para uso general.",545.31,36,1,2026-09-04 09:00:00,2026-09-10 15:00:00
4575,SKU-04575,Connect Disco SSD Modelo 068,"Disco SSD Connect, modelo 068, producto para uso general.",3556.78,53,1,2026-09-05 09:00:00,2026-09-12 16:00:00
4576,SKU-04576,Connect Router Modelo 069,"Router Connect, modelo 069, producto para uso general.",1058.14,70,1,2026-09-06 09:00:00,2026-09-14 17:00:00
4577,SKU-04577,Connect Impresora Modelo 070,"Impresora Connect, modelo 070, producto para uso general.",8059.53,87,1,2026-09-07 09:00:00,2026-09-16 18:00:00
4578,SKU-04578,Connect Bocina Bluetooth Modelo 071,"Bocina Bluetooth Connect, modelo 071, producto para uso general.",2010.88,104,1,2026-09-08 09:00:00,2026-09-18 19:00:00
4579,SKU-04579,Connect Tablet Modelo 072,"Tablet Connect, modelo 072, producto para uso general.",8762.27,121,1,2026-09-09 09:00:00,2026-09-20 20:00:00
4580,SKU-04580,Connect Cargador Modelo 073,"Cargador Connect, modelo 073, producto para uso general.",323.58,138,1,2026-09-10 09:00:00,2026-09-22 09:00:00
4581,SKU-04581,Connect Cable USB Modelo 074,"Cable USB Connect, modelo 074, producto para uso general.",464.87,155,1,2026-09-11 09:00:00,2026-09-24 10:00:00
4582,SKU-04582,Connect Smartwatch Modelo 075,"Smartwatch Connect, modelo 075, producto para uso general.",3166.37,172,1,2026-09-12 09:00:00,2026-09-26 11:00:00
4583,SKU-04583,Connect Teclado mecánico Modelo 076,"Teclado mecánico Connect, modelo 076, producto para uso general.",1567.72,189,1,2026-09-13 09:00:00,2026-09-28 12:00:00
4584,SKU-04584,Connect Silla de oficina Modelo 077,"Silla de oficina Connect, modelo 077, producto para uso general.",2869.11,5,1,2026-09-14 09:00:00,2026-09-30 13:00:00
4585,SKU-04585,Connect Mochila Modelo 078,"Mochila Connect, modelo 078, producto para uso general.",1470.46,22,1,2026-09-15 09:00:00,2026-10-02 14:00:00
4586,SKU-04586,Connect Cámara Modelo 079,"Cámara Connect, modelo 079, producto para uso general.",9771.86,39,1,2026-09-16 09:00:00,2026-10-04 15:00:00
4587,SKU-04587,Connect Micrófono Modelo 080,"Micrófono Connect, modelo 080, producto para uso general.",3073.22,56,1,2026-09-17 09:00:00,2026-10-06 16:00:00
4588,SKU-04588,Advance Laptop Modelo 081,"Laptop Advance, modelo 081, producto para uso general.",14774.60,73,1,2026-09-18 09:00:00,2026-10-08 17:00:00
4589,SKU-04589,Advance Mouse Modelo 082,"Mouse Advance, modelo 082, producto para uso general.",695.89,90,1,2026-09-19 09:00:00,2026-10-10 18:00:00
4590,SKU-04590,Advance Teclado Modelo 083,"Teclado Advance, modelo 083, producto para uso general.",577.30,107,1,2026-09-20 09:00:00,2026-10-12 19:00:00
4591,SKU-04591,Advance Monitor Modelo 084,"Monitor Advance, modelo 084, producto para uso general.",8778.71,124,1,2026-09-21 09:00:00,2026-10-14 20:00:00
4592,SKU-04592,Advance Audífonos Modelo 085,"Audífonos Advance, modelo 085, producto para uso general.",2330.06,141,1,2026-09-22 09:00:00,2026-10-16 09:00:00
4593,SKU-04593,Advance Webcam Modelo 086,"Webcam Advance, modelo 086, producto para uso general.",1681.42,158,1,2026-09-23 09:00:00,2026-10-18 10:00:00
4594,SKU-04594,Advance Memoria USB Modelo 087,"Memoria USB Advance, modelo 087, producto para uso general.",572.71,175,1,2026-09-24 09:00:00,2026-10-20 11:00:00
4595,SKU-04595,Advance Disco SSD Modelo 088,"Disco SSD Advance, modelo 088, producto para uso general.",3584.18,192,1,2026-09-25 09:00:00,2026-10-22 12:00:00
4596,SKU-04596,Advance Router Modelo 089,"Router Advance, modelo 089, producto para uso general.",1085.54,8,1,2026-09-26 09:00:00,2026-10-24 13:00:00
4597,SKU-04597,Advance Impresora Modelo 090,"Impresora Advance, modelo 090, producto para uso general.",8086.93,25,1,2026-09-27 09:00:00,2026-10-26 14:00:00
4598,SKU-04598,Advance Bocina Bluetooth Modelo 091,"Bocina Bluetooth Advance, modelo 091, producto para uso general.",2038.28,42,1,2026-01-01 09:00:00,2026-01-01 15:00:00
4599,SKU-04599,Advance Tablet Modelo 092,"Tablet Advance, modelo 092, producto para uso general.",8789.67,59,1,2026-01-02 09:00:00,2026-01-03 16:00:00
4600,SKU-04600,Advance Cargador Modelo 093,"Cargador Advance, modelo 093, producto para uso general.",350.98,76,1,2026-01-03 09:00:00,2026-01-05 17:00:00
4601,SKU-04601,Advance Cable USB Modelo 094,"Cable USB Advance, modelo 094, producto para uso general.",492.27,93,1,2026-01-04 09:00:00,2026-01-07 18:00:00
4602,SKU-04602,Advance Smartwatch Modelo 095,"Smartwatch Advance, modelo 095, producto para uso general.",3193.77,110,1,2026-01-05 09:00:00,2026-01-09 19:00:00
4603,SKU-04603,Advance Teclado mecánico Modelo 096,"Teclado mecánico Advance, modelo 096, producto para uso general.",1595.12,127,1,2026-01-06 09:00:00,2026-01-11 20:00:00
4604,SKU-04604,Advance Silla de oficina Modelo 097,"Silla de oficina Advance, modelo 097, producto para uso general.",2896.51,144,1,2026-01-07 09:00:00,2026-01-13 09:00:00
4605,SKU-04605,Advance Mochila Modelo 098,"Mochila Advance, modelo 098, producto para uso general.",1497.86,161,1,2026-01-08 09:00:00,2026-01-15 10:00:00
4606,SKU-04606,Advance Cámara Modelo 099,"Cámara Advance, modelo 099, producto para uso general.",9799.26,178,1,2026-01-09 09:00:00,2026-01-17 11:00:00
4607,SKU-04607,Advance Micrófono Modelo 100,"Micrófono Advance, modelo 100, producto para uso general.",3100.62,195,1,2026-01-10 09:00:00,2026-01-19 12:00:00
4608,SKU-04608,TechPro Laptop Modelo 101,"Laptop TechPro, modelo 101, producto para uso general.",14802.00,11,1,2026-01-11 09:00:00,2026-01-21 13:00:00
4609,SKU-04609,TechPro Mouse Modelo 102,"Mouse TechPro, modelo 102, producto para uso general.",723.29,28,1,2026-01-12 09:00:00,2026-01-23 14:00:00
4610,SKU-04610,TechPro Teclado Modelo 103,"Teclado TechPro, modelo 103, producto para uso general.",604.70,45,1,2026-01-13 09:00:00,2026-01-25 15:00:00
4611,SKU-04611,TechPro Monitor Modelo 104,"Monitor TechPro, modelo 104, producto para uso general.",8806.11,62,1,2026-01-14 09:00:00,2026-01-27 16:00:00
4612,SKU-04612,TechPro Audífonos Modelo 105,"Audífonos TechPro, modelo 105, producto para uso general.",2357.46,79,1,2026-01-15 09:00:00,2026-01-29 17:00:00
4613,SKU-04613,TechPro Webcam Modelo 106,"Webcam TechPro, modelo 106, producto para uso general.",1708.82,96,1,2026-01-16 09:00:00,2026-01-31 18:00:00
4614,SKU-04614,TechPro Memoria USB Modelo 107,"Memoria USB TechPro, modelo 107, producto para uso general.",600.11,113,1,2026-01-17 09:00:00,2026-02-02 19:00:00
4615,SKU-04615,TechPro Disco SSD Modelo 108,"Disco SSD TechPro, modelo 108, producto para uso general.",3611.58,130,1,2026-01-18 09:00:00,2026-02-04 20:00:00
4616,SKU-04616,TechPro Router Modelo 109,"Router TechPro, modelo 109, producto para uso general.",1112.94,147,1,2026-01-19 09:00:00,2026-02-06 09:00:00
4617,SKU-04617,TechPro Impresora Modelo 110,"Impresora TechPro, modelo 110, producto para uso general.",8114.33,164,1,2026-01-20 09:00:00,2026-02-08 10:00:00
4618,SKU-04618,TechPro Bocina Bluetooth Modelo 111,"Bocina Bluetooth TechPro, modelo 111, producto para uso general.",2065.68,181,1,2026-01-21 09:00:00,2026-02-10 11:00:00
4619,SKU-04619,TechPro Tablet Modelo 112,"Tablet TechPro, modelo 112, producto para uso general.",8817.07,198,1,2026-01-22 09:00:00,2026-02-12 12:00:00
4620,SKU-04620,TechPro Cargador Modelo 113,"Cargador TechPro, modelo 113, producto para uso general.",378.38,14,1,2026-01-23 09:00:00,2026-02-14 13:00:00
4621,SKU-04621,TechPro Cable USB Modelo 114,"Cable USB TechPro, modelo 114, producto para uso general.",99.66,31,1,2026-01-24 09:00:00,2026-02-16 14:00:00
4622,SKU-04622,TechPro Smartwatch Modelo 115,"Smartwatch TechPro, modelo 115, producto para uso general.",3221.17,48,1,2026-01-25 09:00:00,2026-02-18 15:00:00
4623,SKU-04623,TechPro Teclado mecánico Modelo 116,"Teclado mecánico TechPro, modelo 116, producto para uso general.",1622.52,65,1,2026-01-26 09:00:00,2026-02-20 16:00:00
4624,SKU-04624,TechPro Silla de oficina Modelo 117,"Silla de oficina TechPro, modelo 117, producto para uso general.",2923.91,82,1,2026-01-27 09:00:00,2026-02-22 17:00:00
4625,SKU-04625,TechPro Mochila Modelo 118,"Mochila TechPro, modelo 118, producto para uso general.",1525.26,99,1,2026-01-28 09:00:00,2026-02-24 18:00:00
4626,SKU-04626,TechPro Cámara Modelo 119,"Cámara TechPro, modelo 119, producto para uso general.",9826.66,116,1,2026-01-29 09:00:00,2026-02-26 19:00:00
4627,SKU-04627,TechPro Micrófono Modelo 120,"Micrófono TechPro, modelo 120, producto para uso general.",3128.02,133,1,2026-01-30 09:00:00,2026-02-28 20:00:00
4628,SKU-04628,Nova Laptop Modelo 121,"Laptop Nova, modelo 121, producto para uso general.",14829.40,150,1,2026-01-31 09:00:00,2026-01-31 09:00:00
4629,SKU-04629,Nova Mouse Modelo 122,"Mouse Nova, modelo 122, producto para uso general.",750.69,167,1,2026-02-01 09:00:00,2026-02-02 10:00:00
4630,SKU-04630,Nova Teclado Modelo 123,"Teclado Nova, modelo 123, producto para uso general.",632.10,184,1,2026-02-02 09:00:00,2026-02-04 11:00:00
4631,SKU-04631,Nova Monitor Modelo 124,"Monitor Nova, modelo 124, producto para uso general.",8833.51,0,0,2026-02-03 09:00:00,2026-02-06 12:00:00
4632,SKU-04632,Nova Audífonos Modelo 125,"Audífonos Nova, modelo 125, producto para uso general.",2384.86,17,1,2026-02-04 09:00:00,2026-02-08 13:00:00
4633,SKU-04633,Nova Webcam Modelo 126,"Webcam Nova, modelo 126, producto para uso general.",1736.22,34,1,2026-02-05 09:00:00,2026-02-10 14:00:00
4634,SKU-04634,Nova Memoria USB Modelo 127,"Memoria USB Nova, modelo 127, producto para uso general.",627.51,51,1,2026-02-06 09:00:00,2026-02-12 15:00:00
4635,SKU-04635,Nova Disco SSD Modelo 128,"Disco SSD Nova, modelo 128, producto para uso general.",3638.98,68,1,2026-02-07 09:00:00,2026-02-14 16:00:00
4636,SKU-04636,Nova Router Modelo 129,"Router Nova, modelo 129, producto para uso general.",1140.34,85,1,2026-02-08 09:00:00,2026-02-16 17:00:00
4637,SKU-04637,Nova Impresora Modelo 130,"Impresora Nova, modelo 130, producto para uso general.",8141.73,102,1,2026-02-09 09:00:00,2026-02-18 18:00:00
4638,SKU-04638,Nova Bocina Bluetooth Modelo 131,"Bocina Bluetooth Nova, modelo 131, producto para uso general.",2093.08,119,1,2026-02-10 09:00:00,2026-02-20 19:00:00
4639,SKU-04639,Nova Tablet Modelo 132,"Tablet Nova, modelo 132, producto para uso general.",8844.47,136,1,2026-02-11 09:00:00,2026-02-22 20:00:00
4640,SKU-04640,Nova Cargador Modelo 133,"Cargador Nova, modelo 133, producto para uso general.",405.78,153,1,2026-02-12 09:00:00,2026-02-24 09:00:00
4641,SKU-04641,Nova Cable USB Modelo 134,"Cable USB Nova, modelo 134, producto para uso general.",127.06,170,1,2026-02-13 09:00:00,2026-02-26 10:00:00
4642,SKU-04642,Nova Smartwatch Modelo 135,"Smartwatch Nova, modelo 135, producto para uso general.",3248.57,187,1,2026-02-14 09:00:00,2026-02-28 11:00:00
4643,SKU-04643,Nova Teclado mecánico Modelo 136,"Teclado mecánico Nova, modelo 136, producto para uso general.",1649.92,3,1,2026-02-15 09:00:00,2026-03-02 12:00:00
4644,SKU-04644,Nova Silla de oficina Modelo 137,"Silla de oficina Nova, modelo 137, producto para uso general.",2951.31,20,1,2026-02-16 09:00:00,2026-03-04 13:00:00
4645,SKU-04645,Nova Mochila Modelo 138,"Mochila Nova, modelo 138, producto para uso general.",1552.66,37,1,2026-02-17 09:00:00,2026-03-06 14:00:00
4646,SKU-04646,Nova Cámara Modelo 139,"Cámara Nova, modelo 139, producto para uso general.",9854.06,54,1,2026-02-18 09:00:00,2026-03-08 15:00:00
4647,SKU-04647,Nova Micrófono Modelo 140,"Micrófono Nova, modelo 140, producto para uso general.",3155.42,71,1,2026-02-19 09:00:00,2026-03-10 16:00:00
4648,SKU-04648,MaxiTech Laptop Modelo 141,"Laptop MaxiTech, modelo 141, producto para uso general.",14856.80,88,1,2026-02-20 09:00:00,2026-03-12 17:00:00
4649,SKU-04649,MaxiTech Mouse Modelo 142,"Mouse MaxiTech, modelo 142, producto para uso general.",778.09,105,1,2026-02-21 09:00:00,2026-03-14 18:00:00
4650,SKU-04650,MaxiTech Teclado Modelo 143,"Teclado MaxiTech, modelo 143, producto para uso general.",659.50,122,1,2026-02-22 09:00:00,2026-03-16 19:00:00
4651,SKU-04651,MaxiTech Monitor Modelo 144,"Monitor MaxiTech, modelo 144, producto para uso general.",8860.91,139,1,2026-02-23 09:00:00,2026-03-18 20:00:00
4652,SKU-04652,MaxiTech Audífonos Modelo 145,"Audífonos MaxiTech, modelo 145, producto para uso general.",2412.26,156,1,2026-02-24 09:00:00,2026-03-20 09:00:00
4653,SKU-04653,MaxiTech Webcam Modelo 146,"Webcam MaxiTech, modelo 146, producto para uso general.",1763.62,173,1,2026-02-25 09:00:00,2026-03-22 10:00:00
4654,SKU-04654,MaxiTech Memoria USB Modelo 147,"Memoria USB MaxiTech, modelo 147, producto para uso general.",124.90,190,1,2026-02-26 09:00:00,2026-03-24 11:00:00
4655,SKU-04655,MaxiTech Disco SSD Modelo 148,"Disco SSD MaxiTech, modelo 148, producto para uso general.",3666.38,6,1,2026-02-27 09:00:00,2026-03-26 12:00:00
4656,SKU-04656,MaxiTech Router Modelo 149,"Router MaxiTech, modelo 149, producto para uso general.",1167.74,23,1,2026-02-28 09:00:00,2026-03-28 13:00:00
4657,SKU-04657,MaxiTech Impresora Modelo 150,"Impresora MaxiTech, modelo 150, producto para uso general.",8169.13,40,1,2026-03-01 09:00:00,2026-03-30 14:00:00
4658,SKU-04658,MaxiTech Bocina Bluetooth Modelo 151,"Bocina Bluetooth MaxiTech, modelo 151, producto para uso general.",2120.48,57,1,2026-03-02 09:00:00,2026-03-02 15:00:00
4659,SKU-04659,MaxiTech Tablet Modelo 152,"Tablet MaxiTech, modelo 152, producto para uso general.",8871.87,74,1,2026-03-03 09:00:00,2026-03-04 16:00:00
4660,SKU-04660,MaxiTech Cargador Modelo 153,"Cargador MaxiTech, modelo 153, producto para uso general.",433.18,91,1,2026-03-04 09:00:00,2026-03-06 17:00:00
4661,SKU-04661,MaxiTech Cable USB Modelo 154,"Cable USB MaxiTech, modelo 154, producto para uso general.",154.46,108,1,2026-03-05 09:00:00,2026-03-08 18:00:00
4662,SKU-04662,MaxiTech Smartwatch Modelo 155,"Smartwatch MaxiTech, modelo 155, producto para uso general.",3275.97,125,1,2026-03-06 09:00:00,2026-03-10 19:00:00
4663,SKU-04663,MaxiTech Teclado mecánico Modelo 156,"Teclado mecánico MaxiTech, modelo 156, producto para uso general.",1677.32,142,1,2026-03-07 09:00:00,2026-03-12 20:00:00
4664,SKU-04664,MaxiTech Silla de oficina Modelo 157,"Silla de oficina MaxiTech, modelo 157, producto para uso general.",2978.71,159,1,2026-03-08 09:00:00,2026-03-14 09:00:00
4665,SKU-04665,MaxiTech Mochila Modelo 158,"Mochila MaxiTech, modelo 158, producto para uso general.",1580.06,176,1,2026-03-09 09:00:00,2026-03-16 10:00:00
4666,SKU-04666,MaxiTech Cámara Modelo 159,"Cámara MaxiTech, modelo 159, producto para uso general.",9881.46,193,1,2026-03-10 09:00:00,2026-03-18 11:00:00
4667,SKU-04667,MaxiTech Micrófono Modelo 160,"Micrófono MaxiTech, modelo 160, producto para uso general.",3182.82,9,1,2026-03-11 09:00:00,2026-03-20 12:00:00
4668,SKU-04668,DigitalX Laptop Modelo 161,"Laptop DigitalX, modelo 161, producto para uso general.",14884.20,26,1,2026-03-12 09:00:00,2026-03-22 13:00:00
4669,SKU-04669,DigitalX Mouse Modelo 162,"Mouse DigitalX, modelo 162, producto para uso general.",805.49,43,1,2026-03-13 09:00:00,2026-03-24 14:00:00
4670,SKU-04670,DigitalX Teclado Modelo 163,"Teclado DigitalX, modelo 163, producto para uso general.",686.90,60,1,2026-03-14 09:00:00,2026-03-26 15:00:00
4671,SKU-04671,DigitalX Monitor Modelo 164,"Monitor DigitalX, modelo 164, producto para uso general.",8888.31,77,1,2026-03-15 09:00:00,2026-03-28 16:00:00
4672,SKU-04672,DigitalX Audífonos Modelo 165,"Audífonos DigitalX, modelo 165, producto para uso general.",2439.66,94,1,2026-03-16 09:00:00,2026-03-30 17:00:00
4673,SKU-04673,DigitalX Webcam Modelo 166,"Webcam DigitalX, modelo 166, producto para uso general.",1791.02,111,1,2026-03-17 09:00:00,2026-04-01 18:00:00
4674,SKU-04674,DigitalX Memoria USB Modelo 167,"Memoria USB DigitalX, modelo 167, producto para uso general.",152.30,128,1,2026-03-18 09:00:00,2026-04-03 19:00:00
4675,SKU-04675,DigitalX Disco SSD Modelo 168,"Disco SSD DigitalX, modelo 168, producto para uso general.",3693.78,145,1,2026-03-19 09:00:00,2026-04-05 20:00:00
4676,SKU-04676,DigitalX Router Modelo 169,"Router DigitalX, modelo 169, producto para uso general.",1195.14,162,1,2026-03-20 09:00:00,2026-04-07 09:00:00
4677,SKU-04677,DigitalX Impresora Modelo 170,"Impresora DigitalX, modelo 170, producto para uso general.",8196.53,179,1,2026-03-21 09:00:00,2026-04-09 10:00:00
4678,SKU-04678,DigitalX Bocina Bluetooth Modelo 171,"Bocina Bluetooth DigitalX, modelo 171, producto para uso general.",2147.88,196,1,2026-03-22 09:00:00,2026-04-11 11:00:00
4679,SKU-04679,DigitalX Tablet Modelo 172,"Tablet DigitalX, modelo 172, producto para uso general.",8899.27,12,1,2026-03-23 09:00:00,2026-04-13 12:00:00
4680,SKU-04680,DigitalX Cargador Modelo 173,"Cargador DigitalX, modelo 173, producto para uso general.",460.58,29,1,2026-03-24 09:00:00,2026-04-15 13:00:00
4681,SKU-04681,DigitalX Cable USB Modelo 174,"Cable USB DigitalX, modelo 174, producto para uso general.",181.86,46,1,2026-03-25 09:00:00,2026-04-17 14:00:00
4682,SKU-04682,DigitalX Smartwatch Modelo 175,"Smartwatch DigitalX, modelo 175, producto para uso general.",3303.37,63,1,2026-03-26 09:00:00,2026-04-19 15:00:00
4683,SKU-04683,DigitalX Teclado mecánico Modelo 176,"Teclado mecánico DigitalX, modelo 176, producto para uso general.",1704.72,80,1,2026-03-27 09:00:00,2026-04-21 16:00:00
4684,SKU-04684,DigitalX Silla de oficina Modelo 177,"Silla de oficina DigitalX, modelo 177, producto para uso general.",3006.11,97,1,2026-03-28 09:00:00,2026-04-23 17:00:00
4685,SKU-04685,DigitalX Mochila Modelo 178,"Mochila DigitalX, modelo 178, producto para uso general.",1607.46,114,1,2026-03-29 09:00:00,2026-04-25 18:00:00
4686,SKU-04686,DigitalX Cámara Modelo 179,"Cámara DigitalX, modelo 179, producto para uso general.",9908.86,131,1,2026-03-30 09:00:00,2026-04-27 19:00:00
4687,SKU-04687,DigitalX Micrófono Modelo 180,"Micrófono DigitalX, modelo 180, producto para uso general.",3210.22,148,1,2026-03-31 09:00:00,2026-04-29 20:00:00
4688,SKU-04688,SmartOne Laptop Modelo 181,"Laptop SmartOne, modelo 181, producto para uso general.",14911.60,165,1,2026-04-01 09:00:00,2026-04-01 09:00:00
4689,SKU-04689,SmartOne Mouse Modelo 182,"Mouse SmartOne, modelo 182, producto para uso general.",832.89,182,1,2026-04-02 09:00:00,2026-04-03 10:00:00
4690,SKU-04690,SmartOne Teclado Modelo 183,"Teclado SmartOne, modelo 183, producto para uso general.",714.30,199,1,2026-04-03 09:00:00,2026-04-05 11:00:00
4691,SKU-04691,SmartOne Monitor Modelo 184,"Monitor SmartOne, modelo 184, producto para uso general.",8915.71,15,1,2026-04-04 09:00:00,2026-04-07 12:00:00
4692,SKU-04692,SmartOne Audífonos Modelo 185,"Audífonos SmartOne, modelo 185, producto para uso general.",2467.06,32,1,2026-04-05 09:00:00,2026-04-09 13:00:00
4693,SKU-04693,SmartOne Webcam Modelo 186,"Webcam SmartOne, modelo 186, producto para uso general.",1818.42,49,1,2026-04-06 09:00:00,2026-04-11 14:00:00
4694,SKU-04694,SmartOne Memoria USB Modelo 187,"Memoria USB SmartOne, modelo 187, producto para uso general.",179.70,66,1,2026-04-07 09:00:00,2026-04-13 15:00:00
4695,SKU-04695,SmartOne Disco SSD Modelo 188,"Disco SSD SmartOne, modelo 188, producto para uso general.",3721.18,83,1,2026-04-08 09:00:00,2026-04-15 16:00:00
4696,SKU-04696,SmartOne Router Modelo 189,"Router SmartOne, modelo 189, producto para uso general.",1222.54,100,1,2026-04-09 09:00:00,2026-04-17 17:00:00
4697,SKU-04697,SmartOne Impresora Modelo 190,"Impresora SmartOne, modelo 190, producto para uso general.",8223.93,117,1,2026-04-10 09:00:00,2026-04-19 18:00:00
4698,SKU-04698,SmartOne Bocina Bluetooth Modelo 191,"Bocina Bluetooth SmartOne, modelo 191, producto para uso general.",2175.28,134,1,2026-04-11 09:00:00,2026-04-21 19:00:00
4699,SKU-04699,SmartOne Tablet Modelo 192,"Tablet SmartOne, modelo 192, producto para uso general.",8926.67,151,1,2026-04-12 09:00:00,2026-04-23 20:00:00
4700,SKU-04700,SmartOne Cargador Modelo 193,"Cargador SmartOne, modelo 193, producto para uso general.",487.98,168,1,2026-04-13 09:00:00,2026-04-25 09:00:00
4701,SKU-04701,SmartOne Cable USB Modelo 194,"Cable USB SmartOne, modelo 194, producto para uso general.",209.26,185,1,2026-04-14 09:00:00,2026-04-27 10:00:00
4702,SKU-04702,SmartOne Smartwatch Modelo 195,"Smartwatch SmartOne, modelo 195, producto para uso general.",3330.77,1,1,2026-04-15 09:00:00,2026-04-29 11:00:00
4703,SKU-04703,SmartOne Teclado mecánico Modelo 196,"Teclado mecánico SmartOne, modelo 196, producto para uso general.",1732.12,18,1,2026-04-16 09:00:00,2026-05-01 12:00:00
4704,SKU-04704,SmartOne Silla de oficina Modelo 197,"Silla de oficina SmartOne, modelo 197, producto para uso general.",3033.51,35,1,2026-04-17 09:00:00,2026-05-03 13:00:00
4705,SKU-04705,SmartOne Mochila Modelo 198,"Mochila SmartOne, modelo 198, producto para uso general.",1634.86,52,1,2026-04-18 09:00:00,2026-05-05 14:00:00
4706,SKU-04706,SmartOne Cámara Modelo 199,"Cámara SmartOne, modelo 199, producto para uso general.",9936.26,69,1,2026-04-19 09:00:00,2026-05-07 15:00:00
4707,SKU-04707,SmartOne Micrófono Modelo 200,"Micrófono SmartOne, modelo 200, producto para uso general.",3237.62,86,1,2026-04-20 09:00:00,2026-05-09 16:00:00
4708,SKU-04708,ProLine Laptop Modelo 201,"Laptop ProLine, modelo 201, producto para uso general.",14939.00,103,1,2026-04-21 09:00:00,2026-05-11 17:00:00
4709,SKU-04709,ProLine Mouse Modelo 202,"Mouse ProLine, modelo 202, producto para uso general.",860.29,120,1,2026-04-22 09:00:00,2026-05-13 18:00:00
4710,SKU-04710,ProLine Teclado Modelo 203,"Teclado ProLine, modelo 203, producto para uso general.",741.70,137,1,2026-04-23 09:00:00,2026-05-15 19:00:00
4711,SKU-04711,ProLine Monitor Modelo 204,"Monitor ProLine, modelo 204, producto para uso general.",8943.11,154,1,2026-04-24 09:00:00,2026-05-17 20:00:00
4712,SKU-04712,ProLine Audífonos Modelo 205,"Audífonos ProLine, modelo 205, producto para uso general.",2494.46,171,1,2026-04-25 09:00:00,2026-05-19 09:00:00
4713,SKU-04713,ProLine Webcam Modelo 206,"Webcam ProLine, modelo 206, producto para uso general.",1845.82,188,1,2026-04-26 09:00:00,2026-05-21 10:00:00
4714,SKU-04714,ProLine Memoria USB Modelo 207,"Memoria USB ProLine, modelo 207, producto para uso general.",207.10,4,1,2026-04-27 09:00:00,2026-05-23 11:00:00
4715,SKU-04715,ProLine Disco SSD Modelo 208,"Disco SSD ProLine, modelo 208, producto para uso general.",3748.58,21,1,2026-04-28 09:00:00,2026-05-25 12:00:00
4716,SKU-04716,ProLine Router Modelo 209,"Router ProLine, modelo 209, producto para uso general.",1249.94,38,1,2026-04-29 09:00:00,2026-05-27 13:00:00
4717,SKU-04717,ProLine Impresora Modelo 210,"Impresora ProLine, modelo 210, producto para uso general.",8251.33,55,1,2026-04-30 09:00:00,2026-05-29 14:00:00
4718,SKU-04718,ProLine Bocina Bluetooth Modelo 211,"Bocina Bluetooth ProLine, modelo 211, producto para uso general.",2202.68,72,1,2026-05-01 09:00:00,2026-05-01 15:00:00
4719,SKU-04719,ProLine Tablet Modelo 212,"Tablet ProLine, modelo 212, producto para uso general.",8954.07,89,1,2026-05-02 09:00:00,2026-05-03 16:00:00
4720,SKU-04720,ProLine Cargador Modelo 213,"Cargador ProLine, modelo 213, producto para uso general.",515.38,106,1,2026-05-03 09:00:00,2026-05-05 17:00:00
4721,SKU-04721,ProLine Cable USB Modelo 214,"Cable USB ProLine, modelo 214, producto para uso general.",236.66,123,1,2026-05-04 09:00:00,2026-05-07 18:00:00
4722,SKU-04722,ProLine Smartwatch Modelo 215,"Smartwatch ProLine, modelo 215, producto para uso general.",3358.17,140,1,2026-05-05 09:00:00,2026-05-09 19:00:00
4723,SKU-04723,ProLine Teclado mecánico Modelo 216,"Teclado mecánico ProLine, modelo 216, producto para uso general.",1759.52,157,1,2026-05-06 09:00:00,2026-05-11 20:00:00
4724,SKU-04724,ProLine Silla de oficina Modelo 217,"Silla de oficina ProLine, modelo 217, producto para uso general.",3060.91,174,1,2026-05-07 09:00:00,2026-05-13 09:00:00
4725,SKU-04725,ProLine Mochila Modelo 218,"Mochila ProLine, modelo 218, producto para uso general.",1662.26,191,1,2026-05-08 09:00:00,2026-05-15 10:00:00
4726,SKU-04726,ProLine Cámara Modelo 219,"Cámara ProLine, modelo 219, producto para uso general.",9963.66,7,1,2026-05-09 09:00:00,2026-05-17 11:00:00
4727,SKU-04727,ProLine Micrófono Modelo 220,"Micrófono ProLine, modelo 220, producto para uso general.",3265.02,24,1,2026-05-10 09:00:00,2026-05-19 12:00:00
4728,SKU-04728,Ultra Laptop Modelo 221,"Laptop Ultra, modelo 221, producto para uso general.",14966.40,41,1,2026-05-11 09:00:00,2026-05-21 13:00:00
4729,SKU-04729,Ultra Mouse Modelo 222,"Mouse Ultra, modelo 222, producto para uso general.",887.69,58,1,2026-05-12 09:00:00,2026-05-23 14:00:00
4730,SKU-04730,Ultra Teclado Modelo 223,"Teclado Ultra, modelo 223, producto para uso general.",769.10,75,1,2026-05-13 09:00:00,2026-05-25 15:00:00
4731,SKU-04731,Ultra Monitor Modelo 224,"Monitor Ultra, modelo 224, producto para uso general.",8970.51,92,1,2026-05-14 09:00:00,2026-05-27 16:00:00
4732,SKU-04732,Ultra Audífonos Modelo 225,"Audífonos Ultra, modelo 225, producto para uso general.",371.85,109,1,2026-05-15 09:00:00,2026-05-29 17:00:00
4733,SKU-04733,Ultra Webcam Modelo 226,"Webcam Ultra, modelo 226, producto para uso general.",1873.22,126,1,2026-05-16 09:00:00,2026-05-31 18:00:00
4734,SKU-04734,Ultra Memoria USB Modelo 227,"Memoria USB Ultra, modelo 227, producto para uso general.",234.50,143,1,2026-05-17 09:00:00,2026-06-02 19:00:00
4735,SKU-04735,Ultra Disco SSD Modelo 228,"Disco SSD Ultra, modelo 228, producto para uso general.",3775.98,160,1,2026-05-18 09:00:00,2026-06-04 20:00:00
4736,SKU-04736,Ultra Router Modelo 229,"Router Ultra, modelo 229, producto para uso general.",1277.34,177,1,2026-05-19 09:00:00,2026-06-06 09:00:00
4737,SKU-04737,Ultra Impresora Modelo 230,"Impresora Ultra, modelo 230, producto para uso general.",8278.73,194,1,2026-05-20 09:00:00,2026-06-08 10:00:00
4738,SKU-04738,Ultra Bocina Bluetooth Modelo 231,"Bocina Bluetooth Ultra, modelo 231, producto para uso general.",2230.08,10,1,2026-05-21 09:00:00,2026-06-10 11:00:00
4739,SKU-04739,Ultra Tablet Modelo 232,"Tablet Ultra, modelo 232, producto para uso general.",8981.47,27,1,2026-05-22 09:00:00,2026-06-12 12:00:00
4740,SKU-04740,Ultra Cargador Modelo 233,"Cargador Ultra, modelo 233, producto para uso general.",542.78,44,1,2026-05-23 09:00:00,2026-06-14 13:00:00
4741,SKU-04741,Ultra Cable USB Modelo 234,"Cable USB Ultra, modelo 234, producto para uso general.",264.06,61,1,2026-05-24 09:00:00,2026-06-16 14:00:00
4742,SKU-04742,Ultra Smartwatch Modelo 235,"Smartwatch Ultra, modelo 235, producto para uso general.",3385.57,78,1,2026-05-25 09:00:00,2026-06-18 15:00:00
4743,SKU-04743,Ultra Teclado mecánico Modelo 236,"Teclado mecánico Ultra, modelo 236, producto para uso general.",1786.92,95,1,2026-05-26 09:00:00,2026-06-20 16:00:00
4744,SKU-04744,Ultra Silla de oficina Modelo 237,"Silla de oficina Ultra, modelo 237, producto para uso general.",3088.31,112,1,2026-05-27 09:00:00,2026-06-22 17:00:00
4745,SKU-04745,Ultra Mochila Modelo 238,"Mochila Ultra, modelo 238, producto para uso general.",1689.66,129,1,2026-05-28 09:00:00,2026-06-24 18:00:00
4746,SKU-04746,Ultra Cámara Modelo 239,"Cámara Ultra, modelo 239, producto para uso general.",9991.06,146,1,2026-05-29 09:00:00,2026-06-26 19:00:00
4747,SKU-04747,Ultra Micrófono Modelo 240,"Micrófono Ultra, modelo 240, producto para uso general.",3292.42,163,1,2026-05-30 09:00:00,2026-06-28 20:00:00
4748,SKU-04748,Vision Laptop Modelo 241,"Laptop Vision, modelo 241, producto para uso general.",14993.80,180,1,2026-05-31 09:00:00,2026-05-31 09:00:00
4749,SKU-04749,Vision Mouse Modelo 242,"Mouse Vision, modelo 242, producto para uso general.",195.08,197,1,2026-06-01 09:00:00,2026-06-02 10:00:00
4750,SKU-04750,Vision Teclado Modelo 243,"Teclado Vision, modelo 243, producto para uso general.",796.50,13,1,2026-06-02 09:00:00,2026-06-04 11:00:00
4751,SKU-04751,Vision Monitor Modelo 244,"Monitor Vision, modelo 244, producto para uso general.",8997.91,30,1,2026-06-03 09:00:00,2026-06-06 12:00:00
4752,SKU-04752,Vision Audífonos Modelo 245,"Audífonos Vision, modelo 245, producto para uso general.",399.25,47,1,2026-06-04 09:00:00,2026-06-08 13:00:00
4753,SKU-04753,Vision Webcam Modelo 246,"Webcam Vision, modelo 246, producto para uso general.",1900.62,64,1,2026-06-05 09:00:00,2026-06-10 14:00:00
4754,SKU-04754,Vision Memoria USB Modelo 247,"Memoria USB Vision, modelo 247, producto para uso general.",261.90,81,1,2026-06-06 09:00:00,2026-06-12 15:00:00
4755,SKU-04755,Vision Disco SSD Modelo 248,"Disco SSD Vision, modelo 248, producto para uso general.",3803.38,98,1,2026-06-07 09:00:00,2026-06-14 16:00:00
4756,SKU-04756,Vision Router Modelo 249,"Router Vision, modelo 249, producto para uso general.",1304.74,115,1,2026-06-08 09:00:00,2026-06-16 17:00:00
4757,SKU-04757,Vision Impresora Modelo 250,"Impresora Vision, modelo 250, producto para uso general.",8306.13,132,1,2026-06-09 09:00:00,2026-06-18 18:00:00
4758,SKU-04758,Vision Bocina Bluetooth Modelo 001,"Bocina Bluetooth Vision, modelo 001, producto para uso general.",2257.48,149,1,2026-06-10 09:00:00,2026-06-20 19:00:00
4759,SKU-04759,Vision Tablet Modelo 002,"Tablet Vision, modelo 002, producto para uso general.",9008.87,166,1,2026-06-11 09:00:00,2026-06-22 20:00:00
4760,SKU-04760,Vision Cargador Modelo 003,"Cargador Vision, modelo 003, producto para uso general.",570.18,183,1,2026-06-12 09:00:00,2026-06-24 09:00:00
4761,SKU-04761,Vision Cable USB Modelo 004,"Cable USB Vision, modelo 004, producto para uso general.",291.46,200,1,2026-06-13 09:00:00,2026-06-26 10:00:00
4762,SKU-04762,Vision Smartwatch Modelo 005,"Smartwatch Vision, modelo 005, producto para uso general.",3412.97,16,1,2026-06-14 09:00:00,2026-06-28 11:00:00
4763,SKU-04763,Vision Teclado mecánico Modelo 006,"Teclado mecánico Vision, modelo 006, producto para uso general.",1814.32,33,1,2026-06-15 09:00:00,2026-06-30 12:00:00
4764,SKU-04764,Vision Silla de oficina Modelo 007,"Silla de oficina Vision, modelo 007, producto para uso general.",3115.71,50,1,2026-06-16 09:00:00,2026-07-02 13:00:00
4765,SKU-04765,Vision Mochila Modelo 008,"Mochila Vision, modelo 008, producto para uso general.",1717.06,67,1,2026-06-17 09:00:00,2026-07-04 14:00:00
4766,SKU-04766,Vision Cámara Modelo 009,"Cámara Vision, modelo 009, producto para uso general.",10018.46,84,1,2026-06-18 09:00:00,2026-07-06 15:00:00
4767,SKU-04767,Vision Micrófono Modelo 010,"Micrófono Vision, modelo 010, producto para uso general.",3319.82,101,1,2026-06-19 09:00:00,2026-07-08 16:00:00
4768,SKU-04768,Connect Laptop Modelo 011,"Laptop Connect, modelo 011, producto para uso general.",15021.20,118,1,2026-06-20 09:00:00,2026-07-10 17:00:00
4769,SKU-04769,Connect Mouse Modelo 012,"Mouse Connect, modelo 012, producto para uso general.",222.48,135,1,2026-06-21 09:00:00,2026-07-12 18:00:00
4770,SKU-04770,Connect Teclado Modelo 013,"Teclado Connect, modelo 013, producto para uso general.",823.90,152,1,2026-06-22 09:00:00,2026-07-14 19:00:00
4771,SKU-04771,Connect Monitor Modelo 014,"Monitor Connect, modelo 014, producto para uso general.",9025.31,169,1,2026-06-23 09:00:00,2026-07-16 20:00:00
4772,SKU-04772,Connect Audífonos Modelo 015,"Audífonos Connect, modelo 015, producto para uso general.",426.65,186,1,2026-06-24 09:00:00,2026-07-18 09:00:00
4773,SKU-04773,Connect Webcam Modelo 016,"Webcam Connect, modelo 016, producto para uso general.",1928.02,2,1,2026-06-25 09:00:00,2026-07-20 10:00:00
4774,SKU-04774,Connect Memoria USB Modelo 017,"Memoria USB Connect, modelo 017, producto para uso general.",289.30,19,1,2026-06-26 09:00:00,2026-07-22 11:00:00
4775,SKU-04775,Connect Disco SSD Modelo 018,"Disco SSD Connect, modelo 018, producto para uso general.",3830.78,36,1,2026-06-27 09:00:00,2026-07-24 12:00:00
4776,SKU-04776,Connect Router Modelo 019,"Router Connect, modelo 019, producto para uso general.",1332.14,53,1,2026-06-28 09:00:00,2026-07-26 13:00:00
4777,SKU-04777,Connect Impresora Modelo 020,"Impresora Connect, modelo 020, producto para uso general.",8333.53,70,1,2026-06-29 09:00:00,2026-07-28 14:00:00
4778,SKU-04778,Connect Bocina Bluetooth Modelo 021,"Bocina Bluetooth Connect, modelo 021, producto para uso general.",2284.88,87,1,2026-06-30 09:00:00,2026-06-30 15:00:00
4779,SKU-04779,Connect Tablet Modelo 022,"Tablet Connect, modelo 022, producto para uso general.",9036.27,104,1,2026-07-01 09:00:00,2026-07-02 16:00:00
4780,SKU-04780,Connect Cargador Modelo 023,"Cargador Connect, modelo 023, producto para uso general.",597.58,121,1,2026-07-02 09:00:00,2026-07-04 17:00:00
4781,SKU-04781,Connect Cable USB Modelo 024,"Cable USB Connect, modelo 024, producto para uso general.",318.86,138,1,2026-07-03 09:00:00,2026-07-06 18:00:00
4782,SKU-04782,Connect Smartwatch Modelo 025,"Smartwatch Connect, modelo 025, producto para uso general.",3440.37,155,1,2026-07-04 09:00:00,2026-07-08 19:00:00
4783,SKU-04783,Connect Teclado mecánico Modelo 026,"Teclado mecánico Connect, modelo 026, producto para uso general.",1841.72,172,1,2026-07-05 09:00:00,2026-07-10 20:00:00
4784,SKU-04784,Connect Silla de oficina Modelo 027,"Silla de oficina Connect, modelo 027, producto para uso general.",3143.11,189,1,2026-07-06 09:00:00,2026-07-12 09:00:00
4785,SKU-04785,Connect Mochila Modelo 028,"Mochila Connect, modelo 028, producto para uso general.",1744.46,5,1,2026-07-07 09:00:00,2026-07-14 10:00:00
4786,SKU-04786,Connect Cámara Modelo 029,"Cámara Connect, modelo 029, producto para uso general.",10045.86,22,1,2026-07-08 09:00:00,2026-07-16 11:00:00
4787,SKU-04787,Connect Micrófono Modelo 030,"Micrófono Connect, modelo 030, producto para uso general.",3347.22,39,1,2026-07-09 09:00:00,2026-07-18 12:00:00
4788,SKU-04788,Advance Laptop Modelo 031,"Laptop Advance, modelo 031, producto para uso general.",15048.60,56,1,2026-07-10 09:00:00,2026-07-20 13:00:00
4789,SKU-04789,Advance Mouse Modelo 032,"Mouse Advance, modelo 032, producto para uso general.",249.88,73,1,2026-07-11 09:00:00,2026-07-22 14:00:00
4790,SKU-04790,Advance Teclado Modelo 033,"Teclado Advance, modelo 033, producto para uso general.",851.30,90,1,2026-07-12 09:00:00,2026-07-24 15:00:00
4791,SKU-04791,Advance Monitor Modelo 034,"Monitor Advance, modelo 034, producto para uso general.",9052.71,107,1,2026-07-13 09:00:00,2026-07-26 16:00:00
4792,SKU-04792,Advance Audífonos Modelo 035,"Audífonos Advance, modelo 035, producto para uso general.",454.05,124,1,2026-07-14 09:00:00,2026-07-28 17:00:00
4793,SKU-04793,Advance Webcam Modelo 036,"Webcam Advance, modelo 036, producto para uso general.",1955.42,141,1,2026-07-15 09:00:00,2026-07-30 18:00:00
4794,SKU-04794,Advance Memoria USB Modelo 037,"Memoria USB Advance, modelo 037, producto para uso general.",316.70,158,1,2026-07-16 09:00:00,2026-08-01 19:00:00
4795,SKU-04795,Advance Disco SSD Modelo 038,"Disco SSD Advance, modelo 038, producto para uso general.",3858.18,175,1,2026-07-17 09:00:00,2026-08-03 20:00:00
4796,SKU-04796,Advance Router Modelo 039,"Router Advance, modelo 039, producto para uso general.",1359.54,192,1,2026-07-18 09:00:00,2026-08-05 09:00:00
4797,SKU-04797,Advance Impresora Modelo 040,"Impresora Advance, modelo 040, producto para uso general.",8360.93,8,1,2026-07-19 09:00:00,2026-08-07 10:00:00
4798,SKU-04798,Advance Bocina Bluetooth Modelo 041,"Bocina Bluetooth Advance, modelo 041, producto para uso general.",2312.28,25,1,2026-07-20 09:00:00,2026-08-09 11:00:00
4799,SKU-04799,Advance Tablet Modelo 042,"Tablet Advance, modelo 042, producto para uso general.",9063.67,42,1,2026-07-21 09:00:00,2026-08-11 12:00:00
4800,SKU-04800,Advance Cargador Modelo 043,"Cargador Advance, modelo 043, producto para uso general.",624.98,59,1,2026-07-22 09:00:00,2026-08-13 13:00:00
4801,SKU-04801,Advance Cable USB Modelo 044,"Cable USB Advance, modelo 044, producto para uso general.",346.26,76,1,2026-07-23 09:00:00,2026-08-15 14:00:00
4802,SKU-04802,Advance Smartwatch Modelo 045,"Smartwatch Advance, modelo 045, producto para uso general.",3467.77,93,1,2026-07-24 09:00:00,2026-08-17 15:00:00
4803,SKU-04803,Advance Teclado mecánico Modelo 046,"Teclado mecánico Advance, modelo 046, producto para uso general.",1869.12,110,1,2026-07-25 09:00:00,2026-08-19 16:00:00
4804,SKU-04804,Advance Silla de oficina Modelo 047,"Silla de oficina Advance, modelo 047, producto para uso general.",3170.51,127,1,2026-07-26 09:00:00,2026-08-21 17:00:00
4805,SKU-04805,Advance Mochila Modelo 048,"Mochila Advance, modelo 048, producto para uso general.",1771.86,144,1,2026-07-27 09:00:00,2026-08-23 18:00:00
4806,SKU-04806,Advance Cámara Modelo 049,"Cámara Advance, modelo 049, producto para uso general.",10073.26,161,1,2026-07-28 09:00:00,2026-08-25 19:00:00
4807,SKU-04807,Advance Micrófono Modelo 050,"Micrófono Advance, modelo 050, producto para uso general.",3374.62,178,1,2026-07-29 09:00:00,2026-08-27 20:00:00
4808,SKU-04808,TechPro Laptop Modelo 051,"Laptop TechPro, modelo 051, producto para uso general.",15076.00,195,1,2026-07-30 09:00:00,2026-07-30 09:00:00
4809,SKU-04809,TechPro Mouse Modelo 052,"Mouse TechPro, modelo 052, producto para uso general.",277.28,11,1,2026-07-31 09:00:00,2026-08-01 10:00:00
4810,SKU-04810,TechPro Teclado Modelo 053,"Teclado TechPro, modelo 053, producto para uso general.",878.70,28,1,2026-08-01 09:00:00,2026-08-03 11:00:00
4811,SKU-04811,TechPro Monitor Modelo 054,"Monitor TechPro, modelo 054, producto para uso general.",9080.11,45,1,2026-08-02 09:00:00,2026-08-05 12:00:00
4812,SKU-04812,TechPro Audífonos Modelo 055,"Audífonos TechPro, modelo 055, producto para uso general.",481.45,62,1,2026-08-03 09:00:00,2026-08-07 13:00:00
4813,SKU-04813,TechPro Webcam Modelo 056,"Webcam TechPro, modelo 056, producto para uso general.",1982.82,79,1,2026-08-04 09:00:00,2026-08-09 14:00:00
4814,SKU-04814,TechPro Memoria USB Modelo 057,"Memoria USB TechPro, modelo 057, producto para uso general.",344.10,96,1,2026-08-05 09:00:00,2026-08-11 15:00:00
4815,SKU-04815,TechPro Disco SSD Modelo 058,"Disco SSD TechPro, modelo 058, producto para uso general.",3885.58,113,1,2026-08-06 09:00:00,2026-08-13 16:00:00
4816,SKU-04816,TechPro Router Modelo 059,"Router TechPro, modelo 059, producto para uso general.",1386.94,130,1,2026-08-07 09:00:00,2026-08-15 17:00:00
4817,SKU-04817,TechPro Impresora Modelo 060,"Impresora TechPro, modelo 060, producto para uso general.",8388.33,147,1,2026-08-08 09:00:00,2026-08-17 18:00:00
4818,SKU-04818,TechPro Bocina Bluetooth Modelo 061,"Bocina Bluetooth TechPro, modelo 061, producto para uso general.",2339.68,164,1,2026-08-09 09:00:00,2026-08-19 19:00:00
4819,SKU-04819,TechPro Tablet Modelo 062,"Tablet TechPro, modelo 062, producto para uso general.",9091.07,181,1,2026-08-10 09:00:00,2026-08-21 20:00:00
4820,SKU-04820,TechPro Cargador Modelo 063,"Cargador TechPro, modelo 063, producto para uso general.",652.38,198,1,2026-08-11 09:00:00,2026-08-23 09:00:00
4821,SKU-04821,TechPro Cable USB Modelo 064,"Cable USB TechPro, modelo 064, producto para uso general.",373.66,14,1,2026-08-12 09:00:00,2026-08-25 10:00:00
4822,SKU-04822,TechPro Smartwatch Modelo 065,"Smartwatch TechPro, modelo 065, producto para uso general.",3495.17,31,1,2026-08-13 09:00:00,2026-08-27 11:00:00
4823,SKU-04823,TechPro Teclado mecánico Modelo 066,"Teclado mecánico TechPro, modelo 066, producto para uso general.",1896.52,48,1,2026-08-14 09:00:00,2026-08-29 12:00:00
4824,SKU-04824,TechPro Silla de oficina Modelo 067,"Silla de oficina TechPro, modelo 067, producto para uso general.",3197.91,65,1,2026-08-15 09:00:00,2026-08-31 13:00:00
4825,SKU-04825,TechPro Mochila Modelo 068,"Mochila TechPro, modelo 068, producto para uso general.",1799.26,82,1,2026-08-16 09:00:00,2026-09-02 14:00:00
4826,SKU-04826,TechPro Cámara Modelo 069,"Cámara TechPro, modelo 069, producto para uso general.",10100.66,99,1,2026-08-17 09:00:00,2026-09-04 15:00:00
4827,SKU-04827,TechPro Micrófono Modelo 070,"Micrófono TechPro, modelo 070, producto para uso general.",3402.02,116,1,2026-08-18 09:00:00,2026-09-06 16:00:00
4828,SKU-04828,Nova Laptop Modelo 071,"Laptop Nova, modelo 071, producto para uso general.",15103.40,133,1,2026-08-19 09:00:00,2026-09-08 17:00:00
4829,SKU-04829,Nova Mouse Modelo 072,"Mouse Nova, modelo 072, producto para uso general.",304.68,150,1,2026-08-20 09:00:00,2026-09-10 18:00:00
4830,SKU-04830,Nova Teclado Modelo 073,"Teclado Nova, modelo 073, producto para uso general.",906.10,167,1,2026-08-21 09:00:00,2026-09-12 19:00:00
4831,SKU-04831,Nova Monitor Modelo 074,"Monitor Nova, modelo 074, producto para uso general.",9107.51,184,1,2026-08-22 09:00:00,2026-09-14 20:00:00
4832,SKU-04832,Nova Audífonos Modelo 075,"Audífonos Nova, modelo 075, producto para uso general.",508.85,0,0,2026-08-23 09:00:00,2026-09-16 09:00:00
4833,SKU-04833,Nova Webcam Modelo 076,"Webcam Nova, modelo 076, producto para uso general.",2010.22,17,1,2026-08-24 09:00:00,2026-09-18 10:00:00
4834,SKU-04834,Nova Memoria USB Modelo 077,"Memoria USB Nova, modelo 077, producto para uso general.",371.50,34,1,2026-08-25 09:00:00,2026-09-20 11:00:00
4835,SKU-04835,Nova Disco SSD Modelo 078,"Disco SSD Nova, modelo 078, producto para uso general.",3912.98,51,1,2026-08-26 09:00:00,2026-09-22 12:00:00
4836,SKU-04836,Nova Router Modelo 079,"Router Nova, modelo 079, producto para uso general.",1414.34,68,1,2026-08-27 09:00:00,2026-09-24 13:00:00
4837,SKU-04837,Nova Impresora Modelo 080,"Impresora Nova, modelo 080, producto para uso general.",8415.73,85,1,2026-08-28 09:00:00,2026-09-26 14:00:00
4838,SKU-04838,Nova Bocina Bluetooth Modelo 081,"Bocina Bluetooth Nova, modelo 081, producto para uso general.",2367.08,102,1,2026-08-29 09:00:00,2026-08-29 15:00:00
4839,SKU-04839,Nova Tablet Modelo 082,"Tablet Nova, modelo 082, producto para uso general.",9118.47,119,1,2026-08-30 09:00:00,2026-08-31 16:00:00
4840,SKU-04840,Nova Cargador Modelo 083,"Cargador Nova, modelo 083, producto para uso general.",679.78,136,1,2026-08-31 09:00:00,2026-09-02 17:00:00
4841,SKU-04841,Nova Cable USB Modelo 084,"Cable USB Nova, modelo 084, producto para uso general.",401.06,153,1,2026-09-01 09:00:00,2026-09-04 18:00:00
4842,SKU-04842,Nova Smartwatch Modelo 085,"Smartwatch Nova, modelo 085, producto para uso general.",3522.57,170,1,2026-09-02 09:00:00,2026-09-06 19:00:00
4843,SKU-04843,Nova Teclado mecánico Modelo 086,"Teclado mecánico Nova, modelo 086, producto para uso general.",1923.92,187,1,2026-09-03 09:00:00,2026-09-08 20:00:00
4844,SKU-04844,Nova Silla de oficina Modelo 087,"Silla de oficina Nova, modelo 087, producto para uso general.",3225.31,3,1,2026-09-04 09:00:00,2026-09-10 09:00:00
4845,SKU-04845,Nova Mochila Modelo 088,"Mochila Nova, modelo 088, producto para uso general.",1826.66,20,1,2026-09-05 09:00:00,2026-09-12 10:00:00
4846,SKU-04846,Nova Cámara Modelo 089,"Cámara Nova, modelo 089, producto para uso general.",10128.06,37,1,2026-09-06 09:00:00,2026-09-14 11:00:00
4847,SKU-04847,Nova Micrófono Modelo 090,"Micrófono Nova, modelo 090, producto para uso general.",3429.42,54,1,2026-09-07 09:00:00,2026-09-16 12:00:00
4848,SKU-04848,MaxiTech Laptop Modelo 091,"Laptop MaxiTech, modelo 091, producto para uso general.",15130.80,71,1,2026-09-08 09:00:00,2026-09-18 13:00:00
4849,SKU-04849,MaxiTech Mouse Modelo 092,"Mouse MaxiTech, modelo 092, producto para uso general.",332.08,88,1,2026-09-09 09:00:00,2026-09-20 14:00:00
4850,SKU-04850,MaxiTech Teclado Modelo 093,"Teclado MaxiTech, modelo 093, producto para uso general.",933.50,105,1,2026-09-10 09:00:00,2026-09-22 15:00:00
4851,SKU-04851,MaxiTech Monitor Modelo 094,"Monitor MaxiTech, modelo 094, producto para uso general.",9134.91,122,1,2026-09-11 09:00:00,2026-09-24 16:00:00
4852,SKU-04852,MaxiTech Audífonos Modelo 095,"Audífonos MaxiTech, modelo 095, producto para uso general.",536.25,139,1,2026-09-12 09:00:00,2026-09-26 17:00:00
4853,SKU-04853,MaxiTech Webcam Modelo 096,"Webcam MaxiTech, modelo 096, producto para uso general.",2037.62,156,1,2026-09-13 09:00:00,2026-09-28 18:00:00
4854,SKU-04854,MaxiTech Memoria USB Modelo 097,"Memoria USB MaxiTech, modelo 097, producto para uso general.",398.90,173,1,2026-09-14 09:00:00,2026-09-30 19:00:00
4855,SKU-04855,MaxiTech Disco SSD Modelo 098,"Disco SSD MaxiTech, modelo 098, producto para uso general.",3940.38,190,1,2026-09-15 09:00:00,2026-10-02 20:00:00
4856,SKU-04856,MaxiTech Router Modelo 099,"Router MaxiTech, modelo 099, producto para uso general.",1441.74,6,1,2026-09-16 09:00:00,2026-10-04 09:00:00
4857,SKU-04857,MaxiTech Impresora Modelo 100,"Impresora MaxiTech, modelo 100, producto para uso general.",8443.13,23,1,2026-09-17 09:00:00,2026-10-06 10:00:00
4858,SKU-04858,MaxiTech Bocina Bluetooth Modelo 101,"Bocina Bluetooth MaxiTech, modelo 101, producto para uso general.",2394.48,40,1,2026-09-18 09:00:00,2026-10-08 11:00:00
4859,SKU-04859,MaxiTech Tablet Modelo 102,"Tablet MaxiTech, modelo 102, producto para uso general.",9145.87,57,1,2026-09-19 09:00:00,2026-10-10 12:00:00
4860,SKU-04860,MaxiTech Cargador Modelo 103,"Cargador MaxiTech, modelo 103, producto para uso general.",707.18,74,1,2026-09-20 09:00:00,2026-10-12 13:00:00
4861,SKU-04861,MaxiTech Cable USB Modelo 104,"Cable USB MaxiTech, modelo 104, producto para uso general.",428.46,91,1,2026-09-21 09:00:00,2026-10-14 14:00:00
4862,SKU-04862,MaxiTech Smartwatch Modelo 105,"Smartwatch MaxiTech, modelo 105, producto para uso general.",3549.97,108,1,2026-09-22 09:00:00,2026-10-16 15:00:00
4863,SKU-04863,MaxiTech Teclado mecánico Modelo 106,"Teclado mecánico MaxiTech, modelo 106, producto para uso general.",1951.32,125,1,2026-09-23 09:00:00,2026-10-18 16:00:00
4864,SKU-04864,MaxiTech Silla de oficina Modelo 107,"Silla de oficina MaxiTech, modelo 107, producto para uso general.",3252.71,142,1,2026-09-24 09:00:00,2026-10-20 17:00:00
4865,SKU-04865,MaxiTech Mochila Modelo 108,"Mochila MaxiTech, modelo 108, producto para uso general.",1854.06,159,1,2026-09-25 09:00:00,2026-10-22 18:00:00
4866,SKU-04866,MaxiTech Cámara Modelo 109,"Cámara MaxiTech, modelo 109, producto para uso general.",10155.46,176,1,2026-09-26 09:00:00,2026-10-24 19:00:00
4867,SKU-04867,MaxiTech Micrófono Modelo 110,"Micrófono MaxiTech, modelo 110, producto para uso general.",3456.82,193,1,2026-09-27 09:00:00,2026-10-26 20:00:00
4868,SKU-04868,DigitalX Laptop Modelo 111,"Laptop DigitalX, modelo 111, producto para uso general.",15158.20,9,1,2026-01-01 09:00:00,2026-01-01 09:00:00
4869,SKU-04869,DigitalX Mouse Modelo 112,"Mouse DigitalX, modelo 112, producto para uso general.",359.48,26,1,2026-01-02 09:00:00,2026-01-03 10:00:00
4870,SKU-04870,DigitalX Teclado Modelo 113,"Teclado DigitalX, modelo 113, producto para uso general.",960.90,43,1,2026-01-03 09:00:00,2026-01-05 11:00:00
4871,SKU-04871,DigitalX Monitor Modelo 114,"Monitor DigitalX, modelo 114, producto para uso general.",9162.31,60,1,2026-01-04 09:00:00,2026-01-07 12:00:00
4872,SKU-04872,DigitalX Audífonos Modelo 115,"Audífonos DigitalX, modelo 115, producto para uso general.",563.65,77,1,2026-01-05 09:00:00,2026-01-09 13:00:00
4873,SKU-04873,DigitalX Webcam Modelo 116,"Webcam DigitalX, modelo 116, producto para uso general.",2065.02,94,1,2026-01-06 09:00:00,2026-01-11 14:00:00
4874,SKU-04874,DigitalX Memoria USB Modelo 117,"Memoria USB DigitalX, modelo 117, producto para uso general.",426.30,111,1,2026-01-07 09:00:00,2026-01-13 15:00:00
4875,SKU-04875,DigitalX Disco SSD Modelo 118,"Disco SSD DigitalX, modelo 118, producto para uso general.",3967.78,128,1,2026-01-08 09:00:00,2026-01-15 16:00:00
4876,SKU-04876,DigitalX Router Modelo 119,"Router DigitalX, modelo 119, producto para uso general.",1469.14,145,1,2026-01-09 09:00:00,2026-01-17 17:00:00
4877,SKU-04877,DigitalX Impresora Modelo 120,"Impresora DigitalX, modelo 120, producto para uso general.",8470.53,162,1,2026-01-10 09:00:00,2026-01-19 18:00:00
4878,SKU-04878,DigitalX Bocina Bluetooth Modelo 121,"Bocina Bluetooth DigitalX, modelo 121, producto para uso general.",2421.88,179,1,2026-01-11 09:00:00,2026-01-21 19:00:00
4879,SKU-04879,DigitalX Tablet Modelo 122,"Tablet DigitalX, modelo 122, producto para uso general.",9173.27,196,1,2026-01-12 09:00:00,2026-01-23 20:00:00
4880,SKU-04880,DigitalX Cargador Modelo 123,"Cargador DigitalX, modelo 123, producto para uso general.",734.58,12,1,2026-01-13 09:00:00,2026-01-25 09:00:00
4881,SKU-04881,DigitalX Cable USB Modelo 124,"Cable USB DigitalX, modelo 124, producto para uso general.",455.86,29,1,2026-01-14 09:00:00,2026-01-27 10:00:00
4882,SKU-04882,DigitalX Smartwatch Modelo 125,"Smartwatch DigitalX, modelo 125, producto para uso general.",3577.37,46,1,2026-01-15 09:00:00,2026-01-29 11:00:00
4883,SKU-04883,DigitalX Teclado mecánico Modelo 126,"Teclado mecánico DigitalX, modelo 126, producto para uso general.",1978.72,63,1,2026-01-16 09:00:00,2026-01-31 12:00:00
4884,SKU-04884,DigitalX Silla de oficina Modelo 127,"Silla de oficina DigitalX, modelo 127, producto para uso general.",3280.11,80,1,2026-01-17 09:00:00,2026-02-02 13:00:00
4885,SKU-04885,DigitalX Mochila Modelo 128,"Mochila DigitalX, modelo 128, producto para uso general.",1881.46,97,1,2026-01-18 09:00:00,2026-02-04 14:00:00
4886,SKU-04886,DigitalX Cámara Modelo 129,"Cámara DigitalX, modelo 129, producto para uso general.",10182.86,114,1,2026-01-19 09:00:00,2026-02-06 15:00:00
4887,SKU-04887,DigitalX Micrófono Modelo 130,"Micrófono DigitalX, modelo 130, producto para uso general.",3484.22,131,1,2026-01-20 09:00:00,2026-02-08 16:00:00
4888,SKU-04888,SmartOne Laptop Modelo 131,"Laptop SmartOne, modelo 131, producto para uso general.",15185.60,148,1,2026-01-21 09:00:00,2026-02-10 17:00:00
4889,SKU-04889,SmartOne Mouse Modelo 132,"Mouse SmartOne, modelo 132, producto para uso general.",386.88,165,1,2026-01-22 09:00:00,2026-02-12 18:00:00
4890,SKU-04890,SmartOne Teclado Modelo 133,"Teclado SmartOne, modelo 133, producto para uso general.",988.30,182,1,2026-01-23 09:00:00,2026-02-14 19:00:00
4891,SKU-04891,SmartOne Monitor Modelo 134,"Monitor SmartOne, modelo 134, producto para uso general.",9189.71,199,1,2026-01-24 09:00:00,2026-02-16 20:00:00
4892,SKU-04892,SmartOne Audífonos Modelo 135,"Audífonos SmartOne, modelo 135, producto para uso general.",591.05,15,1,2026-01-25 09:00:00,2026-02-18 09:00:00
4893,SKU-04893,SmartOne Webcam Modelo 136,"Webcam SmartOne, modelo 136, producto para uso general.",2092.42,32,1,2026-01-26 09:00:00,2026-02-20 10:00:00
4894,SKU-04894,SmartOne Memoria USB Modelo 137,"Memoria USB SmartOne, modelo 137, producto para uso general.",453.70,49,1,2026-01-27 09:00:00,2026-02-22 11:00:00
4895,SKU-04895,SmartOne Disco SSD Modelo 138,"Disco SSD SmartOne, modelo 138, producto para uso general.",3995.18,66,1,2026-01-28 09:00:00,2026-02-24 12:00:00
4896,SKU-04896,SmartOne Router Modelo 139,"Router SmartOne, modelo 139, producto para uso general.",1496.54,83,1,2026-01-29 09:00:00,2026-02-26 13:00:00
4897,SKU-04897,SmartOne Impresora Modelo 140,"Impresora SmartOne, modelo 140, producto para uso general.",8497.93,100,1,2026-01-30 09:00:00,2026-02-28 14:00:00
4898,SKU-04898,SmartOne Bocina Bluetooth Modelo 141,"Bocina Bluetooth SmartOne, modelo 141, producto para uso general.",2449.28,117,1,2026-01-31 09:00:00,2026-01-31 15:00:00
4899,SKU-04899,SmartOne Tablet Modelo 142,"Tablet SmartOne, modelo 142, producto para uso general.",9200.67,134,1,2026-02-01 09:00:00,2026-02-02 16:00:00
4900,SKU-04900,SmartOne Cargador Modelo 143,"Cargador SmartOne, modelo 143, producto para uso general.",761.98,151,1,2026-02-02 09:00:00,2026-02-04 17:00:00
4901,SKU-04901,SmartOne Cable USB Modelo 144,"Cable USB SmartOne, modelo 144, producto para uso general.",483.26,168,1,2026-02-03 09:00:00,2026-02-06 18:00:00
4902,SKU-04902,SmartOne Smartwatch Modelo 145,"Smartwatch SmartOne, modelo 145, producto para uso general.",3604.77,185,1,2026-02-04 09:00:00,2026-02-08 19:00:00
4903,SKU-04903,SmartOne Teclado mecánico Modelo 146,"Teclado mecánico SmartOne, modelo 146, producto para uso general.",2006.12,1,1,2026-02-05 09:00:00,2026-02-10 20:00:00
4904,SKU-04904,SmartOne Silla de oficina Modelo 147,"Silla de oficina SmartOne, modelo 147, producto para uso general.",3307.51,18,1,2026-02-06 09:00:00,2026-02-12 09:00:00
4905,SKU-04905,SmartOne Mochila Modelo 148,"Mochila SmartOne, modelo 148, producto para uso general.",1908.86,35,1,2026-02-07 09:00:00,2026-02-14 10:00:00
4906,SKU-04906,SmartOne Cámara Modelo 149,"Cámara SmartOne, modelo 149, producto para uso general.",10210.26,52,1,2026-02-08 09:00:00,2026-02-16 11:00:00
4907,SKU-04907,SmartOne Micrófono Modelo 150,"Micrófono SmartOne, modelo 150, producto para uso general.",3511.62,69,1,2026-02-09 09:00:00,2026-02-18 12:00:00
4908,SKU-04908,ProLine Laptop Modelo 151,"Laptop ProLine, modelo 151, producto para uso general.",15213.00,86,1,2026-02-10 09:00:00,2026-02-20 13:00:00
4909,SKU-04909,ProLine Mouse Modelo 152,"Mouse ProLine, modelo 152, producto para uso general.",414.28,103,1,2026-02-11 09:00:00,2026-02-22 14:00:00
4910,SKU-04910,ProLine Teclado Modelo 153,"Teclado ProLine, modelo 153, producto para uso general.",1015.70,120,1,2026-02-12 09:00:00,2026-02-24 15:00:00
4911,SKU-04911,ProLine Monitor Modelo 154,"Monitor ProLine, modelo 154, producto para uso general.",9217.11,137,1,2026-02-13 09:00:00,2026-02-26 16:00:00
4912,SKU-04912,ProLine Audífonos Modelo 155,"Audífonos ProLine, modelo 155, producto para uso general.",618.45,154,1,2026-02-14 09:00:00,2026-02-28 17:00:00
4913,SKU-04913,ProLine Webcam Modelo 156,"Webcam ProLine, modelo 156, producto para uso general.",2119.82,171,1,2026-02-15 09:00:00,2026-03-02 18:00:00
4914,SKU-04914,ProLine Memoria USB Modelo 157,"Memoria USB ProLine, modelo 157, producto para uso general.",481.10,188,1,2026-02-16 09:00:00,2026-03-04 19:00:00
4915,SKU-04915,ProLine Disco SSD Modelo 158,"Disco SSD ProLine, modelo 158, producto para uso general.",4022.58,4,1,2026-02-17 09:00:00,2026-03-06 20:00:00
4916,SKU-04916,ProLine Router Modelo 159,"Router ProLine, modelo 159, producto para uso general.",1523.94,21,1,2026-02-18 09:00:00,2026-03-08 09:00:00
4917,SKU-04917,ProLine Impresora Modelo 160,"Impresora ProLine, modelo 160, producto para uso general.",1825.32,38,1,2026-02-19 09:00:00,2026-03-10 10:00:00
4918,SKU-04918,ProLine Bocina Bluetooth Modelo 161,"Bocina Bluetooth ProLine, modelo 161, producto para uso general.",2476.68,55,1,2026-02-20 09:00:00,2026-03-12 11:00:00
4919,SKU-04919,ProLine Tablet Modelo 162,"Tablet ProLine, modelo 162, producto para uso general.",9228.07,72,1,2026-02-21 09:00:00,2026-03-14 12:00:00
4920,SKU-04920,ProLine Cargador Modelo 163,"Cargador ProLine, modelo 163, producto para uso general.",789.38,89,1,2026-02-22 09:00:00,2026-03-16 13:00:00
4921,SKU-04921,ProLine Cable USB Modelo 164,"Cable USB ProLine, modelo 164, producto para uso general.",90.65,106,1,2026-02-23 09:00:00,2026-03-18 14:00:00
4922,SKU-04922,ProLine Smartwatch Modelo 165,"Smartwatch ProLine, modelo 165, producto para uso general.",3632.17,123,1,2026-02-24 09:00:00,2026-03-20 15:00:00
4923,SKU-04923,ProLine Teclado mecánico Modelo 166,"Teclado mecánico ProLine, modelo 166, producto para uso general.",2033.52,140,1,2026-02-25 09:00:00,2026-03-22 16:00:00
4924,SKU-04924,ProLine Silla de oficina Modelo 167,"Silla de oficina ProLine, modelo 167, producto para uso general.",3334.91,157,1,2026-02-26 09:00:00,2026-03-24 17:00:00
4925,SKU-04925,ProLine Mochila Modelo 168,"Mochila ProLine, modelo 168, producto para uso general.",1936.26,174,1,2026-02-27 09:00:00,2026-03-26 18:00:00
4926,SKU-04926,ProLine Cámara Modelo 169,"Cámara ProLine, modelo 169, producto para uso general.",10237.66,191,1,2026-02-28 09:00:00,2026-03-28 19:00:00
4927,SKU-04927,ProLine Micrófono Modelo 170,"Micrófono ProLine, modelo 170, producto para uso general.",3539.02,7,1,2026-03-01 09:00:00,2026-03-30 20:00:00
4928,SKU-04928,Ultra Laptop Modelo 171,"Laptop Ultra, modelo 171, producto para uso general.",15240.40,24,1,2026-03-02 09:00:00,2026-03-02 09:00:00
4929,SKU-04929,Ultra Mouse Modelo 172,"Mouse Ultra, modelo 172, producto para uso general.",441.68,41,1,2026-03-03 09:00:00,2026-03-04 10:00:00
4930,SKU-04930,Ultra Teclado Modelo 173,"Teclado Ultra, modelo 173, producto para uso general.",1043.10,58,1,2026-03-04 09:00:00,2026-03-06 11:00:00
4931,SKU-04931,Ultra Monitor Modelo 174,"Monitor Ultra, modelo 174, producto para uso general.",9244.51,75,1,2026-03-05 09:00:00,2026-03-08 12:00:00
4932,SKU-04932,Ultra Audífonos Modelo 175,"Audífonos Ultra, modelo 175, producto para uso general.",645.85,92,1,2026-03-06 09:00:00,2026-03-10 13:00:00
4933,SKU-04933,Ultra Webcam Modelo 176,"Webcam Ultra, modelo 176, producto para uso general.",2147.22,109,1,2026-03-07 09:00:00,2026-03-12 14:00:00
4934,SKU-04934,Ultra Memoria USB Modelo 177,"Memoria USB Ultra, modelo 177, producto para uso general.",508.50,126,1,2026-03-08 09:00:00,2026-03-14 15:00:00
4935,SKU-04935,Ultra Disco SSD Modelo 178,"Disco SSD Ultra, modelo 178, producto para uso general.",4049.98,143,1,2026-03-09 09:00:00,2026-03-16 16:00:00
4936,SKU-04936,Ultra Router Modelo 179,"Router Ultra, modelo 179, producto para uso general.",1551.34,160,1,2026-03-10 09:00:00,2026-03-18 17:00:00
4937,SKU-04937,Ultra Impresora Modelo 180,"Impresora Ultra, modelo 180, producto para uso general.",1852.72,177,1,2026-03-11 09:00:00,2026-03-20 18:00:00
4938,SKU-04938,Ultra Bocina Bluetooth Modelo 181,"Bocina Bluetooth Ultra, modelo 181, producto para uso general.",2504.08,194,1,2026-03-12 09:00:00,2026-03-22 19:00:00
4939,SKU-04939,Ultra Tablet Modelo 182,"Tablet Ultra, modelo 182, producto para uso general.",9255.47,10,1,2026-03-13 09:00:00,2026-03-24 20:00:00
4940,SKU-04940,Ultra Cargador Modelo 183,"Cargador Ultra, modelo 183, producto para uso general.",816.78,27,1,2026-03-14 09:00:00,2026-03-26 09:00:00
4941,SKU-04941,Ultra Cable USB Modelo 184,"Cable USB Ultra, modelo 184, producto para uso general.",118.05,44,1,2026-03-15 09:00:00,2026-03-28 10:00:00
4942,SKU-04942,Ultra Smartwatch Modelo 185,"Smartwatch Ultra, modelo 185, producto para uso general.",3659.57,61,1,2026-03-16 09:00:00,2026-03-30 11:00:00
4943,SKU-04943,Ultra Teclado mecánico Modelo 186,"Teclado mecánico Ultra, modelo 186, producto para uso general.",2060.92,78,1,2026-03-17 09:00:00,2026-04-01 12:00:00
4944,SKU-04944,Ultra Silla de oficina Modelo 187,"Silla de oficina Ultra, modelo 187, producto para uso general.",3362.31,95,1,2026-03-18 09:00:00,2026-04-03 13:00:00
4945,SKU-04945,Ultra Mochila Modelo 188,"Mochila Ultra, modelo 188, producto para uso general.",1963.66,112,1,2026-03-19 09:00:00,2026-04-05 14:00:00
4946,SKU-04946,Ultra Cámara Modelo 189,"Cámara Ultra, modelo 189, producto para uso general.",10265.06,129,1,2026-03-20 09:00:00,2026-04-07 15:00:00
4947,SKU-04947,Ultra Micrófono Modelo 190,"Micrófono Ultra, modelo 190, producto para uso general.",3566.42,146,1,2026-03-21 09:00:00,2026-04-09 16:00:00
4948,SKU-04948,Vision Laptop Modelo 191,"Laptop Vision, modelo 191, producto para uso general.",15267.80,163,1,2026-03-22 09:00:00,2026-04-11 17:00:00
4949,SKU-04949,Vision Mouse Modelo 192,"Mouse Vision, modelo 192, producto para uso general.",469.08,180,1,2026-03-23 09:00:00,2026-04-13 18:00:00
4950,SKU-04950,Vision Teclado Modelo 193,"Teclado Vision, modelo 193, producto para uso general.",1070.50,197,1,2026-03-24 09:00:00,2026-04-15 19:00:00
4951,SKU-04951,Vision Monitor Modelo 194,"Monitor Vision, modelo 194, producto para uso general.",9271.91,13,1,2026-03-25 09:00:00,2026-04-17 20:00:00
4952,SKU-04952,Vision Audífonos Modelo 195,"Audífonos Vision, modelo 195, producto para uso general.",673.25,30,1,2026-03-26 09:00:00,2026-04-19 09:00:00
4953,SKU-04953,Vision Webcam Modelo 196,"Webcam Vision, modelo 196, producto para uso general.",2174.62,47,1,2026-03-27 09:00:00,2026-04-21 10:00:00
4954,SKU-04954,Vision Memoria USB Modelo 197,"Memoria USB Vision, modelo 197, producto para uso general.",535.90,64,1,2026-03-28 09:00:00,2026-04-23 11:00:00
4955,SKU-04955,Vision Disco SSD Modelo 198,"Disco SSD Vision, modelo 198, producto para uso general.",4077.38,81,1,2026-03-29 09:00:00,2026-04-25 12:00:00
4956,SKU-04956,Vision Router Modelo 199,"Router Vision, modelo 199, producto para uso general.",1578.74,98,1,2026-03-30 09:00:00,2026-04-27 13:00:00
4957,SKU-04957,Vision Impresora Modelo 200,"Impresora Vision, modelo 200, producto para uso general.",1880.12,115,1,2026-03-31 09:00:00,2026-04-29 14:00:00
4958,SKU-04958,Vision Bocina Bluetooth Modelo 201,"Bocina Bluetooth Vision, modelo 201, producto para uso general.",2531.48,132,1,2026-04-01 09:00:00,2026-04-01 15:00:00
4959,SKU-04959,Vision Tablet Modelo 202,"Tablet Vision, modelo 202, producto para uso general.",9282.87,149,1,2026-04-02 09:00:00,2026-04-03 16:00:00
4960,SKU-04960,Vision Cargador Modelo 203,"Cargador Vision, modelo 203, producto para uso general.",844.18,166,1,2026-04-03 09:00:00,2026-04-05 17:00:00
4961,SKU-04961,Vision Cable USB Modelo 204,"Cable USB Vision, modelo 204, producto para uso general.",145.45,183,1,2026-04-04 09:00:00,2026-04-07 18:00:00
4962,SKU-04962,Vision Smartwatch Modelo 205,"Smartwatch Vision, modelo 205, producto para uso general.",3686.97,200,1,2026-04-05 09:00:00,2026-04-09 19:00:00
4963,SKU-04963,Vision Teclado mecánico Modelo 206,"Teclado mecánico Vision, modelo 206, producto para uso general.",2088.32,16,1,2026-04-06 09:00:00,2026-04-11 20:00:00
4964,SKU-04964,Vision Silla de oficina Modelo 207,"Silla de oficina Vision, modelo 207, producto para uso general.",3389.71,33,1,2026-04-07 09:00:00,2026-04-13 09:00:00
4965,SKU-04965,Vision Mochila Modelo 208,"Mochila Vision, modelo 208, producto para uso general.",1991.06,50,1,2026-04-08 09:00:00,2026-04-15 10:00:00
4966,SKU-04966,Vision Cámara Modelo 209,"Cámara Vision, modelo 209, producto para uso general.",10292.46,67,1,2026-04-09 09:00:00,2026-04-17 11:00:00
4967,SKU-04967,Vision Micrófono Modelo 210,"Micrófono Vision, modelo 210, producto para uso general.",3593.82,84,1,2026-04-10 09:00:00,2026-04-19 12:00:00
4968,SKU-04968,Connect Laptop Modelo 211,"Laptop Connect, modelo 211, producto para uso general.",15295.20,101,1,2026-04-11 09:00:00,2026-04-21 13:00:00
4969,SKU-04969,Connect Mouse Modelo 212,"Mouse Connect, modelo 212, producto para uso general.",496.48,118,1,2026-04-12 09:00:00,2026-04-23 14:00:00
4970,SKU-04970,Connect Teclado Modelo 213,"Teclado Connect, modelo 213, producto para uso general.",1097.90,135,1,2026-04-13 09:00:00,2026-04-25 15:00:00
4971,SKU-04971,Connect Monitor Modelo 214,"Monitor Connect, modelo 214, producto para uso general.",9299.31,152,1,2026-04-14 09:00:00,2026-04-27 16:00:00
4972,SKU-04972,Connect Audífonos Modelo 215,"Audífonos Connect, modelo 215, producto para uso general.",700.65,169,1,2026-04-15 09:00:00,2026-04-29 17:00:00
4973,SKU-04973,Connect Webcam Modelo 216,"Webcam Connect, modelo 216, producto para uso general.",502.01,186,1,2026-04-16 09:00:00,2026-05-01 18:00:00
4974,SKU-04974,Connect Memoria USB Modelo 217,"Memoria USB Connect, modelo 217, producto para uso general.",563.30,2,1,2026-04-17 09:00:00,2026-05-03 19:00:00
4975,SKU-04975,Connect Disco SSD Modelo 218,"Disco SSD Connect, modelo 218, producto para uso general.",4104.78,19,1,2026-04-18 09:00:00,2026-05-05 20:00:00
4976,SKU-04976,Connect Router Modelo 219,"Router Connect, modelo 219, producto para uso general.",1606.14,36,1,2026-04-19 09:00:00,2026-05-07 09:00:00
4977,SKU-04977,Connect Impresora Modelo 220,"Impresora Connect, modelo 220, producto para uso general.",1907.52,53,1,2026-04-20 09:00:00,2026-05-09 10:00:00
4978,SKU-04978,Connect Bocina Bluetooth Modelo 221,"Bocina Bluetooth Connect, modelo 221, producto para uso general.",2558.88,70,1,2026-04-21 09:00:00,2026-05-11 11:00:00
4979,SKU-04979,Connect Tablet Modelo 222,"Tablet Connect, modelo 222, producto para uso general.",9310.27,87,1,2026-04-22 09:00:00,2026-05-13 12:00:00
4980,SKU-04980,Connect Cargador Modelo 223,"Cargador Connect, modelo 223, producto para uso general.",871.58,104,1,2026-04-23 09:00:00,2026-05-15 13:00:00
4981,SKU-04981,Connect Cable USB Modelo 224,"Cable USB Connect, modelo 224, producto para uso general.",172.85,121,1,2026-04-24 09:00:00,2026-05-17 14:00:00
4982,SKU-04982,Connect Smartwatch Modelo 225,"Smartwatch Connect, modelo 225, producto para uso general.",3714.37,138,1,2026-04-25 09:00:00,2026-05-19 15:00:00
4983,SKU-04983,Connect Teclado mecánico Modelo 226,"Teclado mecánico Connect, modelo 226, producto para uso general.",2115.72,155,1,2026-04-26 09:00:00,2026-05-21 16:00:00
4984,SKU-04984,Connect Silla de oficina Modelo 227,"Silla de oficina Connect, modelo 227, producto para uso general.",3417.11,172,1,2026-04-27 09:00:00,2026-05-23 17:00:00
4985,SKU-04985,Connect Mochila Modelo 228,"Mochila Connect, modelo 228, producto para uso general.",2018.46,189,1,2026-04-28 09:00:00,2026-05-25 18:00:00
4986,SKU-04986,Connect Cámara Modelo 229,"Cámara Connect, modelo 229, producto para uso general.",10319.86,5,1,2026-04-29 09:00:00,2026-05-27 19:00:00
4987,SKU-04987,Connect Micrófono Modelo 230,"Micrófono Connect, modelo 230, producto para uso general.",3621.22,22,1,2026-04-30 09:00:00,2026-05-29 20:00:00
4988,SKU-04988,Advance Laptop Modelo 231,"Laptop Advance, modelo 231, producto para uso general.",15322.60,39,1,2026-05-01 09:00:00,2026-05-01 09:00:00
4989,SKU-04989,Advance Mouse Modelo 232,"Mouse Advance, modelo 232, producto para uso general.",523.88,56,1,2026-05-02 09:00:00,2026-05-03 10:00:00
4990,SKU-04990,Advance Teclado Modelo 233,"Teclado Advance, modelo 233, producto para uso general.",1125.30,73,1,2026-05-03 09:00:00,2026-05-05 11:00:00
4991,SKU-04991,Advance Monitor Modelo 234,"Monitor Advance, modelo 234, producto para uso general.",9326.71,90,1,2026-05-04 09:00:00,2026-05-07 12:00:00
4992,SKU-04992,Advance Audífonos Modelo 235,"Audífonos Advance, modelo 235, producto para uso general.",728.05,107,1,2026-05-05 09:00:00,2026-05-09 13:00:00
4993,SKU-04993,Advance Webcam Modelo 236,"Webcam Advance, modelo 236, producto para uso general.",529.41,124,1,2026-05-06 09:00:00,2026-05-11 14:00:00
4994,SKU-04994,Advance Memoria USB Modelo 237,"Memoria USB Advance, modelo 237, producto para uso general.",590.70,141,1,2026-05-07 09:00:00,2026-05-13 15:00:00
4995,SKU-04995,Advance Disco SSD Modelo 238,"Disco SSD Advance, modelo 238, producto para uso general.",4132.18,158,1,2026-05-08 09:00:00,2026-05-15 16:00:00
4996,SKU-04996,Advance Router Modelo 239,"Router Advance, modelo 239, producto para uso general.",1633.54,175,1,2026-05-09 09:00:00,2026-05-17 17:00:00
4997,SKU-04997,Advance Impresora Modelo 240,"Impresora Advance, modelo 240, producto para uso general.",1934.92,192,1,2026-05-10 09:00:00,2026-05-19 18:00:00
4998,SKU-04998,Advance Bocina Bluetooth Modelo 241,"Bocina Bluetooth Advance, modelo 241, producto para uso general.",2586.28,8,1,2026-05-11 09:00:00,2026-05-21 19:00:00
4999,SKU-04999,Advance Tablet Modelo 242,"Tablet Advance, modelo 242, producto para uso general.",9337.67,25,1,2026-05-12 09:00:00,2026-05-23 20:00:00
5000,SKU-05000,Advance Cargador Modelo 243,"Cargador Advance, modelo 243, producto para uso general.",898.98,42,1,2026-05-13 09:00:00,2026-05-25 09:00:00
5001,SKU-05001,Advance Cable USB Modelo 244,"Cable USB Advance, modelo 244, producto para uso general.",200.25,59,1,2026-05-14 09:00:00,2026-05-27 10:00:00
5002,SKU-05002,Advance Smartwatch Modelo 245,"Smartwatch Advance, modelo 245, producto para uso general.",3741.77,76,1,2026-05-15 09:00:00,2026-05-29 11:00:00
5003,SKU-05003,Advance Teclado mecánico Modelo 246,"Teclado mecánico Advance, modelo 246, producto para uso general.",2143.12,93,1,2026-05-16 09:00:00,2026-05-31 12:00:00
5004,SKU-05004,Advance Silla de oficina Modelo 247,"Silla de oficina Advance, modelo 247, producto para uso general.",3444.51,110,1,2026-05-17 09:00:00,2026-06-02 13:00:00
5005,SKU-05005,Advance Mochila Modelo 248,"Mochila Advance, modelo 248, producto para uso general.",2045.86,127,1,2026-05-18 09:00:00,2026-06-04 14:00:00
5006,SKU-05006,Advance Cámara Modelo 249,"Cámara Advance, modelo 249, producto para uso general.",10347.26,144,1,2026-05-19 09:00:00,2026-06-06 15:00:00
5007,SKU-05007,Advance Micrófono Modelo 250,"Micrófono Advance, modelo 250, producto para uso general.",3648.62,161,1,2026-05-20 09:00:00,2026-06-08 16:00:00
